function	width	library	scale	nanos	min	max
acos	18	decimal-scaled	17	72326	230	154310
acos	18	g_math	17	468991	3206	975472
acos	38	decimal-scaled	17	72556	260	151024
acos	38	decimal-scaled	28	85451	380	221837
acos	38	decimal-scaled	37	104016	401	272262
acos	38	g_math	17	465971	3176	620626
acos	38	g_math	28	467548	3186	697129
acos	38	g_math	37	465760	3177	825309
acos	57	decimal-scaled	17	9638	5630	49532
acos	57	decimal-scaled	28	12974	7914	43030
acos	57	decimal-scaled	37	16591	10690	48350
acos	57	g_math	17	465794	3195	630947
acos	57	g_math	28	466360	3197	623544
acos	57	g_math	37	466376	3166	832193
acos	76	decimal-scaled	17	9708	5611	51386
acos	76	decimal-scaled	28	13225	8145	45005
acos	76	decimal-scaled	37	16691	10750	58019
acos	76	g_math	17	469038	3186	725467
acos	76	g_math	28	468738	3246	629578
acos	76	g_math	37	468046	3216	634277
acos	115	decimal-scaled	17	16995	10065	2083625
acos	115	decimal-scaled	28	22213	12939	3046610
acos	115	decimal-scaled	37	27901	17546	10049767
acos	115	g_math	17	1011602	5708	14987486
acos	115	g_math	28	1010466	5728	15674436
acos	115	g_math	37	1016340	5718	12619994
acos	153	decimal-scaled	17	18064	11141	80730
acos	153	decimal-scaled	28	23414	14157	4952437
acos	153	decimal-scaled	37	29095	18735	10052446
acos	153	decimal-scaled	152	110726	54552	9128276
acos	153	g_math	17	957494	5790	10084904
acos	153	g_math	28	965714	5891	9926657
acos	153	g_math	37	950476	5881	18645318
acos	153	g_math	152	959686	5801	9659383
acos	230	decimal-scaled	17	19196	11551	1435640
acos	230	decimal-scaled	28	25097	15178	10045099
acos	230	decimal-scaled	37	30818	19447	11048871
acos	230	decimal-scaled	152	112454	55453	12137930
acos	230	g_math	17	957546	5670	9956384
acos	230	g_math	28	943560	5891	13063350
acos	230	g_math	37	943686	5971	11897932
acos	230	g_math	152	957397	5810	10094115
acos	307	decimal-scaled	17	11968	7269	1984047
acos	307	decimal-scaled	28	15580	9165	7401157
acos	307	decimal-scaled	37	19181	11845	198567
acos	307	decimal-scaled	152	78972	38186	12094527
acos	307	g_math	17	363508	1916	14297528
acos	307	g_math	28	366051	1738	9438430
acos	307	g_math	37	394448	2429	17422425
acos	307	g_math	152	360650	1992	14432360
acos	462	decimal-scaled	17	14050	9125	1898552
acos	462	decimal-scaled	28	18331	11231	9029357
acos	462	decimal-scaled	37	22660	14695	193003
acos	462	decimal-scaled	152	75510	38934	15088963
acos	462	g_math	17	362377	1950	9445955
acos	462	g_math	28	363960	2155	8317189
acos	462	g_math	37	362278	2189	9437678
acos	462	g_math	152	363812	1898	9423687
acos	616	decimal-scaled	17	26149	18515	5678785
acos	616	decimal-scaled	28	34275	22141	12052648
acos	616	decimal-scaled	37	42610	27041	12062285
acos	616	decimal-scaled	152	130004	70202	15149981
acos	616	g_math	17	967167	5911	11913405
acos	616	g_math	28	967823	5992	17642245
acos	616	g_math	37	964596	5831	11833045
acos	616	g_math	152	950064	5791	9667044
acos	924	decimal-scaled	17	33683	29956	242693
acos	924	decimal-scaled	28	42490	31499	12063234
acos	924	decimal-scaled	37	56325	43822	12074351
acos	924	decimal-scaled	152	149880	75300	17171823
acos	924	g_math	17	969647	5801	9638295
acos	924	g_math	28	966196	5880	10077210
acos	924	g_math	37	962394	5940	10115170
acos	924	g_math	152	964893	5831	7071931
acos	1232	decimal-scaled	17	36624	21233	222860
acos	1232	decimal-scaled	28	43712	27451	12050094
acos	1232	decimal-scaled	37	59796	33687	12075886
acos	1232	decimal-scaled	152	148204	93212	9169936
acos	1232	g_math	17	437441	2589	14359851
acos	1232	g_math	28	449172	2474	11218446
acos	1232	g_math	37	510916	3024	9500621
acos	1232	g_math	152	463088	2284	10537841
acosh	18	decimal-scaled	17	32816	621	48191
acosh	18	g_math	17	261068	691	531845
acosh	38	decimal-scaled	17	51522	381	79279
acosh	38	decimal-scaled	28	58976	471	79679
acosh	38	decimal-scaled	37	51587	571	106059
acosh	38	g_math	17	257720	671	508226
acosh	38	g_math	28	257548	691	517121
acosh	38	g_math	37	257418	641	541336
acosh	57	decimal-scaled	17	41372	2935	57217
acosh	57	decimal-scaled	28	53194	3506	82554
acosh	57	decimal-scaled	37	58394	3146	75521
acosh	57	g_math	17	260241	701	552792
acosh	57	g_math	28	260892	681	508670
acosh	57	g_math	37	257901	671	513508
acosh	76	decimal-scaled	17	42119	3216	55964
acosh	76	decimal-scaled	28	54397	3126	82865
acosh	76	decimal-scaled	37	59457	3266	93495
acosh	76	g_math	17	256705	782	548547
acosh	76	g_math	28	259852	742	694990
acosh	76	g_math	37	256294	671	504753
acosh	115	decimal-scaled	17	70800	8442	9273742
acosh	115	decimal-scaled	28	126477	8363	6146859
acosh	115	decimal-scaled	37	153542	10456	17168486
acosh	115	g_math	17	558572	1082	12990970
acosh	115	g_math	28	550180	1011	10429493
acosh	115	g_math	37	553760	1092	12990974
acosh	153	decimal-scaled	17	70782	4688	8092385
acosh	153	decimal-scaled	28	125398	10539	17151274
acosh	153	decimal-scaled	37	151477	6472	12171445
acosh	153	decimal-scaled	152	277046	14557	10267025
acosh	153	g_math	17	537036	1163	12366179
acosh	153	g_math	28	547514	1102	15286718
acosh	153	g_math	37	540512	1173	9335408
acosh	153	g_math	152	531259	1292	15362391
acosh	230	decimal-scaled	17	71378	9067	6093746
acosh	230	decimal-scaled	28	125364	9858	14147663
acosh	230	decimal-scaled	37	152850	9949	15174820
acosh	230	decimal-scaled	152	773610	14557	18448763
acosh	230	g_math	17	533372	1232	12392427
acosh	230	g_math	28	586978	1273	9755685
acosh	230	g_math	37	527977	1262	12839024
acosh	230	g_math	152	565783	1173	8577192
acosh	307	decimal-scaled	17	42812	4094	5050132
acosh	307	decimal-scaled	28	76056	5634	12120526
acosh	307	decimal-scaled	37	92558	6502	12107614
acosh	307	decimal-scaled	152	533423	11901	18402507
acosh	307	g_math	17	200761	569	15179798
acosh	307	g_math	28	208094	656	13182677
acosh	307	g_math	37	236359	823	12395004
acosh	307	g_math	152	206416	523	15348759
acosh	462	decimal-scaled	17	45287	6315	6056550
acosh	462	decimal-scaled	28	78687	9030	12091632
acosh	462	decimal-scaled	37	95166	9416	15103154
acosh	462	decimal-scaled	152	476670	13789	15482669
acosh	462	g_math	17	199142	544	12370525
acosh	462	g_math	28	202422	609	15201895
acosh	462	g_math	37	201248	671	9247227
acosh	462	g_math	152	206420	653	17167295
acosh	616	decimal-scaled	17	78923	17273	6103653
acosh	616	decimal-scaled	28	135489	17493	15161737
acosh	616	decimal-scaled	37	162931	19447	12195966
acosh	616	decimal-scaled	152	791362	28614	12814456
acosh	616	g_math	17	538898	1262	11753035
acosh	616	g_math	28	542238	1091	9428115
acosh	616	g_math	37	548414	942	10596350
acosh	616	g_math	152	543706	1112	15406812
acosh	924	decimal-scaled	17	88605	31288	6110699
acosh	924	decimal-scaled	28	146829	28233	12175433
acosh	924	decimal-scaled	37	176394	32130	13129371
acosh	924	decimal-scaled	152	806168	44563	12539741
acosh	924	g_math	17	547751	1131	9419225
acosh	924	g_math	28	537271	1213	15380211
acosh	924	g_math	37	537537	1122	15378268
acosh	924	g_math	152	553056	1022	11488543
acosh	1232	decimal-scaled	17	76014	29639	9093702
acosh	1232	decimal-scaled	28	119018	29240	12137868
acosh	1232	decimal-scaled	37	146348	37511	9186855
acosh	1232	decimal-scaled	152	610301	64398	9581083
acosh	1232	g_math	17	250013	752	11219677
acosh	1232	g_math	28	243374	888	12476890
acosh	1232	g_math	37	262896	2663	9487084
acosh	1232	g_math	152	298320	911	6510620
add	18	decimal-rs	17	50	40	160
add	18	decimal-scaled	17	341	290	431
add	18	fastnum	17	70	50	311
add	18	g_math	17	351	301	761
add	18	rust_decimal	17	60	40	460
add	38	decimal-rs	17	50	40	140
add	38	decimal-rs	28	50	40	140
add	38	decimal-rs	37	50	40	140
add	38	decimal-scaled	17	390	311	601
add	38	decimal-scaled	28	521	381	681
add	38	decimal-scaled	37	556	491	641
add	38	fastnum	17	61	50	341
add	38	fastnum	28	70	50	371
add	38	fastnum	37	70	49	270
add	38	g_math	17	351	311	781
add	38	g_math	28	361	301	761
add	38	g_math	37	360	310	791
add	38	rust_decimal	17	60	40	481
add	38	rust_decimal	28	60	40	612
add	38	rust_decimal	37	51	40	511
add	57	decimal-rs	17	50	40	130
add	57	decimal-rs	28	50	40	150
add	57	decimal-rs	37	50	40	141
add	57	decimal-scaled	17	616	361	982
add	57	decimal-scaled	28	791	551	1012
add	57	decimal-scaled	37	772	521	1012
add	57	fastnum	17	70	50	301
add	57	fastnum	28	70	50	2966
add	57	fastnum	37	70	50	240
add	57	g_math	17	361	310	792
add	57	g_math	28	351	310	831
add	57	g_math	37	356	300	812
add	57	rust_decimal	17	56	40	381
add	57	rust_decimal	28	60	40	481
add	57	rust_decimal	37	51	40	371
add	76	decimal-rs	17	50	40	151
add	76	decimal-rs	28	50	40	150
add	76	decimal-rs	37	50	40	150
add	76	decimal-scaled	17	802	450	1844
add	76	decimal-scaled	28	961	531	1533
add	76	decimal-scaled	37	987	661	1493
add	76	fastnum	17	70	50	291
add	76	fastnum	28	70	60	220
add	76	fastnum	37	71	50	291
add	76	g_math	17	361	300	742
add	76	g_math	28	350	320	801
add	76	g_math	37	370	310	801
add	76	rust_decimal	17	60	40	381
add	76	rust_decimal	28	51	40	310
add	76	rust_decimal	37	51	40	421
add	115	decimal-rs	17	80	50	401
add	115	decimal-rs	28	70	50	231
add	115	decimal-rs	37	80	50	280
add	115	decimal-scaled	17	2033	821	6330
add	115	decimal-scaled	28	2424	1352	6359
add	115	decimal-scaled	37	2654	1463	6430
add	115	fastnum	17	91	60	621
add	115	fastnum	28	100	70	640
add	115	fastnum	37	90	50	390
add	115	g_math	17	556	421	17576
add	115	g_math	28	536	450	1863
add	115	g_math	37	526	441	1722
add	115	rust_decimal	17	80	50	822
add	115	rust_decimal	28	70	50	610
add	115	rust_decimal	37	70	50	581
add	153	decimal-rs	17	71	40	251
add	153	decimal-rs	28	71	40	230
add	153	decimal-rs	37	70	40	290
add	153	decimal-rs	152	76	49	241
add	153	decimal-scaled	17	3807	1413	14937
add	153	decimal-scaled	28	3897	1492	31299
add	153	decimal-scaled	37	4248	1843	15629
add	153	decimal-scaled	152	4679	2595	5560
add	153	fastnum	17	101	60	461
add	153	fastnum	28	110	60	632
add	153	fastnum	37	110	60	511
add	153	fastnum	152	110	60	401
add	153	g_math	17	576	460	1813
add	153	g_math	28	596	491	1583
add	153	g_math	37	561	461	2375
add	153	g_math	152	576	441	1623
add	153	rust_decimal	17	76	50	470
add	153	rust_decimal	28	70	50	471
add	153	rust_decimal	37	71	40	591
add	153	rust_decimal	152	70	41	541
add	230	decimal-rs	17	61	49	371
add	230	decimal-rs	28	70	41	331
add	230	decimal-rs	37	66	40	271
add	230	decimal-rs	152	85	49	331
add	230	decimal-scaled	17	7594	2425	43341
add	230	decimal-scaled	28	7424	3556	73617
add	230	decimal-scaled	37	7885	3597	62527
add	230	decimal-scaled	152	9989	3988	37129
add	230	fastnum	17	110	70	331
add	230	fastnum	28	120	60	421
add	230	fastnum	37	120	60	420
add	230	fastnum	152	120	60	401
add	230	g_math	17	556	451	1463
add	230	g_math	28	566	450	4218
add	230	g_math	37	550	321	1522
add	230	g_math	152	561	481	1412
add	230	rust_decimal	17	70	50	492
add	230	rust_decimal	28	80	50	450
add	230	rust_decimal	37	71	50	521
add	230	rust_decimal	152	76	41	501
add	307	decimal-rs	17	46	33	377
add	307	decimal-rs	28	42	34	233
add	307	decimal-rs	37	46	29	326
add	307	decimal-rs	152	44	33	336
add	307	decimal-scaled	17	7000	2261	69584
add	307	decimal-scaled	28	6255	2182	69689
add	307	decimal-scaled	37	8412	3545	91446
add	307	decimal-scaled	152	10700	6259	48797
add	307	fastnum	17	68	38	569
add	307	fastnum	28	78	38	651
add	307	fastnum	37	66	40	804
add	307	fastnum	152	61	43	577
add	307	g_math	17	316	242	5014
add	307	g_math	28	310	233	9835
add	307	g_math	37	360	271	3215
add	307	g_math	152	362	269	3046
add	307	rust_decimal	17	53	32	570
add	307	rust_decimal	28	49	33	708
add	307	rust_decimal	37	49	30	516
add	307	rust_decimal	152	49	33	495
add	462	decimal-rs	17	42	30	362
add	462	decimal-rs	28	47	32	347
add	462	decimal-rs	37	46	32	200
add	462	decimal-rs	152	46	29	381
add	462	decimal-scaled	17	15188	5834	200083
add	462	decimal-scaled	28	11844	6567	630282
add	462	decimal-scaled	37	13454	8166	203103
add	462	decimal-scaled	152	17748	11397	184226
add	462	fastnum	17	63	36	587
add	462	fastnum	28	66	37	373
add	462	fastnum	37	63	44	363
add	462	fastnum	152	61	36	838
add	462	g_math	17	306	236	1260
add	462	g_math	28	296	242	1290
add	462	g_math	37	300	238	1379
add	462	g_math	152	311	243	1492
add	462	rust_decimal	17	52	31	703
add	462	rust_decimal	28	48	31	716
add	462	rust_decimal	37	48	36	455
add	462	rust_decimal	152	54	29	633
add	616	decimal-rs	17	80	40	231
add	616	decimal-rs	28	76	40	360
add	616	decimal-rs	37	80	40	230
add	616	decimal-rs	152	70	50	330
add	616	decimal-scaled	17	38156	14417	3427205
add	616	decimal-scaled	28	29080	15980	662294
add	616	decimal-scaled	37	30713	11341	637998
add	616	decimal-scaled	152	42084	28213	4113715
add	616	fastnum	17	110	69	772
add	616	fastnum	28	130	70	1182
add	616	fastnum	37	100	70	641
add	616	fastnum	152	110	60	701
add	616	g_math	17	551	481	1553
add	616	g_math	28	571	480	1884
add	616	g_math	37	551	450	5009
add	616	g_math	152	576	460	1683
add	616	rust_decimal	17	70	50	591
add	616	rust_decimal	28	70	40	550
add	616	rust_decimal	37	70	50	521
add	616	rust_decimal	152	61	49	551
add	924	decimal-rs	17	80	49	280
add	924	decimal-rs	28	70	49	341
add	924	decimal-rs	37	64	49	290
add	924	decimal-rs	152	60	40	351
add	924	decimal-scaled	17	64750	27552	1635549
add	924	decimal-scaled	28	54532	29435	6109317
add	924	decimal-scaled	37	57647	36097	1541313
add	924	decimal-scaled	152	79127	53540	7920050
add	924	fastnum	17	110	60	521
add	924	fastnum	28	100	70	641
add	924	fastnum	37	110	70	521
add	924	fastnum	152	100	70	521
add	924	g_math	17	536	351	1593
add	924	g_math	28	571	461	1523
add	924	g_math	37	571	451	1503
add	924	g_math	152	551	361	1704
add	924	rust_decimal	17	66	50	761
add	924	rust_decimal	28	70	49	452
add	924	rust_decimal	37	70	40	521
add	924	rust_decimal	152	70	50	391
add	1232	decimal-rs	17	72	44	258
add	1232	decimal-rs	28	62	49	404
add	1232	decimal-rs	37	57	43	319
add	1232	decimal-rs	152	71	48	642
add	1232	decimal-scaled	17	82934	32599	6028151
add	1232	decimal-scaled	28	57538	40570	4652433
add	1232	decimal-scaled	37	64403	50622	3851019
add	1232	decimal-scaled	152	112167	70242	7114386
add	1232	fastnum	17	88	55	541
add	1232	fastnum	28	92	46	684
add	1232	fastnum	37	88	53	1593
add	1232	fastnum	152	87	59	507
add	1232	g_math	17	402	312	1532
add	1232	g_math	28	417	303	2034
add	1232	g_math	37	466	386	1878
add	1232	g_math	152	456	343	1848
add	1232	rust_decimal	17	64	40	496
add	1232	rust_decimal	28	62	39	552
add	1232	rust_decimal	37	74	43	485
add	1232	rust_decimal	152	77	46	699
asin	18	decimal-scaled	17	72496	310	151945
asin	18	g_math	17	465719	330	599907
asin	38	decimal-scaled	17	72035	351	156654
asin	38	decimal-scaled	28	85681	601	188304
asin	38	decimal-scaled	37	103800	552	220163
asin	38	g_math	17	464858	321	773634
asin	38	g_math	28	464908	330	637146
asin	38	g_math	37	464246	301	632197
asin	57	decimal-scaled	17	9628	882	63539
asin	57	decimal-scaled	28	12824	1142	40886
asin	57	decimal-scaled	37	16416	1222	44353
asin	57	g_math	17	466341	301	624306
asin	57	g_math	28	466234	291	620548
asin	57	g_math	37	464667	300	628743
asin	76	decimal-scaled	17	9788	922	64521
asin	76	decimal-scaled	28	13084	1342	39484
asin	76	decimal-scaled	37	16466	1372	51998
asin	76	g_math	17	466387	271	623747
asin	76	g_math	28	467034	311	597949
asin	76	g_math	37	466217	341	651528
asin	115	decimal-scaled	17	16905	2013	1282729
asin	115	decimal-scaled	28	22023	2423	5094301
asin	115	decimal-scaled	37	27781	2613	9051910
asin	115	g_math	17	1015708	391	17939286
asin	115	g_math	28	1015198	410	10075507
asin	115	g_math	37	991754	420	13760042
asin	153	decimal-scaled	17	18073	2395	646824
asin	153	decimal-scaled	28	23383	2916	9051443
asin	153	decimal-scaled	37	28814	3075	197207
asin	153	decimal-scaled	152	109960	5150	6253132
asin	153	g_math	17	978037	401	10112515
asin	153	g_math	28	948367	390	10073140
asin	153	g_math	37	952890	421	9920688
asin	153	g_math	152	946583	331	13075916
asin	230	decimal-scaled	17	19306	3536	3352796
asin	230	decimal-scaled	28	24917	4288	7997374
asin	230	decimal-scaled	37	30467	4608	10184754
asin	230	decimal-scaled	152	112344	7123	12140163
asin	230	g_math	17	951811	472	10898046
asin	230	g_math	28	957222	391	17442810
asin	230	g_math	37	952848	371	11558843
asin	230	g_math	152	931274	371	13044124
asin	307	decimal-scaled	17	11788	2456	131554
asin	307	decimal-scaled	28	15524	3188	6696931
asin	307	decimal-scaled	37	19099	3145	8047643
asin	307	decimal-scaled	152	78963	6041	12096077
asin	307	g_math	17	357422	313	12435084
asin	307	g_math	28	395866	392	12512146
asin	307	g_math	37	357628	323	15425778
asin	307	g_math	152	358016	255	12430855
asin	462	decimal-scaled	17	14016	4804	133553
asin	462	decimal-scaled	28	18203	5231	44881
asin	462	decimal-scaled	37	22482	6102	11030744
asin	462	decimal-scaled	152	76382	9415	12093317
asin	462	g_math	17	358512	319	12441492
asin	462	g_math	28	357583	283	12432619
asin	462	g_math	37	383488	361	12531939
asin	462	g_math	152	359913	342	12168064
asin	616	decimal-scaled	17	26080	10840	2851284
asin	616	decimal-scaled	28	34124	13295	13052746
asin	616	decimal-scaled	37	42800	14588	11369913
asin	616	decimal-scaled	152	129613	22592	15155712
asin	616	g_math	17	965172	461	12869050
asin	616	g_math	28	969080	410	15502767
asin	616	g_math	37	959398	391	12935374
asin	616	g_math	152	928403	371	15526410
asin	924	decimal-scaled	17	34034	19437	323163
asin	924	decimal-scaled	28	43582	21971	12061190
asin	924	decimal-scaled	37	55594	29384	14077693
asin	924	decimal-scaled	152	149198	42109	10155987
asin	924	g_math	17	936926	431	12448192
asin	924	g_math	28	966832	391	12872738
asin	924	g_math	37	968044	421	11436763
asin	924	g_math	152	954574	391	9056600
asin	1232	decimal-scaled	17	36301	21505	311187
asin	1232	decimal-scaled	28	42723	26145	12052798
asin	1232	decimal-scaled	37	56946	32559	12075803
asin	1232	decimal-scaled	152	136307	48302	14147205
asin	1232	g_math	17	440304	276	6520408
asin	1232	g_math	28	470176	328	18472382
asin	1232	g_math	37	460734	505	9494009
asin	1232	g_math	152	474695	407	12608678
asinh	18	decimal-scaled	17	38236	370	56065
asinh	18	g_math	17	313011	147138	522457
asinh	38	decimal-scaled	17	44073	441	83887
asinh	38	decimal-scaled	28	51006	461	117761
asinh	38	decimal-scaled	37	58340	601	100208
asinh	38	g_math	17	317407	146857	507945
asinh	38	g_math	28	315563	147126	538772
asinh	38	g_math	37	311515	146936	541577
asinh	57	decimal-scaled	17	8777	571	30036
asinh	57	decimal-scaled	28	13004	901	45575
asinh	57	decimal-scaled	37	12934	761	29255
asinh	57	g_math	17	314577	146925	532644
asinh	57	g_math	28	319126	146884	505373
asinh	57	g_math	37	312093	146924	504962
asinh	76	decimal-scaled	17	8567	671	30628
asinh	76	decimal-scaled	28	12914	692	44804
asinh	76	decimal-scaled	37	13035	852	29886
asinh	76	g_math	17	309148	146585	511748
asinh	76	g_math	28	313256	146935	1076444
asinh	76	g_math	37	310722	146995	503602
asinh	115	decimal-scaled	17	24035	1232	4168533
asinh	115	decimal-scaled	28	24796	1542	7050257
asinh	115	decimal-scaled	37	28312	1753	9046241
asinh	115	g_math	17	707377	311501	9876661
asinh	115	g_math	28	676963	228007	9823196
asinh	115	g_math	37	678544	293585	12811247
asinh	153	decimal-scaled	17	25913	1754	2881775
asinh	153	decimal-scaled	28	26570	1974	7066573
asinh	153	decimal-scaled	37	29640	2225	9980593
asinh	153	decimal-scaled	152	83215	3286	6168084
asinh	153	g_math	17	649550	229779	12879606
asinh	153	g_math	28	679296	243563	9908368
asinh	153	g_math	37	651224	290692	8867957
asinh	153	g_math	152	657995	275753	7663858
asinh	230	decimal-scaled	17	35416	2776	3060533
asinh	230	decimal-scaled	28	28362	3517	14100284
asinh	230	decimal-scaled	37	31569	3827	10815908
asinh	230	decimal-scaled	152	134631	6392	12171071
asinh	230	g_math	17	641885	216223	15871399
asinh	230	g_math	28	650661	226962	9913809
asinh	230	g_math	37	655068	215360	10905325
asinh	230	g_math	152	646503	213497	11418429
asinh	307	decimal-scaled	17	31652	2613	3776506
asinh	307	decimal-scaled	28	17696	2754	7056808
asinh	307	decimal-scaled	37	19820	3081	9049767
asinh	307	decimal-scaled	152	96107	6223	12144294
asinh	307	g_math	17	244730	88905	15178902
asinh	307	g_math	28	245132	92655	12385175
asinh	307	g_math	37	285452	121543	13402456
asinh	307	g_math	152	253020	104498	12392201
asinh	462	decimal-scaled	17	36140	4166	803557
asinh	462	decimal-scaled	28	21015	5309	12059550
asinh	462	decimal-scaled	37	23631	5459	10142766
asinh	462	decimal-scaled	152	96094	10560	18075061
asinh	462	g_math	17	244868	105592	12390227
asinh	462	g_math	28	246449	105022	14361373
asinh	462	g_math	37	245140	93898	12327597
asinh	462	g_math	152	255360	105397	8391141
asinh	616	decimal-scaled	17	100007	9558	6283551
asinh	616	decimal-scaled	28	40657	10079	12153457
asinh	616	decimal-scaled	37	45285	13385	12304129
asinh	616	decimal-scaled	152	163602	21651	9418127
asinh	616	g_math	17	678234	209282	9878163
asinh	616	g_math	28	660060	234390	15880325
asinh	616	g_math	37	644530	210325	12481240
asinh	616	g_math	152	696818	209724	8516242
asinh	924	decimal-scaled	17	156833	18474	7143776
asinh	924	decimal-scaled	28	64430	16932	15220368
asinh	924	decimal-scaled	37	61054	24605	10214027
asinh	924	decimal-scaled	152	185456	43401	10173009
asinh	924	g_math	17	660721	235198	8766990
asinh	924	g_math	28	644932	270725	15786267
asinh	924	g_math	37	661884	246490	9913284
asinh	924	g_math	152	661653	268741	9911032
asinh	1232	decimal-scaled	17	143132	19125	7685781
asinh	1232	decimal-scaled	28	60653	22057	13276348
asinh	1232	decimal-scaled	37	60129	35451	14095558
asinh	1232	decimal-scaled	152	178265	50195	5503110
asinh	1232	g_math	17	304956	126453	12467413
asinh	1232	g_math	28	308425	123800	15247470
asinh	1232	g_math	37	307001	125923	12365272
asinh	1232	g_math	152	336316	118108	9538759
atan	18	decimal-scaled	17	7935	250	85220
atan	18	g_math	17	236875	210	531288
atan	38	decimal-scaled	17	4679	260	83447
atan	38	decimal-scaled	28	46292	501	99948
atan	38	decimal-scaled	37	12002	642	171082
atan	38	g_math	17	241073	210	547309
atan	38	g_math	28	232577	221	524315
atan	38	g_math	37	241994	210	538480
atan	57	decimal-scaled	17	7704	4929	19225
atan	57	decimal-scaled	28	11020	6763	34684
atan	57	decimal-scaled	37	13895	9148	43160
atan	57	g_math	17	235549	221	614928
atan	57	g_math	28	230991	210	520552
atan	57	g_math	37	236952	201	520992
atan	76	decimal-scaled	17	7734	5230	21450
atan	76	decimal-scaled	28	10951	6612	27752
atan	76	decimal-scaled	37	13640	9257	42380
atan	76	g_math	17	239247	220	529010
atan	76	g_math	28	240560	210	515314
atan	76	g_math	37	238185	210	705209
atan	115	decimal-scaled	17	21682	8973	4327168
atan	115	decimal-scaled	28	20200	11006	3046400
atan	115	decimal-scaled	37	24787	15644	6728831
atan	115	g_math	17	485529	241	11960606
atan	115	g_math	28	486340	280	10219029
atan	115	g_math	37	481744	311	13022110
atan	153	decimal-scaled	17	23283	9558	2044877
atan	153	decimal-scaled	28	21435	12092	4511234
atan	153	decimal-scaled	37	25994	16230	11677344
atan	153	decimal-scaled	152	99476	48359	6125996
atan	153	g_math	17	476017	301	9978348
atan	153	g_math	28	478191	290	11942447
atan	153	g_math	37	463183	310	13509847
atan	153	g_math	152	475706	250	12979427
atan	230	decimal-scaled	17	30542	8807	922567
atan	230	decimal-scaled	28	23253	13375	11100283
atan	230	decimal-scaled	37	27862	14877	9063637
atan	230	decimal-scaled	152	94531	49271	18119671
atan	230	g_math	17	489621	270	9965120
atan	230	g_math	28	491204	331	9981465
atan	230	g_math	37	491935	271	11968596
atan	230	g_math	152	490883	270	12975848
atan	307	decimal-scaled	17	27511	6366	3041834
atan	307	decimal-scaled	28	14716	7922	7435400
atan	307	decimal-scaled	37	17608	10190	12027083
atan	307	decimal-scaled	152	67475	32184	12076130
atan	307	g_math	17	183376	155	12390830
atan	307	g_math	28	209940	190	12430233
atan	307	g_math	37	183718	183	18125341
atan	307	g_math	152	183217	180	15389465
atan	462	decimal-scaled	17	26190	7265	4194445
atan	462	decimal-scaled	28	15653	9759	4477632
atan	462	decimal-scaled	37	17271	10580	9153780
atan	462	decimal-scaled	152	67466	41126	12083928
atan	462	g_math	17	184224	177	14396005
atan	462	g_math	28	183572	203	14331457
atan	462	g_math	37	191582	300	12301122
atan	462	g_math	152	182641	204	12388930
atan	616	decimal-scaled	17	71775	14357	9096513
atan	616	decimal-scaled	28	33768	19637	12396624
atan	616	decimal-scaled	37	41568	26921	12344856
atan	616	decimal-scaled	152	126928	62517	12256649
atan	616	g_math	17	477848	261	14501296
atan	616	g_math	28	474611	271	9975837
atan	616	g_math	37	478178	270	11946029
atan	616	g_math	152	475392	281	12982072
atan	924	decimal-scaled	17	100187	25778	7075672
atan	924	decimal-scaled	28	45965	28763	12898872
atan	924	decimal-scaled	37	56415	40596	12938079
atan	924	decimal-scaled	152	147270	77464	13185304
atan	924	g_math	17	477029	271	9947421
atan	924	g_math	28	478121	270	20141473
atan	924	g_math	37	488250	281	9980339
atan	924	g_math	152	476758	301	12943374
atan	1232	decimal-scaled	17	101626	28659	7783820
atan	1232	decimal-scaled	28	44863	25703	15820943
atan	1232	decimal-scaled	37	56497	46418	15313479
atan	1232	decimal-scaled	152	146012	86091	14148591
atan	1232	g_math	17	226837	215	9474079
atan	1232	g_math	28	226401	230	6537979
atan	1232	g_math	37	262721	298	12511662
atan	1232	g_math	152	231228	232	15430116
atan2	18	decimal-scaled	17	29466	4048	83998
atan2	18	g_math	17	375585	58159	776439
atan2	38	decimal-scaled	17	73258	4108	97614
atan2	38	decimal-scaled	28	84529	4649	144502
atan2	38	decimal-scaled	37	103750	5390	117471
atan2	38	g_math	17	376349	58400	586364
atan2	38	g_math	28	377820	58029	577736
atan2	38	g_math	37	375775	58419	574979
atan2	57	decimal-scaled	17	9016	6362	55764
atan2	57	decimal-scaled	28	11932	8536	40606
atan2	57	decimal-scaled	37	14928	11231	43922
atan2	57	g_math	17	376563	58149	558222
atan2	57	g_math	28	374920	58449	547843
atan2	57	g_math	37	375591	58369	599201
atan2	76	decimal-scaled	17	9277	6442	57157
atan2	76	decimal-scaled	28	12153	8726	83236
atan2	76	decimal-scaled	37	15108	11601	44113
atan2	76	g_math	17	376605	59912	583542
atan2	76	g_math	28	377506	58890	664083
atan2	76	g_math	37	377305	66594	563814
atan2	115	decimal-scaled	17	15969	11407	3606300
atan2	115	decimal-scaled	28	20711	16084	6037517
atan2	115	decimal-scaled	37	25768	20070	7044979
atan2	115	g_math	17	883037	128621	9669905
atan2	115	g_math	28	876958	118025	10107317
atan2	115	g_math	37	875837	118425	15740645
atan2	153	decimal-scaled	17	17382	12463	127517
atan2	153	decimal-scaled	28	22762	16029	7757242
atan2	153	decimal-scaled	37	27731	20849	10794018
atan2	153	decimal-scaled	152	106829	56475	167723
atan2	153	g_math	17	840866	114874	11042440
atan2	153	g_math	28	845986	113261	8000938
atan2	153	g_math	37	841418	113742	13669294
atan2	153	g_math	152	845143	114663	9035669
atan2	230	decimal-scaled	17	19361	13144	164406
atan2	230	decimal-scaled	28	25979	18766	69419
atan2	230	decimal-scaled	37	31098	20318	10046285
atan2	230	decimal-scaled	152	109964	60943	9134951
atan2	230	g_math	17	829323	113361	13023131
atan2	230	g_math	28	834883	114403	12867486
atan2	230	g_math	37	842899	114042	13661665
atan2	230	g_math	152	834763	115906	13509501
atan2	307	decimal-scaled	17	12391	6425	3807810
atan2	307	decimal-scaled	28	17101	12067	7950441
atan2	307	decimal-scaled	37	20948	14610	8327577
atan2	307	decimal-scaled	152	80232	45133	12093261
atan2	307	g_math	17	299562	47127	9389220
atan2	307	g_math	28	299587	48199	13343660
atan2	307	g_math	37	337912	47935	9393160
atan2	307	g_math	152	312070	42486	12404594
atan2	462	decimal-scaled	17	16202	12380	4732498
atan2	462	decimal-scaled	28	21967	15323	12319695
atan2	462	decimal-scaled	37	26433	14119	12037376
atan2	462	decimal-scaled	152	77359	46840	14091448
atan2	462	g_math	17	299779	47085	10364812
atan2	462	g_math	28	298347	45687	17374410
atan2	462	g_math	37	296063	41979	13300808
atan2	462	g_math	152	299946	46221	12363861
atan2	616	decimal-scaled	17	32906	25207	5250230
atan2	616	decimal-scaled	28	43442	22071	12054291
atan2	616	decimal-scaled	37	52248	31880	12079968
atan2	616	decimal-scaled	152	138626	88477	9162658
atan2	616	g_math	17	844065	113433	9960508
atan2	616	g_math	28	845138	115326	13009253
atan2	616	g_math	37	842121	113624	12666018
atan2	616	g_math	152	826111	114855	10612790
atan2	924	decimal-scaled	17	46948	39043	6064063
atan2	924	decimal-scaled	28	60513	41788	9084903
atan2	924	decimal-scaled	37	74038	46657	13096118
atan2	924	decimal-scaled	152	170788	120505	9202591
atan2	924	g_math	17	841529	113852	9975573
atan2	924	g_math	28	841208	115805	9993224
atan2	924	g_math	37	858450	114303	11029193
atan2	924	g_math	152	837261	128389	12979740
atan2	1232	decimal-scaled	17	54666	41563	9063274
atan2	1232	decimal-scaled	28	64066	52601	9076771
atan2	1232	decimal-scaled	37	78611	40157	7448660
atan2	1232	decimal-scaled	152	172138	123969	9179868
atan2	1232	g_math	17	369961	56893	9489451
atan2	1232	g_math	28	390791	59005	12515857
atan2	1232	g_math	37	406577	70925	12516136
atan2	1232	g_math	152	399501	64507	8502565
atanh	18	decimal-scaled	17	11792	391	28594
atanh	18	g_math	17	224684	12885	419623
atanh	38	decimal-scaled	17	11902	391	26951
atanh	38	decimal-scaled	28	14638	381	51648
atanh	38	decimal-scaled	37	16861	531	90059
atanh	38	g_math	17	221477	13606	550095
atanh	38	g_math	28	223470	12824	415240
atanh	38	g_math	37	221746	12824	393809
atanh	57	decimal-scaled	17	36278	2073	53310
atanh	57	decimal-scaled	28	48039	2434	85029
atanh	57	decimal-scaled	37	54001	2645	89728
atanh	57	g_math	17	223066	12804	390659
atanh	57	g_math	28	222616	12814	395849
atanh	57	g_math	37	222936	12844	382924
atanh	76	decimal-scaled	17	36589	2344	62437
atanh	76	decimal-scaled	28	48351	2465	81141
atanh	76	decimal-scaled	37	54773	2555	84498
atanh	76	g_math	17	220583	12874	402823
atanh	76	g_math	28	219561	12824	394017
atanh	76	g_math	37	220012	12884	386211
atanh	115	decimal-scaled	17	61381	3906	88601
atanh	115	decimal-scaled	28	114920	6079	6139158
atanh	115	decimal-scaled	37	138394	5979	9165288
atanh	115	g_math	17	428404	28462	9518009
atanh	115	g_math	28	426802	28412	12716901
atanh	115	g_math	37	427944	28492	9696736
atanh	153	decimal-scaled	17	61795	4369	5264451
atanh	153	decimal-scaled	28	112930	6452	19125202
atanh	153	decimal-scaled	37	135978	6742	17147323
atanh	153	decimal-scaled	152	407789	9017	7413470
atanh	153	g_math	17	434529	25076	9694652
atanh	153	g_math	28	435973	24926	11695969
atanh	153	g_math	37	429891	25177	11571234
atanh	153	g_math	152	431954	24997	10468168
atanh	230	decimal-scaled	17	63077	5781	3089798
atanh	230	decimal-scaled	28	113231	10850	12145858
atanh	230	decimal-scaled	37	136710	7814	13150733
atanh	230	decimal-scaled	152	724237	12083	11715654
atanh	230	g_math	17	429739	25607	9575956
atanh	230	g_math	28	424710	25617	12667263
atanh	230	g_math	37	432225	25638	13688845
atanh	230	g_math	152	427936	25698	14178846
atanh	307	decimal-scaled	17	37976	3586	3195298
atanh	307	decimal-scaled	28	68596	5500	12081100
atanh	307	decimal-scaled	37	87626	6290	15105583
atanh	307	decimal-scaled	152	496060	9521	12522993
atanh	307	g_math	17	187178	9540	13296143
atanh	307	g_math	28	186519	8844	13310239
atanh	307	g_math	37	211929	9253	7308894
atanh	307	g_math	152	175178	8182	34310205
atanh	462	decimal-scaled	17	40690	5950	4543604
atanh	462	decimal-scaled	28	71545	7208	12083635
atanh	462	decimal-scaled	37	86494	8274	14094933
atanh	462	decimal-scaled	152	444598	12146	9478112
atanh	462	g_math	17	186670	7899	12306306
atanh	462	g_math	28	186596	8359	6304654
atanh	462	g_math	37	187673	8158	8153539
atanh	462	g_math	152	187899	8353	7242347
atanh	616	decimal-scaled	17	70803	13065	6092201
atanh	616	decimal-scaled	28	123873	15880	12138619
atanh	616	decimal-scaled	37	149907	18535	12173633
atanh	616	decimal-scaled	152	737004	26770	9789405
atanh	616	g_math	17	428956	25007	9696031
atanh	616	g_math	28	432122	25148	12698890
atanh	616	g_math	37	437141	24987	11537117
atanh	616	g_math	152	431059	25047	12698497
atanh	924	decimal-scaled	17	79218	21069	6097575
atanh	924	decimal-scaled	28	134040	27531	12160636
atanh	924	decimal-scaled	37	163705	31969	15184591
atanh	924	decimal-scaled	152	756320	45334	14770035
atanh	924	g_math	17	436643	25157	6703374
atanh	924	g_math	28	433799	25057	12674508
atanh	924	g_math	37	432827	25057	9693054
atanh	924	g_math	152	437255	25006	12529380
atanh	1232	decimal-scaled	17	69752	26922	6077910
atanh	1232	decimal-scaled	28	107462	30243	9123835
atanh	1232	decimal-scaled	37	139886	35260	9161297
atanh	1232	decimal-scaled	152	652295	56168	8541614
atanh	1232	g_math	17	225337	10000	13258685
atanh	1232	g_math	28	224762	10834	12363412
atanh	1232	g_math	37	263733	11992	9396604
atanh	1232	g_math	152	263096	11771	6416393
cbrt	18	decimal-scaled	17	8106	7995	8556
cbrt	18	fastnum	17	746331	60	48278883
cbrt	38	decimal-scaled	17	8005	7544	18865
cbrt	38	decimal-scaled	28	10099	7784	20048
cbrt	38	decimal-scaled	37	10069	9969	19858
cbrt	38	fastnum	17	758136	61	48194187
cbrt	38	fastnum	28	777681	50	48409567
cbrt	38	fastnum	37	757533	50	47519634
cbrt	57	decimal-scaled	17	1042	862	1623
cbrt	57	decimal-scaled	28	1323	1093	13065
cbrt	57	decimal-scaled	37	1634	1373	2294
cbrt	57	fastnum	17	753166	60	47848317
cbrt	57	fastnum	28	761246	120	49323893
cbrt	57	fastnum	37	772823	60	47924673
cbrt	76	decimal-scaled	17	1303	1012	12514
cbrt	76	decimal-scaled	28	1563	1292	14617
cbrt	76	decimal-scaled	37	1994	1663	13125
cbrt	76	fastnum	17	752694	130	52267520
cbrt	76	fastnum	28	751526	70	51411098
cbrt	76	fastnum	37	746762	70	48003954
cbrt	115	decimal-scaled	17	2884	2233	7351
cbrt	115	decimal-scaled	28	4186	2704	1471559
cbrt	115	decimal-scaled	37	5118	4237	1364049
cbrt	115	fastnum	17	2531874	70	183690344
cbrt	115	fastnum	28	3330730	80	197870890
cbrt	115	fastnum	37	3604336	81	175022941
cbrt	153	decimal-scaled	17	3777	2655	37781
cbrt	153	decimal-scaled	28	5210	3076	3441171
cbrt	153	decimal-scaled	37	6141	4819	99937
cbrt	153	decimal-scaled	152	14346	12143	35345
cbrt	153	fastnum	17	3683902	70	177143163
cbrt	153	fastnum	28	2222470	150	177525309
cbrt	153	fastnum	37	2817990	100	175394600
cbrt	153	fastnum	152	2989168	160	176427430
cbrt	230	decimal-scaled	17	5816	2714	4362696
cbrt	230	decimal-scaled	28	7283	5300	52648
cbrt	230	decimal-scaled	37	8290	6111	5032195
cbrt	230	decimal-scaled	152	21484	18844	7039200
cbrt	230	fastnum	17	2318573	130	182917871
cbrt	230	fastnum	28	3656873	80	165254323
cbrt	230	fastnum	37	2587029	90	183358098
cbrt	230	fastnum	152	3704028	81	178681965
cbrt	307	decimal-scaled	17	4442	2208	46418
cbrt	307	decimal-scaled	28	5911	4291	2038816
cbrt	307	decimal-scaled	37	7071	5217	2061093
cbrt	307	decimal-scaled	152	19026	15305	6060020
cbrt	307	fastnum	17	1333510	93	143108821
cbrt	307	fastnum	28	1331818	85	129335682
cbrt	307	fastnum	37	964443	63	122877850
cbrt	307	fastnum	152	926280	81	124802718
cbrt	462	decimal-scaled	17	7741	4852	2135809
cbrt	462	decimal-scaled	28	9068	6590	8116455
cbrt	462	decimal-scaled	37	10878	8053	5021866
cbrt	462	decimal-scaled	152	33391	26082	6036927
cbrt	462	fastnum	17	965266	56	125656246
cbrt	462	fastnum	28	1096678	75	130302403
cbrt	462	fastnum	37	967700	60	127234046
cbrt	462	fastnum	152	1330288	55	129876636
cbrt	616	decimal-scaled	17	17524	7905	3332889
cbrt	616	decimal-scaled	28	18425	12313	9062342
cbrt	616	decimal-scaled	37	21570	15820	9373625
cbrt	616	decimal-scaled	152	51096	31019	9423297
cbrt	616	fastnum	17	2855108	90	179811543
cbrt	616	fastnum	28	1732352	80	191351169
cbrt	616	fastnum	37	3528412	60	175793664
cbrt	616	fastnum	152	1665388	80	183473125
cbrt	924	decimal-scaled	17	31484	13926	10052993
cbrt	924	decimal-scaled	28	32330	21801	10042889
cbrt	924	decimal-scaled	37	38176	28422	10054717
cbrt	924	decimal-scaled	152	73302	41428	10121372
cbrt	924	fastnum	17	3548620	80	183044999
cbrt	924	fastnum	28	2586907	70	161299962
cbrt	924	fastnum	37	3869176	60	182873353
cbrt	924	fastnum	152	2240947	80	179796819
cbrt	1232	decimal-scaled	17	36047	17017	7753169
cbrt	1232	decimal-scaled	28	36981	23109	12854086
cbrt	1232	decimal-scaled	37	42916	25584	11669246
cbrt	1232	decimal-scaled	152	96434	67863	15100719
cbrt	1232	fastnum	17	2107898	78	155081958
cbrt	1232	fastnum	28	1884366	92	139893834
cbrt	1232	fastnum	37	1901445	128	149935754
cbrt	1232	fastnum	152	3461042	112	151278910
cos	18	decimal-scaled	17	7154	4709	31479
cos	18	fastnum	17	984227	109075	15571386
cos	18	g_math	17	219662	3667	313720
cos	18	rust_decimal	17	3232	371	13687
cos	38	decimal-scaled	17	7203	4809	30587
cos	38	decimal-scaled	28	8897	5901	28924
cos	38	decimal-scaled	37	10029	6833	44614
cos	38	fastnum	17	984401	108924	15576164
cos	38	fastnum	28	985040	121638	15566824
cos	38	fastnum	37	984387	108974	15610834
cos	38	g_math	17	224180	3697	310352
cos	38	g_math	28	219552	3687	333907
cos	38	g_math	37	223460	3677	310102
cos	38	rust_decimal	17	3226	351	15339
cos	38	rust_decimal	28	3216	371	13835
cos	38	rust_decimal	37	3216	361	14347
cos	57	decimal-scaled	17	4649	1894	34024
cos	57	decimal-scaled	28	6046	2244	16881
cos	57	decimal-scaled	37	6883	2345	24516
cos	57	fastnum	17	983896	109134	15563230
cos	57	fastnum	28	984388	109384	15592112
cos	57	fastnum	37	989507	109334	15567057
cos	57	g_math	17	220311	3647	309768
cos	57	g_math	28	222856	3647	295030
cos	57	g_math	37	221042	3606	288849
cos	57	rust_decimal	17	3256	361	14848
cos	57	rust_decimal	28	3222	341	18535
cos	57	rust_decimal	37	3231	350	15078
cos	76	decimal-scaled	17	4699	2075	34355
cos	76	decimal-scaled	28	6192	2354	22252
cos	76	decimal-scaled	37	6943	2464	24386
cos	76	fastnum	17	985293	108673	15585881
cos	76	fastnum	28	984953	108934	15577364
cos	76	fastnum	37	983240	108774	15552789
cos	76	g_math	17	224199	3676	557593
cos	76	g_math	28	223478	3687	302546
cos	76	g_math	37	222035	3676	287288
cos	76	rust_decimal	17	3256	361	15058
cos	76	rust_decimal	28	3276	351	13926
cos	76	rust_decimal	37	3266	361	14026
cos	115	decimal-scaled	17	8202	3665	71446
cos	115	decimal-scaled	28	10756	4546	3023175
cos	115	decimal-scaled	37	12148	4447	2856368
cos	115	fastnum	17	2420974	158816	59948738
cos	115	fastnum	28	1452950	150463	55456494
cos	115	fastnum	37	1508503	149241	63066364
cos	115	g_math	17	421173	6369	6527332
cos	115	g_math	28	416477	6269	7396461
cos	115	g_math	37	417598	6379	9532854
cos	115	rust_decimal	17	4657	481	643343
cos	115	rust_decimal	28	4657	470	36815
cos	115	rust_decimal	37	4697	461	35102
cos	153	decimal-scaled	17	9147	4288	73878
cos	153	decimal-scaled	28	11642	5170	7070823
cos	153	decimal-scaled	37	13094	4999	5616302
cos	153	decimal-scaled	152	62166	10570	15087381
cos	153	fastnum	17	1308348	255927	52066334
cos	153	fastnum	28	2034580	134230	49019110
cos	153	fastnum	37	1310842	134280	40131885
cos	153	fastnum	152	1307164	134982	49047966
cos	153	g_math	17	424871	5951	9517830
cos	153	g_math	28	424581	5951	11496673
cos	153	g_math	37	426144	5871	10461994
cos	153	g_math	152	424991	5941	13512460
cos	153	rust_decimal	17	4434	441	351114
cos	153	rust_decimal	28	4428	431	25337
cos	153	rust_decimal	37	4423	480	2143905
cos	153	rust_decimal	152	4443	461	903844
cos	230	decimal-scaled	17	10380	4008	105216
cos	230	decimal-scaled	28	13415	6632	8042253
cos	230	decimal-scaled	37	14968	6552	7643304
cos	230	decimal-scaled	152	64079	13285	12090511
cos	230	fastnum	17	1323413	135392	55090241
cos	230	fastnum	28	1382203	136634	55098508
cos	230	fastnum	37	1326018	136084	40082610
cos	230	fastnum	152	2117561	135091	46102610
cos	230	g_math	17	423748	6231	11479318
cos	230	g_math	28	423408	6261	9344459
cos	230	g_math	37	423649	6232	11457185
cos	230	g_math	152	422777	6202	8478958
cos	230	rust_decimal	17	4378	440	2027142
cos	230	rust_decimal	28	4348	491	2581654
cos	230	rust_decimal	37	4378	501	2536942
cos	230	rust_decimal	152	4368	450	2366083
cos	307	decimal-scaled	17	6569	2660	63380
cos	307	decimal-scaled	28	8906	4371	2209343
cos	307	decimal-scaled	37	10124	4903	7396070
cos	307	decimal-scaled	152	40155	10502	12050518
cos	307	fastnum	17	890106	100087	43380984
cos	307	fastnum	28	906520	93499	49289029
cos	307	fastnum	37	908174	94485	31434928
cos	307	fastnum	152	904378	94479	29364720
cos	307	g_math	17	187412	3656	15193907
cos	307	g_math	28	199306	3716	12237074
cos	307	g_math	37	187674	3687	12230377
cos	307	g_math	152	188050	3667	9208623
cos	307	rust_decimal	17	3351	348	33550
cos	307	rust_decimal	28	3384	371	24758
cos	307	rust_decimal	37	3378	340	1536134
cos	307	rust_decimal	152	3363	365	494374
cos	462	decimal-scaled	17	7424	5299	1969086
cos	462	decimal-scaled	28	9987	4990	7462169
cos	462	decimal-scaled	37	12018	6677	383771
cos	462	decimal-scaled	152	41252	14070	11062054
cos	462	fastnum	17	900368	179560	49347329
cos	462	fastnum	28	904620	94238	26729852
cos	462	fastnum	37	904478	93782	43297174
cos	462	fastnum	152	903597	105340	43260895
cos	462	g_math	17	187151	3712	15231389
cos	462	g_math	28	186642	3384	12224308
cos	462	g_math	37	186432	3659	12235768
cos	462	g_math	152	186752	3610	12229066
cos	462	rust_decimal	17	3372	364	21378
cos	462	rust_decimal	28	3368	366	1620533
cos	462	rust_decimal	37	3392	381	17734
cos	462	rust_decimal	152	3304	349	12555
cos	616	decimal-scaled	17	17864	13505	3041262
cos	616	decimal-scaled	28	23284	13675	47960
cos	616	decimal-scaled	37	27242	17954	9048584
cos	616	decimal-scaled	152	81288	30327	13111754
cos	616	fastnum	17	1326812	135454	60912768
cos	616	fastnum	28	1300232	148018	55064551
cos	616	fastnum	37	1413696	133801	40038549
cos	616	fastnum	152	1305271	134713	48997195
cos	616	g_math	17	423215	5921	10479566
cos	616	g_math	28	420901	5911	15435882
cos	616	g_math	37	424427	5941	12379179
cos	616	g_math	152	423115	5911	9516783
cos	616	rust_decimal	17	4408	450	47409
cos	616	rust_decimal	28	4443	451	66094
cos	616	rust_decimal	37	4404	501	2025735
cos	616	rust_decimal	152	4428	470	27161
cos	924	decimal-scaled	17	26579	21169	5043904
cos	924	decimal-scaled	28	33928	16010	10053138
cos	924	decimal-scaled	37	40516	23894	12062468
cos	924	decimal-scaled	152	101920	47568	13131594
cos	924	fastnum	17	1334968	133348	55015553
cos	924	fastnum	28	1372959	133859	55015025
cos	924	fastnum	37	1303910	133468	53984471
cos	924	fastnum	152	1304892	134701	55013455
cos	924	g_math	17	423409	5901	15403380
cos	924	g_math	28	426535	5901	9515271
cos	924	g_math	37	423149	5921	9301194
cos	924	g_math	152	421436	5891	15481776
cos	924	rust_decimal	17	4429	461	41177
cos	924	rust_decimal	28	4428	441	33242
cos	924	rust_decimal	37	4434	451	403421
cos	924	rust_decimal	152	4409	491	1960694
cos	1232	decimal-scaled	17	30450	20188	8040688
cos	1232	decimal-scaled	28	34653	18875	52943
cos	1232	decimal-scaled	37	43676	34936	189795
cos	1232	decimal-scaled	152	97925	50097	9118445
cos	1232	fastnum	17	1075108	110033	54734835
cos	1232	fastnum	28	1081383	113578	46185373
cos	1232	fastnum	37	1237031	139140	54024677
cos	1232	fastnum	152	1211190	124569	60056049
cos	1232	g_math	17	226103	4770	12267186
cos	1232	g_math	28	227561	4692	12275921
cos	1232	g_math	37	251953	5178	9252526
cos	1232	g_math	152	237021	4863	12323030
cos	1232	rust_decimal	17	4564	489	172406
cos	1232	rust_decimal	28	4140	418	2014675
cos	1232	rust_decimal	37	4062	498	1779617
cos	1232	rust_decimal	152	4570	529	46347
cosh	18	decimal-scaled	17	11412	9778	40936
cosh	18	g_math	17	289430	381	418231
cosh	38	decimal-scaled	17	11502	9638	42901
cosh	38	decimal-scaled	28	13966	11933	47729
cosh	38	decimal-scaled	37	15820	13476	29616
cosh	38	g_math	17	290020	381	530577
cosh	38	g_math	28	289444	390	426131
cosh	38	g_math	37	289203	391	419988
cosh	57	decimal-scaled	17	7705	4859	45024
cosh	57	decimal-scaled	28	9162	6131	36748
cosh	57	decimal-scaled	37	10810	6382	37430
cosh	57	g_math	17	288764	391	451383
cosh	57	g_math	28	287762	390	412319
cosh	57	g_math	37	288378	391	427167
cosh	76	decimal-scaled	17	8045	4909	58910
cosh	76	decimal-scaled	28	9528	6121	52028
cosh	76	decimal-scaled	37	11141	6622	59311
cosh	76	g_math	17	288104	381	517358
cosh	76	g_math	28	287448	391	459540
cosh	76	g_math	37	288004	380	419846
cosh	115	decimal-scaled	17	28282	14532	5200421
cosh	115	decimal-scaled	28	30134	17906	6155722
cosh	115	decimal-scaled	37	33830	17616	7312875
cosh	115	g_math	17	594926	441	11616707
cosh	115	g_math	28	594861	441	14610905
cosh	115	g_math	37	595682	430	6685919
cosh	153	decimal-scaled	17	23834	9327	6594177
cosh	153	decimal-scaled	28	18624	11802	10261317
cosh	153	decimal-scaled	37	21189	11922	12085023
cosh	153	decimal-scaled	152	73126	38472	6104396
cosh	153	g_math	17	574991	451	15752423
cosh	153	g_math	28	577180	450	8647159
cosh	153	g_math	37	576594	421	12614428
cosh	153	g_math	152	576098	431	9599652
cosh	230	decimal-scaled	17	31899	9828	7055054
cosh	230	decimal-scaled	28	20989	13005	12088372
cosh	230	decimal-scaled	37	23589	13375	13102513
cosh	230	decimal-scaled	152	86180	42469	12512426
cosh	230	g_math	17	573943	431	9611934
cosh	230	g_math	28	574248	421	9595357
cosh	230	g_math	37	574219	431	14509309
cosh	230	g_math	152	576118	440	11600602
cosh	307	decimal-scaled	17	30218	6872	7145430
cosh	307	decimal-scaled	28	13631	8383	14264537
cosh	307	decimal-scaled	37	15486	8956	12952605
cosh	307	decimal-scaled	152	99019	19912	15958788
cosh	307	g_math	17	220779	307	15244615
cosh	307	g_math	28	221744	306	12350405
cosh	307	g_math	37	250852	338	12289821
cosh	307	g_math	152	221532	310	12356321
cosh	462	decimal-scaled	17	32788	9317	7109379
cosh	462	decimal-scaled	28	18324	10791	16374161
cosh	462	decimal-scaled	37	19300	11579	15029878
cosh	462	decimal-scaled	152	61454	34028	16171898
cosh	462	g_math	17	220572	297	15249766
cosh	462	g_math	28	220445	282	6314938
cosh	462	g_math	37	221105	286	10224619
cosh	462	g_math	152	220462	281	12277373
cosh	616	decimal-scaled	17	90560	18726	29873613
cosh	616	decimal-scaled	28	44343	21991	44877630
cosh	616	decimal-scaled	37	38743	25027	46841585
cosh	616	decimal-scaled	152	110958	62778	26762999
cosh	616	g_math	17	575576	441	9606383
cosh	616	g_math	28	576618	430	12518411
cosh	616	g_math	37	574614	431	12606397
cosh	616	g_math	152	575946	430	9613272
cosh	924	decimal-scaled	17	138057	24155	18959398
cosh	924	decimal-scaled	28	60383	30597	25505388
cosh	924	decimal-scaled	37	55323	36147	53905669
cosh	924	decimal-scaled	152	131911	82664	51204501
cosh	924	g_math	17	575342	441	9596557
cosh	924	g_math	28	574691	420	9602754
cosh	924	g_math	37	574436	430	8543041
cosh	924	g_math	152	574576	441	12602770
cosh	1232	decimal-scaled	17	131514	27341	26132916
cosh	1232	decimal-scaled	28	96002	22120	33012937
cosh	1232	decimal-scaled	37	59472	41317	79346252
cosh	1232	decimal-scaled	152	133793	74789	98629598
cosh	1232	g_math	17	263249	362	10290872
cosh	1232	g_math	28	264280	358	10286832
cosh	1232	g_math	37	294854	375	12338634
cosh	1232	g_math	152	271370	345	14295118
div	18	decimal-rs	17	200	170	260
div	18	decimal-scaled	17	261	210	381
div	18	fastnum	17	1107	170	1723
div	18	g_math	17	2700	811	3778
div	18	rust_decimal	17	70	49	150
div	38	decimal-rs	17	200	160	260
div	38	decimal-rs	28	201	161	261
div	38	decimal-rs	37	200	161	221
div	38	decimal-scaled	17	430	281	612
div	38	decimal-scaled	28	1242	1082	12964
div	38	decimal-scaled	37	2435	1893	2524
div	38	fastnum	17	1097	170	1924
div	38	fastnum	28	1082	170	13325
div	38	fastnum	37	1087	150	1713
div	38	g_math	17	2700	792	3727
div	38	g_math	28	2700	782	3747
div	38	g_math	37	2720	851	3767
div	38	rust_decimal	17	70	50	181
div	38	rust_decimal	28	70	50	171
div	38	rust_decimal	37	70	50	191
div	57	decimal-rs	17	200	150	240
div	57	decimal-rs	28	200	170	291
div	57	decimal-rs	37	200	160	260
div	57	decimal-scaled	17	672	391	871
div	57	decimal-scaled	28	807	561	1022
div	57	decimal-scaled	37	771	501	962
div	57	fastnum	17	1102	160	1623
div	57	fastnum	28	1077	150	1693
div	57	fastnum	37	1082	161	1603
div	57	g_math	17	2690	801	3757
div	57	g_math	28	2680	751	3777
div	57	g_math	37	2695	781	4108
div	57	rust_decimal	17	76	50	171
div	57	rust_decimal	28	70	49	180
div	57	rust_decimal	37	70	50	170
div	76	decimal-rs	17	201	150	271
div	76	decimal-rs	28	200	150	300
div	76	decimal-rs	37	200	170	270
div	76	decimal-scaled	17	856	450	1303
div	76	decimal-scaled	28	871	551	1252
div	76	decimal-scaled	37	882	551	1242
div	76	fastnum	17	1092	170	1684
div	76	fastnum	28	1092	160	1542
div	76	fastnum	37	1102	160	1583
div	76	g_math	17	2660	772	3758
div	76	g_math	28	2675	762	3747
div	76	g_math	37	2675	792	3798
div	76	rust_decimal	17	70	50	150
div	76	rust_decimal	28	70	50	160
div	76	rust_decimal	37	70	60	191
div	115	decimal-rs	17	291	190	701
div	115	decimal-rs	28	281	211	631
div	115	decimal-rs	37	290	200	761
div	115	decimal-scaled	17	2063	831	4466
div	115	decimal-scaled	28	2194	1282	4516
div	115	decimal-scaled	37	2354	1453	4467
div	115	fastnum	17	1462	200	4387
div	115	fastnum	28	1482	220	2464
div	115	fastnum	37	1408	190	2674
div	115	g_math	17	3996	1232	10196
div	115	g_math	28	4171	1061	8392
div	115	g_math	37	4136	1252	7201
div	115	rust_decimal	17	115	60	310
div	115	rust_decimal	28	110	60	341
div	115	rust_decimal	37	120	70	310
div	153	decimal-rs	17	270	161	731
div	153	decimal-rs	28	300	190	691
div	153	decimal-rs	37	290	191	671
div	153	decimal-rs	152	281	170	3526
div	153	decimal-scaled	17	3301	1503	8907
div	153	decimal-scaled	28	3346	1663	9638
div	153	decimal-scaled	37	3657	1883	9748
div	153	decimal-scaled	152	4798	2975	4989
div	153	fastnum	17	1403	210	2284
div	153	fastnum	28	1382	201	2204
div	153	fastnum	37	1358	190	2365
div	153	fastnum	152	1393	210	2414
div	153	g_math	17	3972	1152	6722
div	153	g_math	28	4052	1183	12043
div	153	g_math	37	3988	1252	8185
div	153	g_math	152	4192	1352	25678
div	153	rust_decimal	17	106	60	290
div	153	rust_decimal	28	110	60	290
div	153	rust_decimal	37	110	70	301
div	153	rust_decimal	152	110	60	591
div	230	decimal-rs	17	310	170	832
div	230	decimal-rs	28	271	161	711
div	230	decimal-rs	37	291	171	851
div	230	decimal-rs	152	280	160	842
div	230	decimal-scaled	17	7158	2614	24755
div	230	decimal-scaled	28	6322	3376	30647
div	230	decimal-scaled	37	6553	3457	26129
div	230	decimal-scaled	152	8672	4379	17272
div	230	fastnum	17	1403	200	2334
div	230	fastnum	28	1408	191	2365
div	230	fastnum	37	1427	220	2254
div	230	fastnum	152	1438	180	5680
div	230	g_math	17	4008	1272	7885
div	230	g_math	28	4058	1243	11862
div	230	g_math	37	4178	1302	9027
div	230	g_math	152	4112	1513	106598
div	230	rust_decimal	17	110	60	250
div	230	rust_decimal	28	130	80	290
div	230	rust_decimal	37	126	70	290
div	230	rust_decimal	152	120	60	410
div	307	decimal-rs	17	182	146	417
div	307	decimal-rs	28	183	131	485
div	307	decimal-rs	37	181	123	2186
div	307	decimal-rs	152	182	143	547
div	307	decimal-scaled	17	7230	2619	39024
div	307	decimal-scaled	28	5548	2460	64772
div	307	decimal-scaled	37	7535	4103	396507
div	307	decimal-scaled	152	9404	6046	32195
div	307	fastnum	17	962	135	3101
div	307	fastnum	28	1114	161	2406
div	307	fastnum	37	961	129	2352
div	307	fastnum	152	952	149	4175
div	307	g_math	17	2124	651	2861
div	307	g_math	28	2032	617	2919
div	307	g_math	37	2308	768	4117
div	307	g_math	152	2450	780	5484
div	307	rust_decimal	17	82	50	435
div	307	rust_decimal	28	82	52	322
div	307	rust_decimal	37	80	49	319
div	307	rust_decimal	152	83	47	354
div	462	decimal-rs	17	179	154	627
div	462	decimal-rs	28	186	138	712
div	462	decimal-rs	37	197	133	570
div	462	decimal-rs	152	174	117	636
div	462	decimal-scaled	17	14706	5252	116981
div	462	decimal-scaled	28	11921	6338	259345
div	462	decimal-scaled	37	12266	6536	108502
div	462	decimal-scaled	152	17261	9675	186229
div	462	fastnum	17	976	147	1570
div	462	fastnum	28	980	145	1908
div	462	fastnum	37	989	144	1855
div	462	fastnum	152	989	158	1858
div	462	g_math	17	2050	671	3145
div	462	g_math	28	2048	626	2830
div	462	g_math	37	2004	720	2725
div	462	g_math	152	1936	676	3964
div	462	rust_decimal	17	82	45	608
div	462	rust_decimal	28	77	43	365
div	462	rust_decimal	37	96	48	345
div	462	rust_decimal	152	80	52	341
div	616	decimal-rs	17	290	180	641
div	616	decimal-rs	28	310	190	791
div	616	decimal-rs	37	291	170	731
div	616	decimal-rs	152	310	181	3687
div	616	decimal-scaled	17	33803	15449	1550913
div	616	decimal-scaled	28	26300	16912	328597
div	616	decimal-scaled	37	31854	19807	315363
div	616	decimal-scaled	152	41162	19386	345560
div	616	fastnum	17	1368	201	2294
div	616	fastnum	28	1358	181	2395
div	616	fastnum	37	1372	190	2254
div	616	fastnum	152	1382	190	23584
div	616	g_math	17	3246	761	7123
div	616	g_math	28	4013	1282	7003
div	616	g_math	37	4037	1182	7083
div	616	g_math	152	4028	1082	6983
div	616	rust_decimal	17	111	70	290
div	616	rust_decimal	28	110	80	350
div	616	rust_decimal	37	120	70	301
div	616	rust_decimal	152	116	60	701
div	924	decimal-rs	17	300	181	722
div	924	decimal-rs	28	270	190	822
div	924	decimal-rs	37	281	200	691
div	924	decimal-rs	152	281	190	652
div	924	decimal-scaled	17	63534	20598	945262
div	924	decimal-scaled	28	51346	28383	925445
div	924	decimal-scaled	37	58670	38282	3561277
div	924	decimal-scaled	152	83405	55904	817474
div	924	fastnum	17	1387	200	2204
div	924	fastnum	28	1383	181	2345
div	924	fastnum	37	1363	200	2324
div	924	fastnum	152	1402	201	2344
div	924	g_math	17	4092	1232	6753
div	924	g_math	28	3988	1192	7103
div	924	g_math	37	4077	1323	6743
div	924	g_math	152	4188	1142	7133
div	924	rust_decimal	17	115	80	351
div	924	rust_decimal	28	110	70	310
div	924	rust_decimal	37	111	80	360
div	924	rust_decimal	152	126	70	341
div	1232	decimal-rs	17	234	143	495
div	1232	decimal-rs	28	279	204	1466
div	1232	decimal-rs	37	247	200	570
div	1232	decimal-rs	152	304	184	736
div	1232	decimal-scaled	17	74010	27088	1598972
div	1232	decimal-scaled	28	59266	41200	7721469
div	1232	decimal-scaled	37	83401	38736	7151758
div	1232	decimal-scaled	152	117369	90111	8659196
div	1232	fastnum	17	1192	198	2671
div	1232	fastnum	28	1188	165	2360
div	1232	fastnum	37	1165	174	2219
div	1232	fastnum	152	1182	187	2283
div	1232	g_math	17	2702	955	4745
div	1232	g_math	28	2752	914	3485
div	1232	g_math	37	3296	1086	6444
div	1232	g_math	152	2857	684	16895
div	1232	rust_decimal	17	114	64	280
div	1232	rust_decimal	28	104	64	384
div	1232	rust_decimal	37	121	63	529
div	1232	rust_decimal	152	142	60	764
exp	18	decimal-rs	17	8277	40	21563
exp	18	decimal-scaled	17	7664	410	29395
exp	18	fastnum	17	429176	81	677161
exp	18	g_math	17	148164	200	224786
exp	18	rust_decimal	17	4178	40	15510
exp	38	decimal-rs	17	8275	40	20278
exp	38	decimal-rs	28	8326	40	44023
exp	38	decimal-rs	37	8296	40	21450
exp	38	decimal-scaled	17	7714	381	30447
exp	38	decimal-scaled	28	9308	390	39054
exp	38	decimal-scaled	37	10469	591	58660
exp	38	fastnum	17	428586	80	675120
exp	38	fastnum	28	428505	90	667043
exp	38	fastnum	37	428625	89	675439
exp	38	g_math	17	148067	200	223890
exp	38	g_math	28	148328	200	237977
exp	38	g_math	37	147797	200	480242
exp	38	rust_decimal	17	4163	50	16421
exp	38	rust_decimal	28	4188	50	16010
exp	38	rust_decimal	37	4188	40	17442
exp	57	decimal-rs	17	8295	40	20448
exp	57	decimal-rs	28	8286	40	20779
exp	57	decimal-rs	37	8315	40	22853
exp	57	decimal-scaled	17	4544	391	28273
exp	57	decimal-scaled	28	5490	521	21110
exp	57	decimal-scaled	37	6412	570	35887
exp	57	fastnum	17	428640	110	667746
exp	57	fastnum	28	431185	91	675561
exp	57	fastnum	37	428790	80	675581
exp	57	g_math	17	147255	200	249386
exp	57	g_math	28	147105	200	252280
exp	57	g_math	37	146995	200	239027
exp	57	rust_decimal	17	4178	40	22351
exp	57	rust_decimal	28	4173	40	16291
exp	57	rust_decimal	37	4142	40	16099
exp	76	decimal-rs	17	8356	40	20408
exp	76	decimal-rs	28	8346	40	19938
exp	76	decimal-rs	37	8336	40	21912
exp	76	decimal-scaled	17	6152	470	27591
exp	76	decimal-scaled	28	7213	651	33884
exp	76	decimal-scaled	37	8055	701	35185
exp	76	fastnum	17	427680	90	673229
exp	76	fastnum	28	428562	70	939759
exp	76	fastnum	37	425416	80	674542
exp	76	g_math	17	147075	200	225281
exp	76	g_math	28	147446	200	290143
exp	76	g_math	37	147004	200	221184
exp	76	rust_decimal	17	4212	50	16251
exp	76	rust_decimal	28	4222	29	16671
exp	76	rust_decimal	37	4212	29	15248
exp	115	decimal-rs	17	11507	50	4698756
exp	115	decimal-rs	28	11477	50	4030027
exp	115	decimal-rs	37	11507	50	2872573
exp	115	decimal-scaled	17	23766	1122	136372
exp	115	decimal-scaled	28	16915	1382	6101012
exp	115	decimal-scaled	37	19689	1572	5073431
exp	115	fastnum	17	607149	90	9619655
exp	115	fastnum	28	586108	70	12898463
exp	115	fastnum	37	601471	81	9808060
exp	115	g_math	17	300275	250	9380947
exp	115	g_math	28	302588	250	9338676
exp	115	g_math	37	299674	250	12400897
exp	115	rust_decimal	17	5684	40	32598
exp	115	rust_decimal	28	5668	80	2029334
exp	115	rust_decimal	37	5638	50	27270
exp	153	decimal-rs	17	10549	60	3058688
exp	153	decimal-rs	28	10580	50	4642922
exp	153	decimal-rs	37	10540	60	2063064
exp	153	decimal-rs	152	10660	50	5297718
exp	153	decimal-scaled	17	24766	1552	125473
exp	153	decimal-scaled	28	25067	1984	10112601
exp	153	decimal-scaled	37	20388	2265	8120719
exp	153	decimal-scaled	152	77429	3346	6162824
exp	153	fastnum	17	572987	110	9607665
exp	153	fastnum	28	568098	110	9608331
exp	153	fastnum	37	565053	140	10268870
exp	153	fastnum	152	575923	110	9851192
exp	153	g_math	17	291122	260	9327966
exp	153	g_math	28	292735	260	15313205
exp	153	g_math	37	292325	260	12327223
exp	153	g_math	152	292334	260	13313850
exp	153	rust_decimal	17	5270	60	2502118
exp	153	rust_decimal	28	5280	70	2802480
exp	153	rust_decimal	37	5290	60	2455003
exp	153	rust_decimal	152	5320	50	2165293
exp	230	decimal-rs	17	10750	50	2525775
exp	230	decimal-rs	28	10720	50	4745291
exp	230	decimal-rs	37	10720	50	4674391
exp	230	decimal-rs	152	10729	50	4697036
exp	230	decimal-scaled	17	34655	3416	6063870
exp	230	decimal-scaled	28	39493	3657	6723469
exp	230	decimal-scaled	37	22993	3877	8502122
exp	230	decimal-scaled	152	86626	5531	12105819
exp	230	fastnum	17	569830	110	12608395
exp	230	fastnum	28	575120	110	14786188
exp	230	fastnum	37	577344	101	12605696
exp	230	fastnum	152	568659	130	13522846
exp	230	g_math	17	291112	260	12374072
exp	230	g_math	28	291733	251	12345354
exp	230	g_math	37	291923	250	12332052
exp	230	g_math	152	292785	260	12326539
exp	230	rust_decimal	17	5210	50	124913
exp	230	rust_decimal	28	5215	60	26680
exp	230	rust_decimal	37	5240	60	682411
exp	230	rust_decimal	152	5250	60	705383
exp	307	decimal-rs	17	7546	41	3332788
exp	307	decimal-rs	28	7442	36	2018430
exp	307	decimal-rs	37	7381	37	837614
exp	307	decimal-rs	152	7378	37	3023009
exp	307	decimal-scaled	17	32688	2670	3019984
exp	307	decimal-scaled	28	35982	2787	6066713
exp	307	decimal-scaled	37	15270	3311	10197285
exp	307	decimal-scaled	152	62162	5465	9128176
exp	307	fastnum	17	441069	90	18462499
exp	307	fastnum	28	427390	105	9639605
exp	307	fastnum	37	399449	106	9494436
exp	307	fastnum	152	395155	95	15388230
exp	307	g_math	17	113671	165	11175852
exp	307	g_math	28	112637	159	15145791
exp	307	g_math	37	113808	155	12124916
exp	307	g_math	152	114167	156	12176963
exp	307	rust_decimal	17	4042	56	10861
exp	307	rust_decimal	28	3945	40	62347
exp	307	rust_decimal	37	3999	58	1567774
exp	307	rust_decimal	152	3986	50	15241
exp	462	decimal-rs	17	7408	40	1039191
exp	462	decimal-rs	28	7427	37	2194402
exp	462	decimal-rs	37	7376	35	2443877
exp	462	decimal-rs	152	7396	37	21492
exp	462	decimal-scaled	17	34792	5059	5063019
exp	462	decimal-scaled	28	38510	5580	9182612
exp	462	decimal-scaled	37	19020	6804	9076889
exp	462	decimal-scaled	152	61289	9163	9149646
exp	462	fastnum	17	394435	92	14298436
exp	462	fastnum	28	465701	78	6613194
exp	462	fastnum	37	396557	60	9472895
exp	462	fastnum	152	395165	102	12423873
exp	462	g_math	17	113179	148	20135694
exp	462	g_math	28	113846	161	17139662
exp	462	g_math	37	113240	154	9183824
exp	462	g_math	152	113055	163	12133575
exp	462	rust_decimal	17	3994	66	850301
exp	462	rust_decimal	28	3976	40	138574
exp	462	rust_decimal	37	3912	48	12781
exp	462	rust_decimal	152	3985	29	1402731
exp	616	decimal-rs	17	10650	50	4376671
exp	616	decimal-rs	28	10660	60	4872751
exp	616	decimal-rs	37	10640	60	2040332
exp	616	decimal-rs	152	10640	60	1159838
exp	616	decimal-scaled	17	86022	11411	6114253
exp	616	decimal-scaled	28	95344	14808	12124342
exp	616	decimal-scaled	37	50395	17824	9356502
exp	616	decimal-scaled	152	175905	24405	11329648
exp	616	fastnum	17	559721	120	12601799
exp	616	fastnum	28	566915	110	11502404
exp	616	fastnum	37	561444	110	14402316
exp	616	fastnum	152	564049	100	9619828
exp	616	g_math	17	291557	250	12334757
exp	616	g_math	28	292830	250	14309004
exp	616	g_math	37	293531	260	15315294
exp	616	g_math	152	293270	260	12324537
exp	616	rust_decimal	17	5290	60	460826
exp	616	rust_decimal	28	5315	60	23344
exp	616	rust_decimal	37	5295	60	26138
exp	616	rust_decimal	152	5326	71	395433
exp	924	decimal-rs	17	10590	60	2038410
exp	924	decimal-rs	28	10610	60	2032417
exp	924	decimal-rs	37	10640	60	4912735
exp	924	decimal-rs	152	10690	50	4887860
exp	924	decimal-scaled	17	130188	22011	7592615
exp	924	decimal-scaled	28	144699	27952	9276971
exp	924	decimal-scaled	37	66113	33562	14527421
exp	924	decimal-scaled	152	228736	44994	18086325
exp	924	fastnum	17	561567	120	9602830
exp	924	fastnum	28	560895	101	11542835
exp	924	fastnum	37	563660	110	11592056
exp	924	fastnum	152	557699	101	15541853
exp	924	g_math	17	291573	261	12342595
exp	924	g_math	28	292374	250	9330978
exp	924	g_math	37	292145	250	17321770
exp	924	g_math	152	293477	251	17326173
exp	924	rust_decimal	17	5310	50	2037217
exp	924	rust_decimal	28	5294	60	1840289
exp	924	rust_decimal	37	5274	70	1133853
exp	924	rust_decimal	152	5300	60	31208
exp	1232	decimal-rs	17	8840	50	4052510
exp	1232	decimal-rs	28	9964	52	2350884
exp	1232	decimal-rs	37	10247	45	2288786
exp	1232	decimal-rs	152	9879	45	4813635
exp	1232	decimal-scaled	17	160635	27974	8656743
exp	1232	decimal-scaled	28	159798	31397	16051401
exp	1232	decimal-scaled	37	61248	39726	16006276
exp	1232	decimal-scaled	152	293690	61979	17720899
exp	1232	fastnum	17	486104	108	12519266
exp	1232	fastnum	28	487810	348	12614460
exp	1232	fastnum	37	560965	206	12722739
exp	1232	fastnum	152	567200	133	9609437
exp	1232	g_math	17	136325	198	12217146
exp	1232	g_math	28	136373	195	9182387
exp	1232	g_math	37	137550	207	12171534
exp	1232	g_math	152	154035	222	15180608
exp	1232	rust_decimal	17	4802	64	21955
exp	1232	rust_decimal	28	4814	77	2270004
exp	1232	rust_decimal	37	5426	68	2018624
exp	1232	rust_decimal	152	5466	94	17778
exp2	18	decimal-scaled	17	7660	281	19477
exp2	18	fastnum	17	1543868	461	1850514
exp2	38	decimal-scaled	17	7714	280	20589
exp2	38	decimal-scaled	28	9358	330	41118
exp2	38	decimal-scaled	37	10419	491	42560
exp2	38	fastnum	17	1540564	441	1815881
exp2	38	fastnum	28	1540824	441	1812524
exp2	38	fastnum	37	1540413	461	1831279
exp2	57	decimal-scaled	17	11066	931	36689
exp2	57	decimal-scaled	28	12924	1112	48731
exp2	57	decimal-scaled	37	14657	1262	35276
exp2	57	fastnum	17	1540765	500	1817924
exp2	57	fastnum	28	1540555	450	1816030
exp2	57	fastnum	37	1547378	411	1870241
exp2	76	decimal-scaled	17	11096	1002	41327
exp2	76	decimal-scaled	28	13180	1153	51336
exp2	76	decimal-scaled	37	15028	1393	50655
exp2	76	fastnum	17	1539871	421	2995425
exp2	76	fastnum	28	1538729	441	1815988
exp2	76	fastnum	37	1539140	451	2012456
exp2	115	decimal-scaled	17	39414	2684	6067074
exp2	115	decimal-scaled	28	47325	3245	6071838
exp2	115	decimal-scaled	37	51842	3625	12092951
exp2	115	fastnum	17	2357991	731	12921299
exp2	115	fastnum	28	2239303	832	13810924
exp2	115	fastnum	37	2234638	731	17041743
exp2	153	decimal-scaled	17	39424	3206	5150258
exp2	153	decimal-scaled	28	48240	3878	11062460
exp2	153	decimal-scaled	37	50975	4088	12078000
exp2	153	decimal-scaled	152	112970	6683	9162339
exp2	153	fastnum	17	2025704	761	10892715
exp2	153	fastnum	28	2054487	721	13949068
exp2	153	fastnum	37	2004565	711	13442674
exp2	153	fastnum	152	2018943	972	11162714
exp2	230	decimal-scaled	17	58108	5370	5121096
exp2	230	decimal-scaled	28	72044	5511	13085346
exp2	230	decimal-scaled	37	81472	5810	12163787
exp2	230	decimal-scaled	152	174184	9087	12288460
exp2	230	fastnum	17	2017658	772	13379871
exp2	230	fastnum	28	2004651	721	12950110
exp2	230	fastnum	37	2025700	772	12906188
exp2	230	fastnum	152	2044195	761	12907862
exp2	307	decimal-scaled	17	48581	3993	3089711
exp2	307	decimal-scaled	28	65189	4819	14119661
exp2	307	decimal-scaled	37	73482	5132	13104457
exp2	307	decimal-scaled	152	185088	8823	12486119
exp2	307	fastnum	17	1375653	662	12661649
exp2	307	fastnum	28	1369696	528	15491294
exp2	307	fastnum	37	1380910	712	12237524
exp2	307	fastnum	152	1365984	820	15119478
exp2	462	decimal-scaled	17	51994	6292	7111464
exp2	462	decimal-scaled	28	69646	7013	12122448
exp2	462	decimal-scaled	37	79358	7804	12409657
exp2	462	decimal-scaled	152	171005	11312	12223455
exp2	462	fastnum	17	1378802	536	13122880
exp2	462	fastnum	28	1373503	542	15286830
exp2	462	fastnum	37	1378375	550	10343503
exp2	462	fastnum	152	1380418	580	10618921
exp2	616	decimal-scaled	17	200106	15690	7015304
exp2	616	decimal-scaled	28	246784	17483	19790852
exp2	616	decimal-scaled	37	305764	19586	18266467
exp2	616	decimal-scaled	152	708947	28835	14569685
exp2	616	fastnum	17	1988033	672	16485423
exp2	616	fastnum	28	2020144	731	18111897
exp2	616	fastnum	37	2022529	671	13991077
exp2	616	fastnum	152	1998772	761	13862886
exp2	924	decimal-scaled	17	237734	26460	7400898
exp2	924	decimal-scaled	28	297008	31008	17557414
exp2	924	decimal-scaled	37	345865	36348	18248215
exp2	924	decimal-scaled	152	745269	51225	16168995
exp2	924	fastnum	17	1991712	972	14086416
exp2	924	fastnum	28	2033720	701	12891312
exp2	924	fastnum	37	1988517	751	13815116
exp2	924	fastnum	152	2014434	761	11115384
exp2	1232	decimal-scaled	17	361965	30597	8090506
exp2	1232	decimal-scaled	28	438945	33142	27024535
exp2	1232	decimal-scaled	37	599609	38586	24431397
exp2	1232	decimal-scaled	152	2043555	65327	37001619
exp2	1232	fastnum	17	1619496	741	14778612
exp2	1232	fastnum	28	1657848	683	15695467
exp2	1232	fastnum	37	1820303	858	17049871
exp2	1232	fastnum	152	1751469	700	8987666
hypot	18	decimal-scaled	17	291	220	491
hypot	38	decimal-scaled	17	431	300	761
hypot	38	decimal-scaled	28	581	411	721
hypot	38	decimal-scaled	37	592	390	801
hypot	57	decimal-scaled	17	591	330	1623
hypot	57	decimal-scaled	28	816	490	1563
hypot	57	decimal-scaled	37	1032	551	1523
hypot	76	decimal-scaled	17	772	431	2705
hypot	76	decimal-scaled	28	977	561	2334
hypot	76	decimal-scaled	37	1252	651	2234
hypot	115	decimal-scaled	17	1893	761	46338
hypot	115	decimal-scaled	28	2543	1282	8923
hypot	115	decimal-scaled	37	2844	1442	8232
hypot	153	decimal-scaled	17	3016	1433	17513
hypot	153	decimal-scaled	28	4047	1653	23143
hypot	153	decimal-scaled	37	4388	2264	26179
hypot	153	decimal-scaled	152	6532	3095	8516
hypot	230	decimal-scaled	17	5711	2334	48841
hypot	230	decimal-scaled	28	6893	3686	47799
hypot	230	decimal-scaled	37	7464	3877	47488
hypot	230	decimal-scaled	152	10825	5320	33723
hypot	307	decimal-scaled	17	4963	2395	101852
hypot	307	decimal-scaled	28	5911	2679	74246
hypot	307	decimal-scaled	37	7473	3411	87193
hypot	307	decimal-scaled	152	11288	6071	570647
hypot	462	decimal-scaled	17	9798	5591	190042
hypot	462	decimal-scaled	28	10786	5526	1522309
hypot	462	decimal-scaled	37	12477	6428	190944
hypot	462	decimal-scaled	152	17767	10219	201829
hypot	616	decimal-scaled	17	23273	14837	2375512
hypot	616	decimal-scaled	28	25328	15479	5319882
hypot	616	decimal-scaled	37	29390	18846	1877287
hypot	616	decimal-scaled	152	40686	17984	3058173
hypot	924	decimal-scaled	17	43100	24635	6811076
hypot	924	decimal-scaled	28	42720	23383	12299455
hypot	924	decimal-scaled	37	53039	36468	9394399
hypot	924	decimal-scaled	152	76312	35777	10552798
hypot	1232	decimal-scaled	17	51020	34478	9007891
hypot	1232	decimal-scaled	28	50294	31032	4933447
hypot	1232	decimal-scaled	37	61447	36721	9390747
hypot	1232	decimal-scaled	152	103748	71136	9480795
ln	18	decimal-rs	17	4830	591	16062
ln	18	decimal-scaled	17	7634	371	19156
ln	18	fastnum	17	3250132	582	61616791
ln	18	g_math	17	197741	421	419267
ln	18	rust_decimal	17	8197	401	23115
ln	38	decimal-rs	17	4849	521	21861
ln	38	decimal-rs	28	4819	521	15820
ln	38	decimal-rs	37	4829	571	17402
ln	38	decimal-scaled	17	7815	371	20048
ln	38	decimal-scaled	28	9728	531	44103
ln	38	decimal-scaled	37	11006	562	23805
ln	38	fastnum	17	3259131	561	61654979
ln	38	fastnum	28	3256619	681	61693890
ln	38	fastnum	37	3256300	721	61578022
ln	38	g_math	17	195646	391	405920
ln	38	g_math	28	197431	381	367631
ln	38	g_math	37	197640	391	1025515
ln	38	rust_decimal	17	8175	371	25027
ln	38	rust_decimal	28	8185	391	24556
ln	38	rust_decimal	37	8185	421	23724
ln	57	decimal-rs	17	4839	551	15699
ln	57	decimal-rs	28	4839	541	15579
ln	57	decimal-rs	37	4829	571	15238
ln	57	decimal-scaled	17	2093	1573	108843
ln	57	decimal-scaled	28	2685	1793	12964
ln	57	decimal-scaled	37	3196	1824	14176
ln	57	fastnum	17	3258594	541	62548006
ln	57	fastnum	28	3260411	721	61757007
ln	57	fastnum	37	3261733	561	61837922
ln	57	g_math	17	193161	410	377455
ln	57	g_math	28	197869	391	394867
ln	57	g_math	37	197459	381	401680
ln	57	rust_decimal	17	8225	410	22012
ln	57	rust_decimal	28	8225	411	24445
ln	57	rust_decimal	37	8225	401	33071
ln	76	decimal-rs	17	4920	581	16181
ln	76	decimal-rs	28	4919	541	15730
ln	76	decimal-rs	37	4940	541	16620
ln	76	decimal-scaled	17	2274	1724	13565
ln	76	decimal-scaled	28	2835	1763	18084
ln	76	decimal-scaled	37	3396	1853	14948
ln	76	fastnum	17	3257335	641	61805695
ln	76	fastnum	28	3264303	551	62934225
ln	76	fastnum	37	3253742	581	61727170
ln	76	g_math	17	194975	390	378829
ln	76	g_math	28	192210	401	373810
ln	76	g_math	37	192440	401	373058
ln	76	rust_decimal	17	8266	411	22402
ln	76	rust_decimal	28	8246	411	29936
ln	76	rust_decimal	37	8276	411	22793
ln	115	decimal-rs	17	6760	771	24766
ln	115	decimal-rs	28	6750	791	2044176
ln	115	decimal-rs	37	6770	691	21122
ln	115	decimal-scaled	17	4086	2904	646087
ln	115	decimal-scaled	28	5198	3465	56564
ln	115	decimal-scaled	37	6199	3645	959741
ln	115	fastnum	17	10648404	881	197486935
ln	115	fastnum	28	10533556	891	250867575
ln	115	fastnum	37	10446408	801	193980291
ln	115	g_math	17	370048	481	7690825
ln	115	g_math	28	368876	521	9694863
ln	115	g_math	37	370378	521	12247553
ln	115	rust_decimal	17	11887	541	3095913
ln	115	rust_decimal	28	11667	541	4032310
ln	115	rust_decimal	37	11688	561	1692005
ln	153	decimal-rs	17	6252	651	2037305
ln	153	decimal-rs	28	6282	741	4029990
ln	153	decimal-rs	37	6262	662	2041945
ln	153	decimal-rs	152	6281	661	3162451
ln	153	decimal-scaled	17	4999	3547	38602
ln	153	decimal-scaled	28	6202	4048	1137950
ln	153	decimal-scaled	37	7333	4128	2931891
ln	153	decimal-scaled	152	37420	8826	3064406
ln	153	fastnum	17	10080926	752	173265596
ln	153	fastnum	28	10052092	851	195140223
ln	153	fastnum	37	10068794	751	179428670
ln	153	fastnum	152	10056906	791	181911766
ln	153	g_math	17	375860	541	12668889
ln	153	g_math	28	376081	521	15096771
ln	153	g_math	37	379327	531	12674569
ln	153	g_math	152	377984	561	15332289
ln	153	rust_decimal	17	10951	501	4037721
ln	153	rust_decimal	28	10981	501	1904730
ln	153	rust_decimal	37	10890	541	60503
ln	153	rust_decimal	152	10971	531	6034520
ln	230	decimal-rs	17	6292	721	3139642
ln	230	decimal-rs	28	6332	701	526069
ln	230	decimal-rs	37	6352	732	3408405
ln	230	decimal-rs	152	6292	711	1522242
ln	230	decimal-scaled	17	6411	4899	33693
ln	230	decimal-scaled	28	8205	5310	44653
ln	230	decimal-scaled	37	9418	5521	5285976
ln	230	decimal-scaled	152	40034	10699	3058873
ln	230	fastnum	17	10075672	821	212758212
ln	230	fastnum	28	10056645	852	203100207
ln	230	fastnum	37	10063270	761	185789007
ln	230	fastnum	152	10080340	761	221648226
ln	230	g_math	17	372153	501	15661118
ln	230	g_math	28	373114	532	20452801
ln	230	g_math	37	375389	531	14352573
ln	230	g_math	152	374517	541	13505343
ln	230	rust_decimal	17	10850	531	2055996
ln	230	rust_decimal	28	10830	511	4047492
ln	230	rust_decimal	37	10840	541	3524370
ln	230	rust_decimal	152	10790	531	5447309
ln	307	decimal-rs	17	4398	580	1999331
ln	307	decimal-rs	28	4406	638	2358401
ln	307	decimal-rs	37	4408	630	26604
ln	307	decimal-rs	152	4385	513	2197393
ln	307	decimal-scaled	17	4696	3653	13068
ln	307	decimal-scaled	28	6119	3839	927773
ln	307	decimal-scaled	37	7151	4483	3752333
ln	307	decimal-scaled	152	26600	7617	9037363
ln	307	fastnum	17	8662874	537	118309961
ln	307	fastnum	28	8749714	594	131847421
ln	307	fastnum	37	6599044	674	137019808
ln	307	fastnum	152	8684866	604	156208703
ln	307	g_math	17	165825	333	13081698
ln	307	g_math	28	165904	420	14299765
ln	307	g_math	37	165515	402	13287421
ln	307	g_math	152	165536	350	15283945
ln	307	rust_decimal	17	8829	346	2047871
ln	307	rust_decimal	28	8782	332	2016928
ln	307	rust_decimal	37	8737	342	1903203
ln	307	rust_decimal	152	8754	390	19964
ln	462	decimal-rs	17	4408	578	1547588
ln	462	decimal-rs	28	4402	537	2292659
ln	462	decimal-rs	37	4412	631	1751518
ln	462	decimal-rs	152	4453	580	24876
ln	462	decimal-scaled	17	9713	8157	2129504
ln	462	decimal-scaled	28	11675	6649	8021933
ln	462	decimal-scaled	37	13813	8491	10225136
ln	462	decimal-scaled	152	31053	13316	9041975
ln	462	fastnum	17	8655388	587	130202377
ln	462	fastnum	28	7567750	518	146907494
ln	462	fastnum	37	8626057	584	133849356
ln	462	fastnum	152	6158572	619	141525102
ln	462	g_math	17	165835	349	12299642
ln	462	g_math	28	165650	395	12288394
ln	462	g_math	37	165340	340	12297364
ln	462	g_math	152	165893	382	12277326
ln	462	rust_decimal	17	8780	340	2139845
ln	462	rust_decimal	28	8740	341	4363181
ln	462	rust_decimal	37	8753	344	1022968
ln	462	rust_decimal	152	8743	312	21653
ln	616	decimal-rs	17	6311	702	1974999
ln	616	decimal-rs	28	6311	762	2022569
ln	616	decimal-rs	37	6332	711	2025835
ln	616	decimal-rs	152	6332	752	2970229
ln	616	decimal-scaled	17	18965	15599	49032
ln	616	decimal-scaled	28	23083	17613	6044583
ln	616	decimal-scaled	37	27221	18385	1382345
ln	616	decimal-scaled	152	58721	24877	16119122
ln	616	fastnum	17	10220762	841	188994899
ln	616	fastnum	28	10045813	761	194330463
ln	616	fastnum	37	10134454	761	202751172
ln	616	fastnum	152	10052158	801	209625460
ln	616	g_math	17	380405	551	12291677
ln	616	g_math	28	379382	591	11488026
ln	616	g_math	37	379032	571	16420901
ln	616	g_math	152	378782	511	9662087
ln	616	rust_decimal	17	10950	561	4031712
ln	616	rust_decimal	28	10971	571	3965147
ln	616	rust_decimal	37	10921	511	4509810
ln	616	rust_decimal	152	10971	551	3230878
ln	924	decimal-rs	17	6282	741	866825
ln	924	decimal-rs	28	6332	652	26750
ln	924	decimal-rs	37	6302	701	2025675
ln	924	decimal-rs	152	6312	761	3548794
ln	924	decimal-scaled	17	30246	17283	9050764
ln	924	decimal-scaled	28	36458	26439	12051532
ln	924	decimal-scaled	37	42550	24094	3065502
ln	924	decimal-scaled	152	84497	46456	15107604
ln	924	fastnum	17	11000354	772	243020989
ln	924	fastnum	28	10052537	742	208534500
ln	924	fastnum	37	10042959	741	165997049
ln	924	fastnum	152	10029435	1102	191408939
ln	924	g_math	17	378094	551	11670544
ln	924	g_math	28	374568	511	15339184
ln	924	g_math	37	375850	532	11504199
ln	924	g_math	152	373396	531	12678511
ln	924	rust_decimal	17	10921	541	3050736
ln	924	rust_decimal	28	10961	561	5752780
ln	924	rust_decimal	37	10970	551	4141008
ln	924	rust_decimal	152	10940	531	1042173
ln	1232	decimal-rs	17	5319	772	15613
ln	1232	decimal-rs	28	6113	770	3187696
ln	1232	decimal-rs	37	5606	865	2732392
ln	1232	decimal-rs	152	6134	862	3697787
ln	1232	decimal-scaled	17	35898	28174	6047656
ln	1232	decimal-scaled	28	40275	34037	12048644
ln	1232	decimal-scaled	37	48693	39076	9059687
ln	1232	decimal-scaled	152	90095	57860	6106629
ln	1232	fastnum	17	9313488	660	172733869
ln	1232	fastnum	28	9326979	661	178717885
ln	1232	fastnum	37	9813105	858	208239948
ln	1232	fastnum	152	9906965	668	171192488
ln	1232	g_math	17	199127	403	9340737
ln	1232	g_math	28	198516	460	13294638
ln	1232	g_math	37	232733	461	12411939
ln	1232	g_math	152	201270	405	20298248
ln	1232	rust_decimal	17	10549	491	3022494
ln	1232	rust_decimal	28	10548	456	2025061
ln	1232	rust_decimal	37	11458	507	4038566
ln	1232	rust_decimal	152	10646	455	4945207
log	18	decimal-scaled	17	20479	1132	24065
log	38	decimal-scaled	17	19882	1022	67596
log	38	decimal-scaled	28	24892	1202	96150
log	38	decimal-scaled	37	29605	1332	49834
log	57	decimal-scaled	17	12673	1452	27501
log	57	decimal-scaled	28	14959	1673	36057
log	57	decimal-scaled	37	17062	1863	55995
log	76	decimal-scaled	17	12794	1703	194684
log	76	decimal-scaled	28	15299	1823	33794
log	76	decimal-scaled	37	17403	1853	31258
log	115	decimal-scaled	17	39123	4737	5757515
log	115	decimal-scaled	28	44836	5368	6064267
log	115	decimal-scaled	37	50064	5428	14069758
log	153	decimal-scaled	17	40150	5341	9067852
log	153	decimal-scaled	28	47288	6111	12065969
log	153	decimal-scaled	37	52178	6713	12073723
log	153	decimal-scaled	152	165518	8355	6197048
log	230	decimal-scaled	17	52046	6411	3081963
log	230	decimal-scaled	28	61860	8566	9703445
log	230	decimal-scaled	37	69154	9157	12088666
log	230	decimal-scaled	152	198149	12473	11213285
log	307	decimal-scaled	17	49052	7413	6056175
log	307	decimal-scaled	28	57042	8073	12069259
log	307	decimal-scaled	37	63244	8426	12079028
log	307	decimal-scaled	152	185361	12535	15207181
log	462	decimal-scaled	17	52367	10606	9062574
log	462	decimal-scaled	28	61164	11623	12072246
log	462	decimal-scaled	37	67955	13311	12079663
log	462	decimal-scaled	152	168984	16971	7179102
log	616	decimal-scaled	17	140754	28754	9152158
log	616	decimal-scaled	28	162786	30648	15183628
log	616	decimal-scaled	37	181546	34424	15209495
log	616	decimal-scaled	152	420434	46247	15440126
log	924	decimal-scaled	17	221844	48961	8229269
log	924	decimal-scaled	28	254805	47358	11284522
log	924	decimal-scaled	37	286589	63369	15293715
log	924	decimal-scaled	152	625616	85259	9674069
log	1232	decimal-scaled	17	195612	57656	9219021
log	1232	decimal-scaled	28	222851	61991	15245850
log	1232	decimal-scaled	37	256634	69885	17268861
log	1232	decimal-scaled	152	573018	103838	15616495
log10	18	decimal-scaled	17	12419	7895	34696
log10	18	fastnum	17	3253237	351	61774614
log10	18	rust_decimal	17	8898	90	31252
log10	38	decimal-scaled	17	12669	8015	56546
log10	38	decimal-scaled	28	15464	9878	51618
log10	38	decimal-scaled	37	17117	11552	68759
log10	38	fastnum	17	3259874	320	62670326
log10	38	fastnum	28	3254805	311	62561918
log10	38	fastnum	37	3256214	341	61808855
log10	38	rust_decimal	17	8916	100	21811
log10	38	rust_decimal	28	8897	110	28283
log10	38	rust_decimal	37	8897	111	28975
log10	57	decimal-scaled	17	7449	4348	18585
log10	57	decimal-scaled	28	8536	4589	27752
log10	57	decimal-scaled	37	9718	4749	27932
log10	57	fastnum	17	3255007	240	61941987
log10	57	fastnum	28	3257920	381	62075518
log10	57	fastnum	37	3265947	351	61953968
log10	57	rust_decimal	17	8926	100	22613
log10	57	rust_decimal	28	8917	90	24245
log10	57	rust_decimal	37	8937	100	21470
log10	76	decimal-scaled	17	7524	4298	20388
log10	76	decimal-scaled	28	8766	4709	25668
log10	76	decimal-scaled	37	9889	4769	22061
log10	76	fastnum	17	3253297	350	62048730
log10	76	fastnum	28	3252296	360	62606735
log10	76	fastnum	37	3253787	370	61825184
log10	76	rust_decimal	17	8997	100	22502
log10	76	rust_decimal	28	8987	110	22562
log10	76	rust_decimal	37	8987	110	24535
log10	115	decimal-scaled	17	23304	12819	2038438
log10	115	decimal-scaled	28	25743	14541	6042405
log10	115	decimal-scaled	37	28702	14441	6119900
log10	115	fastnum	17	10451931	601	218370218
log10	115	fastnum	28	10461848	570	237239172
log10	115	fastnum	37	10436830	611	222208298
log10	115	rust_decimal	17	12478	120	5034253
log10	115	rust_decimal	28	12969	130	5967725
log10	115	rust_decimal	37	12949	120	6033261
log10	153	decimal-scaled	17	24045	13686	4110563
log10	153	decimal-scaled	28	27361	15108	8046050
log10	153	decimal-scaled	37	29825	15198	9052213
log10	153	decimal-scaled	152	85539	29555	8107786
log10	153	fastnum	17	10037377	521	192928006
log10	153	fastnum	28	10040864	551	184761966
log10	153	fastnum	37	10052728	561	177789038
log10	153	fastnum	152	10056733	531	237019325
log10	153	rust_decimal	17	12172	130	1807798
log10	153	rust_decimal	28	12213	140	3040366
log10	153	rust_decimal	37	12143	140	5802955
log10	153	rust_decimal	152	12192	140	4567571
log10	230	decimal-scaled	17	31228	18184	81963
log10	230	decimal-scaled	28	35546	19897	8058604
log10	230	decimal-scaled	37	39193	19977	11130584
log10	230	decimal-scaled	152	104644	36909	12132249
log10	230	fastnum	17	10062993	441	191836084
log10	230	fastnum	28	10063889	471	214735674
log10	230	fastnum	37	10062677	662	202292632
log10	230	fastnum	152	10066574	481	187837360
log10	230	rust_decimal	17	11942	140	3784221
log10	230	rust_decimal	28	11993	120	1831889
log10	230	rust_decimal	37	12022	131	3599098
log10	230	rust_decimal	152	11973	130	52428
log10	307	decimal-scaled	17	29483	16477	4200489
log10	307	decimal-scaled	28	32614	18768	10646501
log10	307	decimal-scaled	37	35795	18803	13888388
log10	307	decimal-scaled	152	98118	36423	12117257
log10	307	fastnum	17	5909502	364	136086536
log10	307	fastnum	28	6299510	469	146188219
log10	307	fastnum	37	8239172	424	138118908
log10	307	fastnum	152	5955096	447	119197011
log10	307	rust_decimal	17	9649	100	2489976
log10	307	rust_decimal	28	9427	98	2622811
log10	307	rust_decimal	37	9465	94	4074047
log10	307	rust_decimal	152	9520	90	2605514
log10	462	decimal-scaled	17	31784	19679	2109131
log10	462	decimal-scaled	28	35217	20843	12051345
log10	462	decimal-scaled	37	39172	21485	2266923
log10	462	decimal-scaled	152	90660	36115	13104666
log10	462	fastnum	17	5934394	461	130690140
log10	462	fastnum	28	5945583	328	137979422
log10	462	fastnum	37	7922233	308	153998813
log10	462	fastnum	152	6073755	433	131933875
log10	462	rust_decimal	17	9452	80	2504050
log10	462	rust_decimal	28	9394	75	4775432
log10	462	rust_decimal	37	9517	81	24658
log10	462	rust_decimal	152	9489	88	4270260
log10	616	decimal-scaled	17	84558	50675	8106465
log10	616	decimal-scaled	28	93155	55153	15107345
log10	616	decimal-scaled	37	103364	57167	12129331
log10	616	decimal-scaled	152	224696	107782	15231846
log10	616	fastnum	17	10048123	471	192436071
log10	616	fastnum	28	10047170	591	213911474
log10	616	fastnum	37	10050757	561	228163670
log10	616	fastnum	152	10053064	430	242230815
log10	616	rust_decimal	17	12173	180	40687
log10	616	rust_decimal	28	12133	150	6036998
log10	616	rust_decimal	37	12123	131	3036604
log10	616	rust_decimal	152	12143	141	2066772
log10	924	decimal-scaled	17	134420	72706	10620431
log10	924	decimal-scaled	28	146032	89267	13749728
log10	924	decimal-scaled	37	161486	84617	16780700
log10	924	decimal-scaled	152	335665	140051	15371987
log10	924	fastnum	17	10040013	571	223830379
log10	924	fastnum	28	10038580	601	191584648
log10	924	fastnum	37	10043168	551	207279557
log10	924	fastnum	152	10019746	732	201514399
log10	924	rust_decimal	17	12163	120	3045777
log10	924	rust_decimal	28	12182	140	3968145
log10	924	rust_decimal	37	12133	140	3036449
log10	924	rust_decimal	152	12113	131	42029
log10	1232	decimal-scaled	17	118132	78871	9140135
log10	1232	decimal-scaled	28	129292	78624	15123625
log10	1232	decimal-scaled	37	148999	83808	12193446
log10	1232	decimal-scaled	152	337018	162588	16954063
log10	1232	fastnum	17	9322295	469	170270080
log10	1232	fastnum	28	9343677	609	177088167
log10	1232	fastnum	37	9491334	593	178781579
log10	1232	fastnum	152	9798708	563	186748037
log10	1232	rust_decimal	17	11767	115	3753656
log10	1232	rust_decimal	28	11477	94	5024327
log10	1232	rust_decimal	37	11692	108	2027390
log10	1232	rust_decimal	152	11825	106	4120269
log2	18	decimal-scaled	17	13325	8436	20779
log2	18	fastnum	17	3254564	201	61762899
log2	38	decimal-scaled	17	12678	5521	44403
log2	38	decimal-scaled	28	15669	6713	56236
log2	38	decimal-scaled	37	18996	12444	33413
log2	38	fastnum	17	3252530	201	62533235
log2	38	fastnum	28	3251778	201	61777912
log2	38	fastnum	37	3255682	190	63302458
log2	57	decimal-scaled	17	7654	2083	21009
log2	57	decimal-scaled	28	8716	2314	19697
log2	57	decimal-scaled	37	9808	2435	22071
log2	57	fastnum	17	3253449	210	61828199
log2	57	fastnum	28	3253133	220	61996612
log2	57	fastnum	37	3263156	210	61882218
log2	76	decimal-scaled	17	7764	2244	20388
log2	76	decimal-scaled	28	8916	2475	19958
log2	76	decimal-scaled	37	9999	2635	22512
log2	76	fastnum	17	3253367	220	61946348
log2	76	fastnum	28	3252836	231	62680439
log2	76	fastnum	37	3253518	210	62045166
log2	115	decimal-scaled	17	23655	6570	78256
log2	115	decimal-scaled	28	26119	7070	5286155
log2	115	decimal-scaled	37	28773	7411	9049206
log2	115	fastnum	17	10454914	290	205192479
log2	115	fastnum	28	10465235	310	184879989
log2	115	fastnum	37	10449222	311	202927317
log2	153	decimal-scaled	17	24666	7153	4684091
log2	153	decimal-scaled	28	27721	7974	9042697
log2	153	decimal-scaled	37	30106	8155	6051063
log2	153	decimal-scaled	152	87643	37851	8795587
log2	153	fastnum	17	10053468	331	198475846
log2	153	fastnum	28	10038911	311	174492615
log2	153	fastnum	37	10032338	361	201108161
log2	153	fastnum	152	10022140	341	222010996
log2	230	decimal-scaled	17	33072	9468	5054232
log2	230	decimal-scaled	28	36022	10179	12057794
log2	230	decimal-scaled	37	39468	10569	6064586
log2	230	decimal-scaled	152	105842	13034	15126572
log2	230	fastnum	17	10068167	351	241085886
log2	230	fastnum	28	10066836	350	211303293
log2	230	fastnum	37	10058160	311	210692022
log2	230	fastnum	152	10037550	341	204830650
log2	307	decimal-scaled	17	30061	9324	2235344
log2	307	decimal-scaled	28	32999	9842	12044446
log2	307	decimal-scaled	37	36087	10366	9047501
log2	307	decimal-scaled	152	100148	13734	15109512
log2	307	fastnum	17	8307696	281	131074007
log2	307	fastnum	28	8307478	318	137146003
log2	307	fastnum	37	5954370	231	148905323
log2	307	fastnum	152	6216695	256	128781635
log2	462	decimal-scaled	17	32370	11613	4793007
log2	462	decimal-scaled	28	35810	12909	12044543
log2	462	decimal-scaled	37	39344	13173	10050914
log2	462	decimal-scaled	152	91800	16001	12098306
log2	462	fastnum	17	7373710	264	159239380
log2	462	fastnum	28	8546570	302	134838519
log2	462	fastnum	37	5910605	262	130141355
log2	462	fastnum	152	7822206	250	148037244
log2	616	decimal-scaled	17	89178	28805	6127027
log2	616	decimal-scaled	28	94327	33042	12101680
log2	616	decimal-scaled	37	104205	32211	9444150
log2	616	decimal-scaled	152	227167	41408	12253663
log2	616	fastnum	17	10053322	331	214634640
log2	616	fastnum	28	10036000	351	189391911
log2	616	fastnum	37	10023856	321	236253565
log2	616	fastnum	152	10026204	311	179021270
log2	924	decimal-scaled	17	137967	45746	16271316
log2	924	decimal-scaled	28	148612	54030	13799570
log2	924	decimal-scaled	37	163455	59852	14236449
log2	924	decimal-scaled	152	340515	72535	13566181
log2	924	fastnum	17	10043500	351	176775984
log2	924	fastnum	28	10036586	330	203476549
log2	924	fastnum	37	10017781	340	169735741
log2	924	fastnum	152	10032520	331	199204359
log2	1232	decimal-scaled	17	130949	54138	6614159
log2	1232	decimal-scaled	28	131654	52775	12168645
log2	1232	decimal-scaled	37	150067	59989	9510329
log2	1232	decimal-scaled	152	327785	87684	15334111
log2	1232	fastnum	17	9111735	461	137791571
log2	1232	fastnum	28	8501162	376	197196508
log2	1232	fastnum	37	9688348	440	188613288
log2	1232	fastnum	152	9649642	412	186643154
mul	18	decimal-rs	17	80	40	140
mul	18	decimal-scaled	17	271	251	401
mul	18	fastnum	17	136	110	331
mul	18	g_math	17	556	331	14757
mul	18	rust_decimal	17	40	30	150
mul	38	decimal-rs	17	80	40	140
mul	38	decimal-rs	28	80	50	140
mul	38	decimal-rs	37	80	40	160
mul	38	decimal-scaled	17	400	290	741
mul	38	decimal-scaled	28	551	461	822
mul	38	decimal-scaled	37	551	470	932
mul	38	fastnum	17	130	110	240
mul	38	fastnum	28	130	110	321
mul	38	fastnum	37	130	110	250
mul	38	g_math	17	526	300	26850
mul	38	g_math	28	512	320	14818
mul	38	g_math	37	526	311	14567
mul	38	rust_decimal	17	40	29	141
mul	38	rust_decimal	28	40	29	140
mul	38	rust_decimal	37	40	29	151
mul	57	decimal-rs	17	80	40	170
mul	57	decimal-rs	28	80	40	181
mul	57	decimal-rs	37	80	40	170
mul	57	decimal-scaled	17	591	390	1022
mul	57	decimal-scaled	28	722	561	1022
mul	57	decimal-scaled	37	751	602	1002
mul	57	fastnum	17	121	110	260
mul	57	fastnum	28	126	110	241
mul	57	fastnum	37	130	110	231
mul	57	g_math	17	526	311	14407
mul	57	g_math	28	531	310	14527
mul	57	g_math	37	536	311	14527
mul	57	rust_decimal	17	40	29	130
mul	57	rust_decimal	28	40	30	141
mul	57	rust_decimal	37	40	29	140
mul	76	decimal-rs	17	80	40	140
mul	76	decimal-rs	28	80	40	160
mul	76	decimal-rs	37	80	40	150
mul	76	decimal-scaled	17	721	460	1483
mul	76	decimal-scaled	28	902	691	1342
mul	76	decimal-scaled	37	901	691	12393
mul	76	fastnum	17	140	110	400
mul	76	fastnum	28	130	110	240
mul	76	fastnum	37	130	110	250
mul	76	g_math	17	531	321	27662
mul	76	g_math	28	520	311	14517
mul	76	g_math	37	526	341	14456
mul	76	rust_decimal	17	40	29	141
mul	76	rust_decimal	28	40	30	140
mul	76	rust_decimal	37	40	29	150
mul	115	decimal-rs	17	110	60	341
mul	115	decimal-rs	28	111	60	310
mul	115	decimal-rs	37	110	50	290
mul	115	decimal-scaled	17	1798	1182	4407
mul	115	decimal-scaled	28	2093	1503	4757
mul	115	decimal-scaled	37	2273	1732	4887
mul	115	fastnum	17	200	170	571
mul	115	fastnum	28	200	150	911
mul	115	fastnum	37	190	160	561
mul	115	g_math	17	782	470	23816
mul	115	g_math	28	791	440	24536
mul	115	g_math	37	826	460	24706
mul	115	rust_decimal	17	60	40	270
mul	115	rust_decimal	28	60	40	301
mul	115	rust_decimal	37	60	41	351
mul	153	decimal-rs	17	100	50	390
mul	153	decimal-rs	28	100	50	381
mul	153	decimal-rs	37	100	50	361
mul	153	decimal-rs	152	100	50	361
mul	153	decimal-scaled	17	2826	1804	9798
mul	153	decimal-scaled	28	3146	2064	10190
mul	153	decimal-scaled	37	3402	2385	11211
mul	153	decimal-scaled	152	5009	3867	10780
mul	153	fastnum	17	200	130	561
mul	153	fastnum	28	200	130	631
mul	153	fastnum	37	210	130	511
mul	153	fastnum	152	201	120	561
mul	153	g_math	17	846	471	22432
mul	153	g_math	28	822	460	25277
mul	153	g_math	37	807	380	14717
mul	153	g_math	152	881	470	23835
mul	153	rust_decimal	17	60	40	250
mul	153	rust_decimal	28	60	40	210
mul	153	rust_decimal	37	60	40	230
mul	153	rust_decimal	152	60	40	371
mul	230	decimal-rs	17	100	50	350
mul	230	decimal-rs	28	100	49	360
mul	230	decimal-rs	37	100	49	351
mul	230	decimal-rs	152	100	49	310
mul	230	decimal-scaled	17	5610	3326	23354
mul	230	decimal-scaled	28	5896	3767	25198
mul	230	decimal-scaled	37	6357	4258	29876
mul	230	decimal-scaled	152	9262	6712	978702
mul	230	fastnum	17	210	130	461
mul	230	fastnum	28	210	170	3467
mul	230	fastnum	37	201	130	481
mul	230	fastnum	152	210	141	441
mul	230	g_math	17	847	521	27301
mul	230	g_math	28	867	491	21630
mul	230	g_math	37	806	320	27141
mul	230	g_math	152	852	481	24496
mul	230	rust_decimal	17	60	40	251
mul	230	rust_decimal	28	60	40	2826
mul	230	rust_decimal	37	61	40	340
mul	230	rust_decimal	152	60	40	351
mul	307	decimal-rs	17	73	40	253
mul	307	decimal-rs	28	71	45	317
mul	307	decimal-rs	37	71	35	308
mul	307	decimal-rs	152	71	44	278
mul	307	decimal-scaled	17	5162	3120	41046
mul	307	decimal-scaled	28	5286	3380	41789
mul	307	decimal-scaled	37	6972	4932	51022
mul	307	decimal-scaled	152	9889	6806	32166
mul	307	fastnum	17	126	91	356
mul	307	fastnum	28	144	102	304
mul	307	fastnum	37	126	89	312
mul	307	fastnum	152	125	85	299
mul	307	g_math	17	522	219	10801
mul	307	g_math	28	528	269	8064
mul	307	g_math	37	572	307	10980
mul	307	g_math	152	584	254	25294
mul	307	rust_decimal	17	42	27	668
mul	307	rust_decimal	28	44	24	590
mul	307	rust_decimal	37	44	26	246
mul	307	rust_decimal	152	44	26	346
mul	462	decimal-rs	17	72	36	221
mul	462	decimal-rs	28	71	41	266
mul	462	decimal-rs	37	71	44	276
mul	462	decimal-rs	152	72	42	274
mul	462	decimal-scaled	17	10232	6784	100252
mul	462	decimal-scaled	28	9966	7259	100825
mul	462	decimal-scaled	37	11663	8681	121282
mul	462	decimal-scaled	152	16614	11040	206583
mul	462	fastnum	17	124	89	354
mul	462	fastnum	28	124	89	450
mul	462	fastnum	37	125	87	266
mul	462	fastnum	152	128	88	250
mul	462	g_math	17	538	225	12703
mul	462	g_math	28	498	232	10374
mul	462	g_math	37	494	217	10782
mul	462	g_math	152	528	273	10783
mul	462	rust_decimal	17	42	27	433
mul	462	rust_decimal	28	42	24	314
mul	462	rust_decimal	37	43	23	363
mul	462	rust_decimal	152	42	21	291
mul	616	decimal-rs	17	110	60	401
mul	616	decimal-rs	28	111	60	591
mul	616	decimal-rs	37	110	60	371
mul	616	decimal-rs	152	110	50	321
mul	616	decimal-scaled	17	26454	15078	1927951
mul	616	decimal-scaled	28	21200	9648	343716
mul	616	decimal-scaled	37	26736	20198	2942196
mul	616	decimal-scaled	152	37440	28544	346270
mul	616	fastnum	17	200	131	531
mul	616	fastnum	28	210	151	25808
mul	616	fastnum	37	200	161	581
mul	616	fastnum	152	220	131	2976
mul	616	g_math	17	812	330	48441
mul	616	g_math	28	866	471	24726
mul	616	g_math	37	866	491	16812
mul	616	g_math	152	846	481	23724
mul	616	rust_decimal	17	60	40	240
mul	616	rust_decimal	28	60	40	291
mul	616	rust_decimal	37	60	40	250
mul	616	rust_decimal	152	60	40	251
mul	924	decimal-rs	17	100	50	651
mul	924	decimal-rs	28	100	49	401
mul	924	decimal-rs	37	100	50	320
mul	924	decimal-rs	152	100	60	321
mul	924	decimal-scaled	17	49357	28814	5368086
mul	924	decimal-scaled	28	42670	30176	819657
mul	924	decimal-scaled	37	50364	36629	4911814
mul	924	decimal-scaled	152	72240	54020	865553
mul	924	fastnum	17	200	170	612
mul	924	fastnum	28	201	130	551
mul	924	fastnum	37	211	171	471
mul	924	fastnum	152	206	170	591
mul	924	g_math	17	912	491	25858
mul	924	g_math	28	886	481	28363
mul	924	g_math	37	876	501	24165
mul	924	g_math	152	891	481	26329
mul	924	rust_decimal	17	60	31	310
mul	924	rust_decimal	28	60	40	241
mul	924	rust_decimal	37	60	40	271
mul	924	rust_decimal	152	61	40	360
mul	1232	decimal-rs	17	87	58	256
mul	1232	decimal-rs	28	98	64	348
mul	1232	decimal-rs	37	86	50	296
mul	1232	decimal-rs	152	102	62	293
mul	1232	decimal-scaled	17	54090	37168	845942
mul	1232	decimal-scaled	28	50942	26948	8242954
mul	1232	decimal-scaled	37	63270	51212	1775444
mul	1232	decimal-scaled	152	106100	62315	9422344
mul	1232	fastnum	17	185	133	672
mul	1232	fastnum	28	178	98	423
mul	1232	fastnum	37	186	139	911
mul	1232	fastnum	152	189	102	2009
mul	1232	g_math	17	658	340	15936
mul	1232	g_math	28	688	278	17386
mul	1232	g_math	37	844	409	20342
mul	1232	g_math	152	705	291	19566
mul	1232	rust_decimal	17	58	29	214
mul	1232	rust_decimal	28	55	27	280
mul	1232	rust_decimal	37	62	39	367
mul	1232	rust_decimal	152	65	33	319
powf	18	decimal-rs	17	13231	40	36672
powf	18	decimal-scaled	17	13761	300	26660
powf	18	fastnum	17	4804310	190	63224046
powf	18	g_math	17	365416	380	565512
powf	18	rust_decimal	17	11693	30	33938
powf	38	decimal-rs	17	13265	40	33093
powf	38	decimal-rs	28	13210	40	38782
powf	38	decimal-rs	37	13180	40	33683
powf	38	decimal-scaled	17	13791	300	29275
powf	38	decimal-scaled	28	18405	441	84659
powf	38	decimal-scaled	37	21541	481	37009
powf	38	fastnum	17	4798875	221	63250521
powf	38	fastnum	28	4799995	191	63362476
powf	38	fastnum	37	4800700	170	63220425
powf	38	g_math	17	366750	380	675862
powf	38	g_math	28	367129	380	583426
powf	38	g_math	37	365516	370	641734
powf	38	rust_decimal	17	11682	30	27301
powf	38	rust_decimal	28	11652	30	26570
powf	38	rust_decimal	37	11662	30	26600
powf	57	decimal-rs	17	13194	40	26961
powf	57	decimal-rs	28	13230	40	41277
powf	57	decimal-rs	37	13245	40	26780
powf	57	decimal-scaled	17	11757	411	26910
powf	57	decimal-scaled	28	14657	641	44042
powf	57	decimal-scaled	37	16721	641	44062
powf	57	fastnum	17	4821139	190	68217755
powf	57	fastnum	28	4812767	190	63271476
powf	57	fastnum	37	4832326	180	63430528
powf	57	g_math	17	365542	361	564152
powf	57	g_math	28	363870	370	639774
powf	57	g_math	37	364861	371	731386
powf	57	rust_decimal	17	11711	30	30768
powf	57	rust_decimal	28	11692	30	26810
powf	57	rust_decimal	37	11732	30	28323
powf	76	decimal-rs	17	13350	40	25928
powf	76	decimal-rs	28	13324	40	26009
powf	76	decimal-rs	37	13354	40	25758
powf	76	decimal-scaled	17	11602	501	24726
powf	76	decimal-scaled	28	14667	721	38051
powf	76	decimal-scaled	37	16506	751	45024
powf	76	fastnum	17	4803382	210	63236836
powf	76	fastnum	28	4800757	190	63196088
powf	76	fastnum	37	4797421	190	63332002
powf	76	g_math	17	360003	391	573292
powf	76	g_math	28	360515	381	697536
powf	76	g_math	37	361786	380	535813
powf	76	rust_decimal	17	11762	30	26119
powf	76	rust_decimal	28	11823	29	26960
powf	76	rust_decimal	37	11842	30	27722
powf	115	decimal-rs	17	18408	50	7037318
powf	115	decimal-rs	28	18467	50	6837243
powf	115	decimal-rs	37	18397	40	5351832
powf	115	decimal-scaled	17	35768	1282	5212839
powf	115	decimal-scaled	28	44917	1702	6072139
powf	115	decimal-scaled	37	50324	1913	12071189
powf	115	fastnum	17	12737386	301	238010528
powf	115	fastnum	28	12675030	190	189372608
powf	115	fastnum	37	12750080	280	186323100
powf	115	g_math	17	728238	480	16781653
powf	115	g_math	28	729611	480	9945807
powf	115	g_math	37	726556	500	9749204
powf	115	rust_decimal	17	16634	40	6042195
powf	115	rust_decimal	28	16684	40	3038609
powf	115	rust_decimal	37	16555	40	2030266
powf	153	decimal-rs	17	16956	40	4642131
powf	153	decimal-rs	28	16936	40	2386116
powf	153	decimal-rs	37	17006	40	6681622
powf	153	decimal-rs	152	16932	49	6038127
powf	153	decimal-scaled	17	37440	1242	2678604
powf	153	decimal-scaled	28	48390	2374	13065382
powf	153	decimal-scaled	37	53695	2806	12078351
powf	153	decimal-scaled	152	151648	3887	6188893
powf	153	fastnum	17	12049638	250	208423195
powf	153	fastnum	28	12035242	301	238683816
powf	153	fastnum	37	12010860	250	207468018
powf	153	fastnum	152	12061868	260	220892615
powf	153	g_math	17	710985	501	15533239
powf	153	g_math	28	710724	501	9929257
powf	153	g_math	37	706266	521	11649169
powf	153	g_math	152	707517	491	12992849
powf	153	rust_decimal	17	15609	40	6037858
powf	153	rust_decimal	28	15739	40	4041982
powf	153	rust_decimal	37	15639	40	7254880
powf	153	rust_decimal	152	15619	40	6043668
powf	230	decimal-rs	17	17116	40	6054805
powf	230	decimal-rs	28	17027	60	6053726
powf	230	decimal-rs	37	17036	60	6035784
powf	230	decimal-rs	152	17022	60	5910709
powf	230	decimal-scaled	17	52097	2295	4464184
powf	230	decimal-scaled	28	66594	4308	12102939
powf	230	decimal-scaled	37	75054	4588	12114244
powf	230	decimal-scaled	152	197062	6392	12265737
powf	230	fastnum	17	12060178	270	225736289
powf	230	fastnum	28	12057365	271	187404925
powf	230	fastnum	37	12028832	241	196155858
powf	230	fastnum	152	12017124	261	208227127
powf	230	g_math	17	706094	501	8483995
powf	230	g_math	28	703689	481	18643875
powf	230	g_math	37	699612	491	12926086
powf	230	g_math	152	700434	491	12908032
powf	230	rust_decimal	17	15389	40	1851786
powf	230	rust_decimal	28	15388	40	3107087
powf	230	rust_decimal	37	15488	40	3033116
powf	230	rust_decimal	152	15448	50	3759276
powf	307	decimal-rs	17	12000	42	5284146
powf	307	decimal-rs	28	11992	36	2028144
powf	307	decimal-rs	37	12030	35	5496149
powf	307	decimal-rs	152	11976	35	1744907
powf	307	decimal-scaled	17	46349	2178	2068924
powf	307	decimal-scaled	28	59153	3422	12066654
powf	307	decimal-scaled	37	74198	4053	12098348
powf	307	decimal-scaled	152	177656	6077	15229850
powf	307	fastnum	17	9151129	154	130372419
powf	307	fastnum	28	10065146	168	140743610
powf	307	fastnum	37	9698598	180	137279802
powf	307	fastnum	152	10144518	147	168467542
powf	307	g_math	17	292756	283	15319033
powf	307	g_math	28	293727	291	12418807
powf	307	g_math	37	335774	327	11301466
powf	307	g_math	152	330466	291	14401539
powf	307	rust_decimal	17	12058	34	5782466
powf	307	rust_decimal	28	11450	22	2778727
powf	307	rust_decimal	37	12035	36	2032903
powf	307	rust_decimal	152	12076	31	2017037
powf	462	decimal-rs	17	12015	34	3023906
powf	462	decimal-rs	28	12014	36	1036099
powf	462	decimal-rs	37	12041	42	5034541
powf	462	decimal-rs	152	11960	33	1022251
powf	462	decimal-scaled	17	52710	6557	4077344
powf	462	decimal-scaled	28	68721	7294	15069792
powf	462	decimal-scaled	37	77484	5663	15094536
powf	462	decimal-scaled	152	171612	11548	15162211
powf	462	fastnum	17	9462922	134	112077869
powf	462	fastnum	28	9819768	137	131935059
powf	462	fastnum	37	9789565	152	174254093
powf	462	fastnum	152	9709832	139	142111793
powf	462	g_math	17	293440	286	12403581
powf	462	g_math	28	292347	304	12358095
powf	462	g_math	37	294299	291	10361957
powf	462	g_math	152	293838	285	11224628
powf	462	rust_decimal	17	12139	30	5773302
powf	462	rust_decimal	28	12187	29	30335
powf	462	rust_decimal	37	12213	37	5257936
powf	462	rust_decimal	152	12174	28	1624893
powf	616	decimal-rs	17	17036	60	8037226
powf	616	decimal-rs	28	17047	51	2033951
powf	616	decimal-rs	37	17047	60	6054570
powf	616	decimal-rs	152	17058	60	6036737
powf	616	decimal-scaled	17	141982	15679	6274754
powf	616	decimal-scaled	28	215294	16471	13227104
powf	616	decimal-scaled	37	234942	19907	15251715
powf	616	decimal-scaled	152	464498	28333	16607469
powf	616	fastnum	17	12038952	291	216387590
powf	616	fastnum	28	12022265	270	186407556
powf	616	fastnum	37	12019514	260	186778608
powf	616	fastnum	152	11998340	250	209966884
powf	616	g_math	17	705125	511	15762054
powf	616	g_math	28	703081	501	12951365
powf	616	g_math	37	705555	501	9995522
powf	616	g_math	152	702038	501	12606885
powf	616	rust_decimal	17	15609	50	6038772
powf	616	rust_decimal	28	15699	40	5846381
powf	616	rust_decimal	37	15699	40	6032470
powf	616	rust_decimal	152	15669	40	6031608
powf	924	decimal-rs	17	16972	50	3038403
powf	924	decimal-rs	28	17042	50	6047669
powf	924	decimal-rs	37	16962	40	4212199
powf	924	decimal-rs	152	16972	50	4096405
powf	924	decimal-scaled	17	220867	29044	6524391
powf	924	decimal-scaled	28	372154	31209	11424033
powf	924	decimal-scaled	37	404564	38221	12624039
powf	924	decimal-scaled	152	757392	54883	14967164
powf	924	fastnum	17	12058901	220	223326388
powf	924	fastnum	28	12023980	271	201424002
powf	924	fastnum	37	12082377	261	180571907
powf	924	fastnum	152	12024786	271	208160339
powf	924	g_math	17	700115	501	12996674
powf	924	g_math	28	710584	501	6954490
powf	924	g_math	37	701498	501	17907392
powf	924	g_math	152	701939	491	11933410
powf	924	rust_decimal	17	15689	40	6040779
powf	924	rust_decimal	28	15599	40	7441617
powf	924	rust_decimal	37	15579	40	5909623
powf	924	rust_decimal	152	15600	40	3638010
powf	1232	decimal-rs	17	14168	52	4992188
powf	1232	decimal-rs	28	15917	53	6027218
powf	1232	decimal-rs	37	14204	45	4819754
powf	1232	decimal-rs	152	16738	61	6028613
powf	1232	decimal-scaled	17	204425	25229	12558245
powf	1232	decimal-scaled	28	348130	42842	9586125
powf	1232	decimal-scaled	37	390554	52197	8320573
powf	1232	decimal-scaled	152	801450	81049	12058596
powf	1232	fastnum	17	10865184	232	179271334
powf	1232	fastnum	28	10910377	229	137718493
powf	1232	fastnum	37	11577716	253	190299299
powf	1232	fastnum	152	11622190	296	162442819
powf	1232	g_math	17	354092	379	12496683
powf	1232	g_math	28	358685	374	12468004
powf	1232	g_math	37	414738	442	8564531
powf	1232	g_math	152	420967	411	12490652
powf	1232	rust_decimal	17	14589	34	6879170
powf	1232	rust_decimal	28	14555	35	6043752
powf	1232	rust_decimal	37	15607	33	6029406
powf	1232	rust_decimal	152	16812	41	3039255
rem	18	decimal-rs	17	50	49	100
rem	18	decimal-scaled	17	320	270	381
rem	18	fastnum	17	190	111	432
rem	18	rust_decimal	17	80	50	471
rem	38	decimal-rs	17	51	50	110
rem	38	decimal-rs	28	50	40	121
rem	38	decimal-rs	37	51	40	90
rem	38	decimal-scaled	17	356	311	511
rem	38	decimal-scaled	28	512	420	651
rem	38	decimal-scaled	37	571	531	681
rem	38	fastnum	17	190	110	401
rem	38	fastnum	28	180	130	451
rem	38	fastnum	37	181	110	712
rem	38	rust_decimal	17	80	50	241
rem	38	rust_decimal	28	80	50	240
rem	38	rust_decimal	37	70	60	240
rem	57	decimal-rs	17	50	40	100
rem	57	decimal-rs	28	60	40	100
rem	57	decimal-rs	37	60	40	100
rem	57	decimal-scaled	17	496	371	882
rem	57	decimal-scaled	28	701	531	871
rem	57	decimal-scaled	37	731	601	792
rem	57	fastnum	17	190	130	571
rem	57	fastnum	28	200	121	611
rem	57	fastnum	37	190	120	481
rem	57	rust_decimal	17	80	50	171
rem	57	rust_decimal	28	71	50	221
rem	57	rust_decimal	37	71	40	230
rem	76	decimal-rs	17	60	40	111
rem	76	decimal-rs	28	50	40	100
rem	76	decimal-rs	37	50	40	100
rem	76	decimal-scaled	17	672	472	1242
rem	76	decimal-scaled	28	852	581	1212
rem	76	decimal-scaled	37	876	641	1163
rem	76	fastnum	17	191	130	510
rem	76	fastnum	28	190	120	420
rem	76	fastnum	37	190	120	521
rem	76	rust_decimal	17	80	60	160
rem	76	rust_decimal	28	80	50	160
rem	76	rust_decimal	37	80	51	150
rem	115	decimal-rs	17	90	50	331
rem	115	decimal-rs	28	85	60	370
rem	115	decimal-rs	37	90	50	290
rem	115	decimal-scaled	17	1863	832	3956
rem	115	decimal-scaled	28	2068	1292	4216
rem	115	decimal-scaled	37	2253	1272	4076
rem	115	fastnum	17	260	150	1001
rem	115	fastnum	28	270	131	2984
rem	115	fastnum	37	240	130	901
rem	115	rust_decimal	17	120	50	371
rem	115	rust_decimal	28	130	60	410
rem	115	rust_decimal	37	140	50	371
rem	153	decimal-rs	17	80	40	331
rem	153	decimal-rs	28	90	49	331
rem	153	decimal-rs	37	90	40	371
rem	153	decimal-rs	152	80	40	311
rem	153	decimal-scaled	17	3266	1142	8365
rem	153	decimal-scaled	28	3201	1683	8736
rem	153	decimal-scaled	37	3517	1744	9437
rem	153	decimal-scaled	152	4383	2736	4760
rem	153	fastnum	17	290	130	991
rem	153	fastnum	28	330	140	1112
rem	153	fastnum	37	281	140	942
rem	153	fastnum	152	311	140	1162
rem	153	rust_decimal	17	130	40	351
rem	153	rust_decimal	28	121	50	351
rem	153	rust_decimal	37	131	69	370
rem	153	rust_decimal	152	130	50	471
rem	230	decimal-rs	17	80	40	350
rem	230	decimal-rs	28	86	40	280
rem	230	decimal-rs	37	85	50	361
rem	230	decimal-rs	152	90	50	330
rem	230	decimal-scaled	17	7083	2515	26429
rem	230	decimal-scaled	28	5895	2555	22793
rem	230	decimal-scaled	37	6612	2815	36338
rem	230	decimal-scaled	152	8276	6232	13796
rem	230	fastnum	17	320	130	942
rem	230	fastnum	28	311	130	962
rem	230	fastnum	37	301	131	1002
rem	230	fastnum	152	310	130	902
rem	230	rust_decimal	17	110	40	301
rem	230	rust_decimal	28	121	60	361
rem	230	rust_decimal	37	141	60	341
rem	230	rust_decimal	152	121	60	381
rem	307	decimal-rs	17	61	45	183
rem	307	decimal-rs	28	58	45	164
rem	307	decimal-rs	37	62	42	205
rem	307	decimal-rs	152	58	31	240
rem	307	decimal-scaled	17	6350	2252	37379
rem	307	decimal-scaled	28	5490	2342	325131
rem	307	decimal-scaled	37	6992	3138	297990
rem	307	decimal-scaled	152	8988	5594	28024
rem	307	fastnum	17	193	103	689
rem	307	fastnum	28	185	87	617
rem	307	fastnum	37	186	102	787
rem	307	fastnum	152	183	102	987
rem	307	rust_decimal	17	94	31	387
rem	307	rust_decimal	28	89	31	321
rem	307	rust_decimal	37	91	31	436
rem	307	rust_decimal	152	86	31	262
rem	462	decimal-rs	17	57	31	202
rem	462	decimal-rs	28	62	43	199
rem	462	decimal-rs	37	58	30	256
rem	462	decimal-rs	152	56	30	241
rem	462	decimal-scaled	17	14222	5975	501086
rem	462	decimal-scaled	28	11146	5918	104654
rem	462	decimal-scaled	37	12264	6667	104822
rem	462	decimal-scaled	152	15981	10595	92887
rem	462	fastnum	17	178	87	1327
rem	462	fastnum	28	177	97	787
rem	462	fastnum	37	184	87	901
rem	462	fastnum	152	196	106	721
rem	462	rust_decimal	17	88	32	319
rem	462	rust_decimal	28	89	31	272
rem	462	rust_decimal	37	101	54	294
rem	462	rust_decimal	152	105	32	253
rem	616	decimal-rs	17	106	40	350
rem	616	decimal-rs	28	100	40	3507
rem	616	decimal-rs	37	100	50	380
rem	616	decimal-rs	152	101	40	330
rem	616	decimal-scaled	17	35156	14818	318268
rem	616	decimal-scaled	28	27552	16161	343956
rem	616	decimal-scaled	37	30357	18646	338956
rem	616	decimal-scaled	152	39474	18324	326994
rem	616	fastnum	17	290	130	1042
rem	616	fastnum	28	340	140	23784
rem	616	fastnum	37	291	141	1072
rem	616	fastnum	152	291	140	1132
rem	616	rust_decimal	17	130	60	410
rem	616	rust_decimal	28	121	60	390
rem	616	rust_decimal	37	121	60	371
rem	616	rust_decimal	152	130	60	381
rem	924	decimal-rs	17	80	40	361
rem	924	decimal-rs	28	86	50	340
rem	924	decimal-rs	37	80	50	321
rem	924	decimal-rs	152	90	50	391
rem	924	decimal-scaled	17	68297	21921	5078997
rem	924	decimal-scaled	28	51166	30226	3561288
rem	924	decimal-scaled	37	58504	26780	6182854
rem	924	decimal-scaled	152	79688	55523	4128820
rem	924	fastnum	17	321	130	752
rem	924	fastnum	28	301	130	1142
rem	924	fastnum	37	281	130	1062
rem	924	fastnum	152	321	141	892
rem	924	rust_decimal	17	120	60	341
rem	924	rust_decimal	28	130	60	531
rem	924	rust_decimal	37	120	50	371
rem	924	rust_decimal	152	121	60	421
rem	1232	decimal-rs	17	81	38	207
rem	1232	decimal-rs	28	78	39	218
rem	1232	decimal-rs	37	76	44	793
rem	1232	decimal-rs	152	94	45	235
rem	1232	decimal-scaled	17	74996	30852	7047893
rem	1232	decimal-scaled	28	59824	27270	1633724
rem	1232	decimal-scaled	37	84343	54150	8618542
rem	1232	decimal-scaled	152	114376	57358	8701057
rem	1232	fastnum	17	234	123	726
rem	1232	fastnum	28	257	121	788
rem	1232	fastnum	37	223	107	1053
rem	1232	fastnum	152	220	121	1789
rem	1232	rust_decimal	17	115	48	271
rem	1232	rust_decimal	28	114	44	449
rem	1232	rust_decimal	37	124	39	367
rem	1232	rust_decimal	152	139	41	338
sin	18	decimal-scaled	17	7178	301	25749
sin	18	fastnum	17	394671	4118	15613164
sin	18	g_math	17	217258	3676	303560
sin	18	rust_decimal	17	3136	230	14469
sin	38	decimal-scaled	17	7224	310	16701
sin	38	decimal-scaled	28	8827	6642	37120
sin	38	decimal-scaled	37	9984	7524	45105
sin	38	fastnum	17	390434	4488	15591122
sin	38	fastnum	28	390544	4158	15579728
sin	38	fastnum	37	397115	4228	15577932
sin	38	g_math	17	216761	3727	317625
sin	38	g_math	28	217764	3687	309912
sin	38	g_math	37	217604	3656	359365
sin	38	rust_decimal	17	3136	230	15128
sin	38	rust_decimal	28	3126	220	13475
sin	38	rust_decimal	37	3136	240	14848
sin	57	decimal-scaled	17	4734	1934	13916
sin	57	decimal-scaled	28	5931	2095	22192
sin	57	decimal-scaled	37	6763	2233	35787
sin	57	fastnum	17	396059	4298	15605810
sin	57	fastnum	28	390739	4218	15602121
sin	57	fastnum	37	393064	4348	15623592
sin	57	g_math	17	216770	3657	283939
sin	57	g_math	28	218573	3647	292506
sin	57	g_math	37	216874	3657	325568
sin	57	rust_decimal	17	3136	220	14267
sin	57	rust_decimal	28	3136	220	16000
sin	57	rust_decimal	37	3135	220	14427
sin	76	decimal-scaled	17	4799	2014	15088
sin	76	decimal-scaled	28	6071	2184	22161
sin	76	decimal-scaled	37	6893	2355	25097
sin	76	fastnum	17	390140	4168	15600048
sin	76	fastnum	28	392675	4137	15576323
sin	76	fastnum	37	391743	4148	15570392
sin	76	g_math	17	217642	3597	410789
sin	76	g_math	28	218178	3637	749673
sin	76	g_math	37	218654	3646	442558
sin	76	rust_decimal	17	3176	211	13755
sin	76	rust_decimal	28	3166	230	14407
sin	76	rust_decimal	37	3177	221	16702
sin	115	decimal-scaled	17	8117	2383	31777
sin	115	decimal-scaled	28	10515	2764	53369
sin	115	decimal-scaled	37	11898	4547	107830
sin	115	fastnum	17	592067	5718	63047837
sin	115	fastnum	28	590644	5609	68947916
sin	115	fastnum	37	594840	5899	57144189
sin	115	g_math	17	412055	6349	14491962
sin	115	g_math	28	413662	6330	11380689
sin	115	g_math	37	410488	6349	12485675
sin	115	rust_decimal	17	4567	320	2734328
sin	115	rust_decimal	28	4567	280	2020401
sin	115	rust_decimal	37	4597	331	2212345
sin	153	decimal-scaled	17	9182	4428	1472661
sin	153	decimal-scaled	28	11502	4939	4828010
sin	153	decimal-scaled	37	12934	5410	4320489
sin	153	decimal-scaled	152	62151	9899	9115141
sin	153	fastnum	17	564531	5901	48640499
sin	153	fastnum	28	562508	5921	54943281
sin	153	fastnum	37	548532	5991	43052968
sin	153	fastnum	152	561086	5771	42489439
sin	153	g_math	17	420684	5991	12515303
sin	153	g_math	28	420989	5931	14449217
sin	153	g_math	37	417654	5891	11440480
sin	153	g_math	152	421154	5911	11363149
sin	153	rust_decimal	17	4317	321	440350
sin	153	rust_decimal	28	4328	320	850104
sin	153	rust_decimal	37	4318	320	2486814
sin	153	rust_decimal	152	4348	301	27441
sin	230	decimal-scaled	17	10514	5580	2032171
sin	230	decimal-scaled	28	13335	6812	8035320
sin	230	decimal-scaled	37	14823	7114	7560369
sin	230	decimal-scaled	152	63894	12503	12087826
sin	230	fastnum	17	558540	5981	60457094
sin	230	fastnum	28	558249	6101	52157745
sin	230	fastnum	37	552929	6061	61125259
sin	230	fastnum	152	554912	6001	55132535
sin	230	g_math	17	419766	6311	12518401
sin	230	g_math	28	419662	6292	12401419
sin	230	g_math	37	420212	6232	9515410
sin	230	g_math	152	417346	6301	9514075
sin	230	rust_decimal	17	4268	280	2067537
sin	230	rust_decimal	28	4268	320	24666
sin	230	rust_decimal	37	4278	300	1950761
sin	230	rust_decimal	152	4258	321	22161
sin	307	decimal-scaled	17	6818	3922	1176153
sin	307	decimal-scaled	28	8847	4585	2728992
sin	307	decimal-scaled	37	10044	5049	91849
sin	307	decimal-scaled	152	39656	10203	9618143
sin	307	fastnum	17	373568	4375	44261455
sin	307	fastnum	28	398235	4378	40261763
sin	307	fastnum	37	385220	4495	43321971
sin	307	fastnum	152	390221	4355	43413806
sin	307	g_math	17	183914	3656	12234187
sin	307	g_math	28	184417	3672	12237122
sin	307	g_math	37	183197	3666	12252781
sin	307	g_math	152	183889	3655	12235320
sin	307	rust_decimal	17	3288	233	1963236
sin	307	rust_decimal	28	3295	238	1083030
sin	307	rust_decimal	37	3282	215	2048595
sin	307	rust_decimal	152	3276	205	1090233
sin	462	decimal-scaled	17	7461	5658	17130
sin	462	decimal-scaled	28	9883	6663	5866460
sin	462	decimal-scaled	37	11972	6320	8126240
sin	462	decimal-scaled	152	41044	13558	8055725
sin	462	fastnum	17	386057	4435	43312009
sin	462	fastnum	28	393771	4466	43336956
sin	462	fastnum	37	383983	4579	36342113
sin	462	fastnum	152	386787	4802	43365881
sin	462	g_math	17	182814	3624	14233068
sin	462	g_math	28	184582	3682	9209410
sin	462	g_math	37	183820	3595	9201877
sin	462	g_math	152	182237	3691	15230371
sin	462	rust_decimal	17	3263	209	11482
sin	462	rust_decimal	28	3375	209	21943
sin	462	rust_decimal	37	3327	183	31695
sin	462	rust_decimal	152	3302	205	20312
sin	616	decimal-scaled	17	17894	13455	56225
sin	616	decimal-scaled	28	23153	14858	7038811
sin	616	decimal-scaled	37	27261	11852	6042689
sin	616	decimal-scaled	152	81138	28022	9108306
sin	616	fastnum	17	560823	6121	61087375
sin	616	fastnum	28	548100	5971	49111991
sin	616	fastnum	37	552358	5751	55087904
sin	616	fastnum	152	543420	5931	63934628
sin	616	g_math	17	419604	5911	9515503
sin	616	g_math	28	417454	5981	14507748
sin	616	g_math	37	417319	5921	11465463
sin	616	g_math	152	419227	5901	12516938
sin	616	rust_decimal	17	4328	291	27192
sin	616	rust_decimal	28	4318	370	2604943
sin	616	rust_decimal	37	4328	331	25298
sin	616	rust_decimal	152	4308	321	29015
sin	924	decimal-scaled	17	26700	20468	6047515
sin	924	decimal-scaled	28	32751	23253	12049859
sin	924	decimal-scaled	37	40801	27741	15061787
sin	924	decimal-scaled	152	99696	42810	9126238
sin	924	fastnum	17	533104	5681	54988472
sin	924	fastnum	28	550175	6191	61080118
sin	924	fastnum	37	559813	5831	55053322
sin	924	fastnum	152	556117	6032	55035305
sin	924	g_math	17	417332	5951	9474559
sin	924	g_math	28	418250	5941	12513769
sin	924	g_math	37	417343	5921	12512037
sin	924	g_math	152	419407	5620	9510897
sin	924	rust_decimal	17	4328	321	27722
sin	924	rust_decimal	28	4328	311	2325975
sin	924	rust_decimal	37	4318	321	26870
sin	924	rust_decimal	152	4288	331	31589
sin	1232	decimal-scaled	17	30231	18630	40315
sin	1232	decimal-scaled	28	34494	21777	11113061
sin	1232	decimal-scaled	37	44222	22608	12051391
sin	1232	decimal-scaled	152	95869	50516	12096967
sin	1232	fastnum	17	473925	5554	52642206
sin	1232	fastnum	28	458327	6229	45800991
sin	1232	fastnum	37	523524	6426	65932522
sin	1232	fastnum	152	511933	6248	54166761
sin	1232	g_math	17	221673	4616	9276104
sin	1232	g_math	28	224748	4836	8217277
sin	1232	g_math	37	256312	5476	9300411
sin	1232	g_math	152	254702	5457	9304451
sin	1232	rust_decimal	17	4474	300	26996
sin	1232	rust_decimal	28	4152	322	13355
sin	1232	rust_decimal	37	4006	271	14513
sin	1232	rust_decimal	152	4507	327	18654
sinh	18	decimal-scaled	17	11401	421	27812
sinh	18	g_math	17	289809	360	425449
sinh	38	decimal-scaled	17	11512	481	37540
sinh	38	decimal-scaled	28	13966	561	41688
sinh	38	decimal-scaled	37	15749	491	46016
sinh	38	g_math	17	290076	361	427123
sinh	38	g_math	28	290030	360	471436
sinh	38	g_math	37	289518	340	421692
sinh	57	decimal-scaled	17	7724	531	110096
sinh	57	decimal-scaled	28	9147	621	47709
sinh	57	decimal-scaled	37	10751	671	49372
sinh	57	g_math	17	289064	361	419803
sinh	57	g_math	28	288654	360	423771
sinh	57	g_math	37	289460	360	428079
sinh	76	decimal-scaled	17	7985	631	125665
sinh	76	decimal-scaled	28	9428	761	61776
sinh	76	decimal-scaled	37	11111	691	63819
sinh	76	g_math	17	288495	370	449642
sinh	76	g_math	28	287908	360	723333
sinh	76	g_math	37	288850	351	561761
sinh	115	decimal-scaled	17	27741	1191	785293
sinh	115	decimal-scaled	28	30430	1502	6142783
sinh	115	decimal-scaled	37	34546	1712	13133101
sinh	115	g_math	17	595952	410	14613102
sinh	115	g_math	28	597134	420	9615175
sinh	115	g_math	37	597214	401	14639425
sinh	153	decimal-scaled	17	24315	1703	6322250
sinh	153	decimal-scaled	28	19446	1743	11387115
sinh	153	decimal-scaled	37	21410	2265	9135469
sinh	153	decimal-scaled	152	72535	4017	8112835
sinh	153	g_math	17	578082	420	12601103
sinh	153	g_math	28	577606	431	14602322
sinh	153	g_math	37	576860	410	12788202
sinh	153	g_math	152	578216	421	7634630
sinh	230	decimal-scaled	17	27076	2735	3865712
sinh	230	decimal-scaled	28	36477	3606	14328379
sinh	230	decimal-scaled	37	24064	3656	12949338
sinh	230	decimal-scaled	152	86481	7174	15097236
sinh	230	g_math	17	576523	420	9608367
sinh	230	g_math	28	578402	421	8599282
sinh	230	g_math	37	576944	410	7539141
sinh	230	g_math	152	575777	411	8569808
sinh	307	decimal-scaled	17	28182	2119	5956018
sinh	307	decimal-scaled	28	29772	2846	12932466
sinh	307	decimal-scaled	37	16084	3076	12303850
sinh	307	decimal-scaled	152	109728	19340	15365525
sinh	307	g_math	17	221948	279	9357238
sinh	307	g_math	28	222142	282	9266460
sinh	307	g_math	37	251496	308	12268228
sinh	307	g_math	152	224012	276	14236258
sinh	462	decimal-scaled	17	31197	4457	6945857
sinh	462	decimal-scaled	28	34654	5168	13046897
sinh	462	decimal-scaled	37	19786	6062	13315366
sinh	462	decimal-scaled	152	61998	11182	13075085
sinh	462	g_math	17	219974	296	12358226
sinh	462	g_math	28	220364	278	12315391
sinh	462	g_math	37	221055	278	12252370
sinh	462	g_math	152	221104	284	8223388
sinh	616	decimal-scaled	17	87825	11341	20300635
sinh	616	decimal-scaled	28	94032	11582	53416564
sinh	616	decimal-scaled	37	40180	12794	34184452
sinh	616	decimal-scaled	152	114265	23845	27473505
sinh	616	g_math	17	577931	421	9613295
sinh	616	g_math	28	577961	411	12781837
sinh	616	g_math	37	577580	421	12603732
sinh	616	g_math	152	577279	411	15548840
sinh	924	decimal-scaled	17	141894	16361	33633990
sinh	924	decimal-scaled	28	144930	20438	42477265
sinh	924	decimal-scaled	37	65712	20318	59273475
sinh	924	decimal-scaled	152	138102	44693	47131950
sinh	924	g_math	17	577446	400	15580700
sinh	924	g_math	28	577491	421	9594729
sinh	924	g_math	37	576384	421	12594862
sinh	924	g_math	152	576354	421	12620552
sinh	1232	decimal-scaled	17	131444	23913	73046600
sinh	1232	decimal-scaled	28	135317	24808	43397298
sinh	1232	decimal-scaled	37	62652	25720	93496745
sinh	1232	decimal-scaled	152	165132	57933	76081730
sinh	1232	g_math	17	262115	346	9280341
sinh	1232	g_math	28	264751	346	13311014
sinh	1232	g_math	37	298282	372	11332511
sinh	1232	g_math	152	287390	362	14308760
sqrt	18	decimal-rs	17	4609	391	22384
sqrt	18	decimal-scaled	17	271	231	612
sqrt	18	fastnum	17	132454	992	35442196
sqrt	18	g_math	17	114467	1132	224135
sqrt	18	rust_decimal	17	2164	110	27635
sqrt	38	decimal-rs	17	4604	271	31239
sqrt	38	decimal-rs	28	4599	541	30637
sqrt	38	decimal-rs	37	4614	290	30738
sqrt	38	decimal-scaled	17	1393	280	3436
sqrt	38	decimal-scaled	28	2805	611	13556
sqrt	38	decimal-scaled	37	3226	631	3517
sqrt	38	fastnum	17	132654	922	18546877
sqrt	38	fastnum	28	133772	961	18219590
sqrt	38	fastnum	37	132630	822	18202699
sqrt	38	g_math	17	114475	1103	216275
sqrt	38	g_math	28	114375	1082	224561
sqrt	38	g_math	37	114535	1122	256892
sqrt	38	rust_decimal	17	2174	130	16271
sqrt	38	rust_decimal	28	2154	131	13044
sqrt	38	rust_decimal	37	2164	110	14617
sqrt	57	decimal-rs	17	4599	411	26810
sqrt	57	decimal-rs	28	4609	260	35657
sqrt	57	decimal-rs	37	4599	541	31619
sqrt	57	decimal-scaled	17	772	531	1283
sqrt	57	decimal-scaled	28	1092	731	18074
sqrt	57	decimal-scaled	37	1182	872	4518
sqrt	57	fastnum	17	133394	571	18177893
sqrt	57	fastnum	28	133369	832	19782582
sqrt	57	fastnum	37	134426	611	18249038
sqrt	57	g_math	17	114474	1232	234077
sqrt	57	g_math	28	114624	1552	295933
sqrt	57	g_math	37	115055	1202	210242
sqrt	57	rust_decimal	17	2195	90	13996
sqrt	57	rust_decimal	28	2205	110	16481
sqrt	57	rust_decimal	37	2185	100	17964
sqrt	76	decimal-rs	17	4608	431	33202
sqrt	76	decimal-rs	28	4609	391	29375
sqrt	76	decimal-rs	37	4578	441	35156
sqrt	76	decimal-scaled	17	922	591	13335
sqrt	76	decimal-scaled	28	1232	621	1924
sqrt	76	decimal-scaled	37	1352	831	4469
sqrt	76	fastnum	17	133504	531	18142102
sqrt	76	fastnum	28	133920	992	18156249
sqrt	76	fastnum	37	134492	481	18120523
sqrt	76	g_math	17	114804	1032	227466
sqrt	76	g_math	28	114785	1113	229330
sqrt	76	g_math	37	114735	1002	234810
sqrt	76	rust_decimal	17	2194	91	13034
sqrt	76	rust_decimal	28	2184	100	18785
sqrt	76	rust_decimal	37	2185	110	9788
sqrt	115	decimal-rs	17	6254	391	150443
sqrt	115	decimal-rs	28	6274	881	41562
sqrt	115	decimal-rs	37	6269	490	3237042
sqrt	115	decimal-scaled	17	1913	1322	18197
sqrt	115	decimal-scaled	28	2744	1302	449185
sqrt	115	decimal-scaled	37	3004	1602	29274
sqrt	115	fastnum	17	191013	2994	81873115
sqrt	115	fastnum	28	189015	1041	79870413
sqrt	115	fastnum	37	190252	1222	79553436
sqrt	115	g_math	17	249950	1281	8433083
sqrt	115	g_math	28	249239	1532	11512264
sqrt	115	g_math	37	249279	1131	9438532
sqrt	115	rust_decimal	17	2884	180	27821
sqrt	115	rust_decimal	28	2894	130	1799314
sqrt	115	rust_decimal	37	2875	140	25028
sqrt	153	decimal-rs	17	5731	571	2729159
sqrt	153	decimal-rs	28	5761	421	3330517
sqrt	153	decimal-rs	37	5740	460	3680194
sqrt	153	decimal-rs	152	5730	381	31498
sqrt	153	decimal-scaled	17	2665	1603	1568049
sqrt	153	decimal-scaled	28	3597	2484	1405489
sqrt	153	decimal-scaled	37	4384	1954	21941
sqrt	153	decimal-scaled	152	7424	6342	10509
sqrt	153	fastnum	17	181558	491	71574311
sqrt	153	fastnum	28	180186	551	71242229
sqrt	153	fastnum	37	179515	752	75761155
sqrt	153	fastnum	152	181257	1432	85663789
sqrt	153	g_math	17	236601	992	9385864
sqrt	153	g_math	28	229277	1382	9398674
sqrt	153	g_math	37	229728	841	6401460
sqrt	153	g_math	152	232673	1022	11396245
sqrt	153	rust_decimal	17	2796	120	54111
sqrt	153	rust_decimal	28	2805	131	33793
sqrt	153	rust_decimal	37	2795	130	1569916
sqrt	153	rust_decimal	152	2795	120	1386530
sqrt	230	decimal-rs	17	5750	711	1534325
sqrt	230	decimal-rs	28	5750	741	2742183
sqrt	230	decimal-rs	37	5761	662	65412
sqrt	230	decimal-rs	152	5750	912	689483
sqrt	230	decimal-scaled	17	4418	2734	42379
sqrt	230	decimal-scaled	28	5470	2845	4038424
sqrt	230	decimal-scaled	37	6072	2875	3043750
sqrt	230	decimal-scaled	152	11121	4339	5255531
sqrt	230	fastnum	17	182754	581	75347691
sqrt	230	fastnum	28	182114	612	74292174
sqrt	230	fastnum	37	181638	642	75648788
sqrt	230	fastnum	152	180842	641	72609384
sqrt	230	g_math	17	226010	941	6411259
sqrt	230	g_math	28	225720	962	9406134
sqrt	230	g_math	37	224558	1303	9268330
sqrt	230	g_math	152	224006	1323	9403269
sqrt	230	rust_decimal	17	2785	161	22672
sqrt	230	rust_decimal	28	2775	150	31558
sqrt	230	rust_decimal	37	2775	111	23574
sqrt	230	rust_decimal	152	2794	151	1348930
sqrt	307	decimal-rs	17	4138	689	2277547
sqrt	307	decimal-rs	28	4135	716	1622879
sqrt	307	decimal-rs	37	4152	759	1642432
sqrt	307	decimal-rs	152	4134	663	23505
sqrt	307	decimal-scaled	17	3688	1761	3706263
sqrt	307	decimal-scaled	28	4646	3183	40375
sqrt	307	decimal-scaled	37	5369	2215	4957793
sqrt	307	decimal-scaled	152	10270	3776	3968582
sqrt	307	fastnum	17	131710	542	60940502
sqrt	307	fastnum	28	120643	591	51501219
sqrt	307	fastnum	37	139078	926	59117479
sqrt	307	fastnum	152	132122	981	52888077
sqrt	307	g_math	17	79217	1757	10166822
sqrt	307	g_math	28	79368	1358	9162188
sqrt	307	g_math	37	79135	1438	9164962
sqrt	307	g_math	152	79332	1234	9158558
sqrt	307	rust_decimal	17	1917	126	9753
sqrt	307	rust_decimal	28	1910	100	212963
sqrt	307	rust_decimal	37	1927	97	9971
sqrt	307	rust_decimal	152	1906	109	17207
sqrt	462	decimal-rs	17	4156	709	2138391
sqrt	462	decimal-rs	28	4174	500	21603
sqrt	462	decimal-rs	37	4124	540	157443
sqrt	462	decimal-rs	152	4154	526	2176752
sqrt	462	decimal-scaled	17	6585	3213	3112435
sqrt	462	decimal-scaled	28	7543	3815	108859
sqrt	462	decimal-scaled	37	8909	4154	8195579
sqrt	462	decimal-scaled	152	15300	7227	9026561
sqrt	462	fastnum	17	120062	594	54386547
sqrt	462	fastnum	28	132358	522	60035894
sqrt	462	fastnum	37	120466	408	54289055
sqrt	462	fastnum	152	120359	563	50406498
sqrt	462	g_math	17	79331	1144	9162357
sqrt	462	g_math	28	79788	1283	9085847
sqrt	462	g_math	37	79655	1131	9165890
sqrt	462	g_math	152	79582	780	9162012
sqrt	462	rust_decimal	17	1892	94	185563
sqrt	462	rust_decimal	28	1930	88	533945
sqrt	462	rust_decimal	37	1888	93	251105
sqrt	462	rust_decimal	152	1894	91	846416
sqrt	616	decimal-rs	17	5731	431	3290371
sqrt	616	decimal-rs	28	5751	481	746382
sqrt	616	decimal-rs	37	5756	420	906813
sqrt	616	decimal-rs	152	5761	381	1107220
sqrt	616	decimal-scaled	17	14637	6603	3184761
sqrt	616	decimal-scaled	28	16030	10179	6336100
sqrt	616	decimal-scaled	37	19070	11672	6341571
sqrt	616	decimal-scaled	152	34606	14718	6212146
sqrt	616	fastnum	17	180584	561	74321707
sqrt	616	fastnum	28	183976	681	89195027
sqrt	616	fastnum	37	180965	691	80393360
sqrt	616	fastnum	152	181957	741	73937977
sqrt	616	g_math	17	232387	1392	9386510
sqrt	616	g_math	28	228379	1472	9405214
sqrt	616	g_math	37	236554	1132	7264734
sqrt	616	g_math	152	236474	1122	15400003
sqrt	616	rust_decimal	17	2805	140	24045
sqrt	616	rust_decimal	28	2825	130	38131
sqrt	616	rust_decimal	37	2796	131	427753
sqrt	616	rust_decimal	152	2805	110	897911
sqrt	924	decimal-rs	17	5730	411	416235
sqrt	924	decimal-rs	28	5746	380	46167
sqrt	924	decimal-rs	37	5756	391	68537
sqrt	924	decimal-rs	152	5751	431	2777577
sqrt	924	decimal-scaled	17	26309	15378	6958363
sqrt	924	decimal-scaled	28	28553	17964	7934920
sqrt	924	decimal-scaled	37	34224	23473	9269984
sqrt	924	decimal-scaled	152	53920	32360	6304609
sqrt	924	fastnum	17	181243	1053	73770502
sqrt	924	fastnum	28	181914	952	71729554
sqrt	924	fastnum	37	180436	992	71622691
sqrt	924	fastnum	152	180281	1342	71427159
sqrt	924	g_math	17	236110	1152	11243806
sqrt	924	g_math	28	228215	1162	10242627
sqrt	924	g_math	37	231361	1142	9400979
sqrt	924	g_math	152	235549	1082	9398989
sqrt	924	rust_decimal	17	2795	130	25498
sqrt	924	rust_decimal	28	2805	131	1352661
sqrt	924	rust_decimal	37	2825	130	34585
sqrt	924	rust_decimal	152	2815	130	1519001
sqrt	1232	decimal-rs	17	4903	498	2016059
sqrt	1232	decimal-rs	28	5492	566	2353132
sqrt	1232	decimal-rs	37	4898	469	42976
sqrt	1232	decimal-rs	152	5526	537	830153
sqrt	1232	decimal-scaled	17	34417	20847	7944376
sqrt	1232	decimal-scaled	28	31913	25700	7598075
sqrt	1232	decimal-scaled	37	40941	30637	7818956
sqrt	1232	decimal-scaled	152	73706	48767	8212247
sqrt	1232	fastnum	17	151372	731	61791664
sqrt	1232	fastnum	28	153170	600	61084169
sqrt	1232	fastnum	37	163331	781	63946030
sqrt	1232	fastnum	152	175869	678	70609326
sqrt	1232	g_math	17	97953	1386	9201700
sqrt	1232	g_math	28	101298	1464	9212324
sqrt	1232	g_math	37	97096	1163	6222948
sqrt	1232	g_math	152	108410	1348	9214977
sqrt	1232	rust_decimal	17	2296	123	882541
sqrt	1232	rust_decimal	28	2287	133	11469
sqrt	1232	rust_decimal	37	2575	163	115602
sqrt	1232	rust_decimal	152	2580	120	1420293
sub	18	decimal-rs	17	50	40	110
sub	18	decimal-scaled	17	341	270	431
sub	18	fastnum	17	80	60	181
sub	18	g_math	17	351	320	742
sub	18	rust_decimal	17	50	40	110
sub	38	decimal-rs	17	50	40	121
sub	38	decimal-rs	28	50	40	131
sub	38	decimal-rs	37	50	40	120
sub	38	decimal-scaled	17	381	300	651
sub	38	decimal-scaled	28	501	390	631
sub	38	decimal-scaled	37	561	450	681
sub	38	fastnum	17	70	50	12072
sub	38	fastnum	28	70	50	161
sub	38	fastnum	37	70	50	191
sub	38	g_math	17	346	320	711
sub	38	g_math	28	351	311	772
sub	38	g_math	37	361	320	771
sub	38	rust_decimal	17	60	40	100
sub	38	rust_decimal	28	50	40	100
sub	38	rust_decimal	37	51	40	110
sub	57	decimal-rs	17	50	40	140
sub	57	decimal-rs	28	50	40	121
sub	57	decimal-rs	37	50	40	120
sub	57	decimal-scaled	17	576	371	1082
sub	57	decimal-scaled	28	771	451	1223
sub	57	decimal-scaled	37	797	481	1033
sub	57	fastnum	17	70	50	180
sub	57	fastnum	28	81	60	200
sub	57	fastnum	37	80	50	191
sub	57	g_math	17	351	320	761
sub	57	g_math	28	351	311	711
sub	57	g_math	37	361	320	782
sub	57	rust_decimal	17	60	40	111
sub	57	rust_decimal	28	60	40	111
sub	57	rust_decimal	37	60	40	120
sub	76	decimal-rs	17	50	40	120
sub	76	decimal-rs	28	50	40	121
sub	76	decimal-rs	37	50	40	120
sub	76	decimal-scaled	17	771	451	1834
sub	76	decimal-scaled	28	972	491	1693
sub	76	decimal-scaled	37	1022	632	1493
sub	76	fastnum	17	80	41	211
sub	76	fastnum	28	70	50	161
sub	76	fastnum	37	70	50	150
sub	76	g_math	17	351	311	701
sub	76	g_math	28	361	320	821
sub	76	g_math	37	361	321	822
sub	76	rust_decimal	17	50	40	110
sub	76	rust_decimal	28	50	40	90
sub	76	rust_decimal	37	50	40	101
sub	115	decimal-rs	17	70	50	330
sub	115	decimal-rs	28	70	50	300
sub	115	decimal-rs	37	60	50	340
sub	115	decimal-scaled	17	2053	1052	6720
sub	115	decimal-scaled	28	2424	1372	6320
sub	115	decimal-scaled	37	2614	1172	6530
sub	115	fastnum	17	110	71	391
sub	115	fastnum	28	110	60	421
sub	115	fastnum	37	100	50	410
sub	115	g_math	17	521	451	1562
sub	115	g_math	28	546	450	1552
sub	115	g_math	37	546	460	1552
sub	115	rust_decimal	17	80	50	250
sub	115	rust_decimal	28	70	50	280
sub	115	rust_decimal	37	85	50	240
sub	153	decimal-rs	17	70	50	280
sub	153	decimal-rs	28	60	50	270
sub	153	decimal-rs	37	70	40	250
sub	153	decimal-rs	152	56	40	251
sub	153	decimal-scaled	17	3907	1393	17132
sub	153	decimal-scaled	28	3917	1582	17223
sub	153	decimal-scaled	37	4268	1773	15639
sub	153	decimal-scaled	152	4413	2395	5561
sub	153	fastnum	17	140	60	351
sub	153	fastnum	28	120	60	441
sub	153	fastnum	37	120	70	481
sub	153	fastnum	152	121	71	871
sub	153	g_math	17	551	441	1502
sub	153	g_math	28	562	341	1112
sub	153	g_math	37	566	481	1503
sub	153	g_math	152	561	471	1573
sub	153	rust_decimal	17	80	50	230
sub	153	rust_decimal	28	70	40	341
sub	153	rust_decimal	37	70	41	231
sub	153	rust_decimal	152	70	40	241
sub	230	decimal-rs	17	60	49	240
sub	230	decimal-rs	28	70	40	250
sub	230	decimal-rs	37	60	40	280
sub	230	decimal-rs	152	60	50	241
sub	230	decimal-scaled	17	7614	2374	75090
sub	230	decimal-scaled	28	7463	2485	43711
sub	230	decimal-scaled	37	8035	2755	45875
sub	230	decimal-scaled	152	10014	4498	36889
sub	230	fastnum	17	120	80	360
sub	230	fastnum	28	111	70	360
sub	230	fastnum	37	111	60	351
sub	230	fastnum	152	120	60	561
sub	230	g_math	17	572	471	1523
sub	230	g_math	28	582	461	1392
sub	230	g_math	37	566	331	1513
sub	230	g_math	152	552	460	4488
sub	230	rust_decimal	17	70	50	291
sub	230	rust_decimal	28	80	50	330
sub	230	rust_decimal	37	71	50	271
sub	230	rust_decimal	152	75	50	361
sub	307	decimal-rs	17	50	31	273
sub	307	decimal-rs	28	48	29	183
sub	307	decimal-rs	37	44	32	182
sub	307	decimal-rs	152	44	34	223
sub	307	decimal-scaled	17	6904	2257	69118
sub	307	decimal-scaled	28	6346	2320	91030
sub	307	decimal-scaled	37	8487	4214	81412
sub	307	decimal-scaled	152	10685	6242	48875
sub	307	fastnum	17	73	40	323
sub	307	fastnum	28	77	40	633
sub	307	fastnum	37	74	37	286
sub	307	fastnum	152	73	43	305
sub	307	g_math	17	306	238	966
sub	307	g_math	28	340	239	1281
sub	307	g_math	37	354	285	1601
sub	307	g_math	152	350	275	1326
sub	307	rust_decimal	17	51	33	275
sub	307	rust_decimal	28	50	30	376
sub	307	rust_decimal	37	50	32	535
sub	307	rust_decimal	152	46	34	345
sub	462	decimal-rs	17	43	36	258
sub	462	decimal-rs	28	44	31	203
sub	462	decimal-rs	37	48	34	258
sub	462	decimal-rs	152	46	29	225
sub	462	decimal-scaled	17	14979	6290	204759
sub	462	decimal-scaled	28	12285	6191	205644
sub	462	decimal-scaled	37	13331	8037	204126
sub	462	decimal-scaled	152	17694	11318	187290
sub	462	fastnum	17	74	39	351
sub	462	fastnum	28	69	39	240
sub	462	fastnum	37	73	40	494
sub	462	fastnum	152	70	38	230
sub	462	g_math	17	309	247	2249
sub	462	g_math	28	305	251	1336
sub	462	g_math	37	314	245	1238
sub	462	g_math	152	302	249	1077
sub	462	rust_decimal	17	50	32	219
sub	462	rust_decimal	28	50	28	209
sub	462	rust_decimal	37	52	28	290
sub	462	rust_decimal	152	53	37	358
sub	616	decimal-rs	17	76	50	301
sub	616	decimal-rs	28	70	40	251
sub	616	decimal-rs	37	70	49	261
sub	616	decimal-rs	152	80	50	260
sub	616	decimal-scaled	17	37164	13295	2169174
sub	616	decimal-scaled	28	26360	15920	1374080
sub	616	decimal-scaled	37	32982	18635	1251601
sub	616	decimal-scaled	152	42030	20739	4385176
sub	616	fastnum	17	120	60	391
sub	616	fastnum	28	111	60	391
sub	616	fastnum	37	111	60	400
sub	616	fastnum	152	130	80	491
sub	616	g_math	17	561	461	1553
sub	616	g_math	28	571	491	1794
sub	616	g_math	37	562	471	1152
sub	616	g_math	152	570	450	4268
sub	616	rust_decimal	17	70	40	310
sub	616	rust_decimal	28	76	50	261
sub	616	rust_decimal	37	70	50	251
sub	616	rust_decimal	152	80	40	301
sub	924	decimal-rs	17	60	50	251
sub	924	decimal-rs	28	66	40	441
sub	924	decimal-rs	37	70	41	271
sub	924	decimal-rs	152	66	50	310
sub	924	decimal-scaled	17	69519	27231	5541847
sub	924	decimal-scaled	28	54832	29525	1533188
sub	924	decimal-scaled	37	58179	35677	1551802
sub	924	decimal-scaled	152	80380	55063	9816886
sub	924	fastnum	17	120	70	441
sub	924	fastnum	28	120	60	512
sub	924	fastnum	37	111	70	421
sub	924	fastnum	152	120	70	401
sub	924	g_math	17	556	351	1733
sub	924	g_math	28	566	481	1463
sub	924	g_math	37	566	471	1573
sub	924	g_math	152	566	481	1613
sub	924	rust_decimal	17	70	49	270
sub	924	rust_decimal	28	70	49	271
sub	924	rust_decimal	37	70	50	270
sub	924	rust_decimal	152	70	49	260
sub	1232	decimal-rs	17	63	41	334
sub	1232	decimal-rs	28	67	47	302
sub	1232	decimal-rs	37	58	38	410
sub	1232	decimal-rs	152	68	48	255
sub	1232	decimal-scaled	17	83680	32824	10841326
sub	1232	decimal-scaled	28	58865	41479	3183449
sub	1232	decimal-scaled	37	71695	50976	7333732
sub	1232	decimal-scaled	152	106250	81615	8108110
sub	1232	fastnum	17	97	57	1080
sub	1232	fastnum	28	97	46	360
sub	1232	fastnum	37	98	71	894
sub	1232	fastnum	152	110	60	1325
sub	1232	g_math	17	443	318	1971
sub	1232	g_math	28	398	299	2933
sub	1232	g_math	37	483	374	1970
sub	1232	g_math	152	450	330	1466
sub	1232	rust_decimal	17	70	37	641
sub	1232	rust_decimal	28	63	37	264
sub	1232	rust_decimal	37	74	49	266
sub	1232	rust_decimal	152	70	48	269
tan	18	decimal-scaled	17	13165	9598	40386
tan	18	fastnum	17	1355460	739549	31196022
tan	18	g_math	17	238322	6903	310993
tan	18	rust_decimal	17	3798	390	14318
tan	38	decimal-scaled	17	13195	9258	39775
tan	38	decimal-scaled	28	16196	541	26961
tan	38	decimal-scaled	37	18350	641	50765
tan	38	fastnum	17	1352358	731646	31116767
tan	38	fastnum	28	1351362	742995	31208929
tan	38	fastnum	37	1352443	742584	31151687
tan	38	g_math	17	237876	6933	493134
tan	38	g_math	28	239169	6873	334899
tan	38	g_math	37	239680	6963	308379
tan	38	rust_decimal	17	3817	360	30017
tan	38	rust_decimal	28	3807	351	19045
tan	38	rust_decimal	37	3827	350	14617
tan	57	decimal-scaled	17	5861	2975	42750
tan	57	decimal-scaled	28	7544	3656	18294
tan	57	decimal-scaled	37	8677	3977	37099
tan	57	fastnum	17	1356762	739340	31124756
tan	57	fastnum	28	1351398	731715	31101550
tan	57	fastnum	37	1350828	730874	31245649
tan	57	g_math	17	239672	6933	313625
tan	57	g_math	28	237232	6853	419443
tan	57	g_math	37	237939	6843	334825
tan	57	rust_decimal	17	3837	350	21220
tan	57	rust_decimal	28	3827	311	17432
tan	57	rust_decimal	37	3807	341	6482
tan	76	decimal-scaled	17	5941	3026	43782
tan	76	decimal-scaled	28	7685	3627	31880
tan	76	decimal-scaled	37	8777	4047	37120
tan	76	fastnum	17	1348428	740365	31242233
tan	76	fastnum	28	1350908	730466	31153958
tan	76	fastnum	37	1351624	738442	31094978
tan	76	g_math	17	239543	6913	311313
tan	76	g_math	28	239598	6913	301624
tan	76	g_math	37	238656	6953	317864
tan	76	rust_decimal	17	3822	351	14377
tan	76	rust_decimal	28	3817	381	14226
tan	76	rust_decimal	37	3827	351	15098
tan	115	decimal-scaled	17	10355	5408	90634
tan	115	decimal-scaled	28	13029	6429	5029725
tan	115	decimal-scaled	37	14912	7010	141249
tan	115	fastnum	17	4648441	1000762	113466596
tan	115	fastnum	28	4615148	996925	100471179
tan	115	fastnum	37	4592688	998278	115212294
tan	115	g_math	17	450202	12758	9560302
tan	115	g_math	28	447122	12778	13406529
tan	115	g_math	37	447388	12749	12535579
tan	115	rust_decimal	17	4697	511	2758573
tan	115	rust_decimal	28	4697	551	31056
tan	115	rust_decimal	37	4687	521	1267266
tan	153	decimal-scaled	17	11272	6421	94106
tan	153	decimal-scaled	28	14156	7464	8043165
tan	153	decimal-scaled	37	16010	8165	7592023
tan	153	decimal-scaled	152	71493	16200	6106209
tan	153	fastnum	17	4445408	927448	101134536
tan	153	fastnum	28	4333648	1063792	113546191
tan	153	fastnum	37	4392244	923291	107583302
tan	153	fastnum	152	4484238	921396	104128669
tan	153	g_math	17	449678	12233	12523960
tan	153	g_math	28	449598	12252	12549816
tan	153	g_math	37	452719	12353	14489382
tan	153	g_math	152	454056	12062	9543317
tan	153	rust_decimal	17	4368	550	31158
tan	153	rust_decimal	28	4358	611	413250
tan	153	rust_decimal	37	4368	561	2030924
tan	153	rust_decimal	152	4358	551	36799
tan	230	decimal-scaled	17	12514	7414	350020
tan	230	decimal-scaled	28	15910	8857	44412
tan	230	decimal-scaled	37	17863	9387	9470625
tan	230	decimal-scaled	152	73762	20057	12099809
tan	230	fastnum	17	4445984	926545	98254360
tan	230	fastnum	28	4142238	994050	89213185
tan	230	fastnum	37	4349239	927666	89251266
tan	230	fastnum	152	4309926	927767	114948151
tan	230	g_math	17	451980	12553	9541733
tan	230	g_math	28	450127	12523	17482664
tan	230	g_math	37	449797	12443	12550339
tan	230	g_math	152	452066	12614	12548372
tan	230	rust_decimal	17	4388	521	170708
tan	230	rust_decimal	28	4378	581	34424
tan	230	rust_decimal	37	4378	591	1274532
tan	230	rust_decimal	152	4378	531	1997196
tan	307	decimal-scaled	17	7960	3398	496297
tan	307	decimal-scaled	28	10383	5724	6202071
tan	307	decimal-scaled	37	11836	6122	7911354
tan	307	decimal-scaled	152	46422	15686	12057398
tan	307	fastnum	17	1494416	654267	54145865
tan	307	fastnum	28	2089582	743747	72956461
tan	307	fastnum	37	1320779	655312	74804475
tan	307	fastnum	152	2165903	657392	59791874
tan	307	g_math	17	198938	6028	12242943
tan	307	g_math	28	234824	7072	14285045
tan	307	g_math	37	199830	5815	12244260
tan	307	g_math	152	199332	5957	12247264
tan	307	rust_decimal	17	3505	359	9980
tan	307	rust_decimal	28	3499	348	25187
tan	307	rust_decimal	37	3476	375	13607
tan	307	rust_decimal	152	3522	376	1284122
tan	462	decimal-scaled	17	8345	6167	1572125
tan	462	decimal-scaled	28	11152	7454	2705601
tan	462	decimal-scaled	37	13354	8606	8024344
tan	462	decimal-scaled	152	46002	18791	13058745
tan	462	fastnum	17	1673334	652929	80285897
tan	462	fastnum	28	1322580	645927	80735420
tan	462	fastnum	37	1579090	648906	80801438
tan	462	fastnum	152	1594852	648863	69715923
tan	462	g_math	17	199049	6015	12242044
tan	462	g_math	28	200594	5600	3247983
tan	462	g_math	37	201596	5801	20125769
tan	462	g_math	152	199047	5846	12245226
tan	462	rust_decimal	17	3512	377	125327
tan	462	rust_decimal	28	3480	381	1513728
tan	462	rust_decimal	37	3492	342	1656688
tan	462	rust_decimal	152	3472	338	17675
tan	616	decimal-scaled	17	19978	9918	3273778
tan	616	decimal-scaled	28	25908	16672	9459367
tan	616	decimal-scaled	37	30377	15469	12054620
tan	616	decimal-scaled	152	91262	37881	12764121
tan	616	fastnum	17	4364332	921581	104100254
tan	616	fastnum	28	4415213	921130	109944326
tan	616	fastnum	37	4099139	927092	104650316
tan	616	fastnum	152	4451602	923445	101138634
tan	616	g_math	17	450231	12243	12545322
tan	616	g_math	28	451358	12243	12548588
tan	616	g_math	37	452470	12364	11523263
tan	616	g_math	152	452059	12193	9449879
tan	616	rust_decimal	17	4348	561	33272
tan	616	rust_decimal	28	4343	511	2993843
tan	616	rust_decimal	37	4338	591	2025655
tan	616	rust_decimal	152	4358	612	73118
tan	924	decimal-scaled	17	28603	20929	4055772
tan	924	decimal-scaled	28	35046	19196	10060321
tan	924	decimal-scaled	37	43145	30617	12069280
tan	924	decimal-scaled	152	110320	53339	20099840
tan	924	fastnum	17	3791432	918652	104102292
tan	924	fastnum	28	4311150	919634	101068251
tan	924	fastnum	37	4365010	918162	101120014
tan	924	fastnum	152	4424796	913903	89164077
tan	924	g_math	17	452122	12132	14424496
tan	924	g_math	28	450169	12173	6545097
tan	924	g_math	37	451952	12283	9542783
tan	924	g_math	152	452810	11451	9548797
tan	924	rust_decimal	17	4364	491	623722
tan	924	rust_decimal	28	4368	591	2738965
tan	924	rust_decimal	37	4368	621	19376
tan	924	rust_decimal	152	4368	551	2885435
tan	1232	decimal-scaled	17	32039	17229	6035551
tan	1232	decimal-scaled	28	38854	25827	12053944
tan	1232	decimal-scaled	37	46395	27418	12058261
tan	1232	decimal-scaled	152	101720	55728	15708658
tan	1232	fastnum	17	2063628	771055	72244233
tan	1232	fastnum	28	3146896	784035	87941251
tan	1232	fastnum	37	4257876	929605	91159894
tan	1232	fastnum	152	4198618	877599	104773189
tan	1232	g_math	17	240197	7599	12413758
tan	1232	g_math	28	249406	7910	9282986
tan	1232	g_math	37	273193	8817	15295561
tan	1232	g_math	152	256576	7937	12260640
tan	1232	rust_decimal	17	4176	523	728910
tan	1232	rust_decimal	28	4174	493	36634
tan	1232	rust_decimal	37	4162	493	2552325
tan	1232	rust_decimal	152	4680	593	2900328
tanh	18	decimal-scaled	17	11451	300	39474
tanh	18	g_math	17	173238	13255	263478
tanh	38	decimal-scaled	17	11492	391	38843
tanh	38	decimal-scaled	28	13986	561	25979
tanh	38	decimal-scaled	37	15810	601	63379
tanh	38	g_math	17	173947	13145	282642
tanh	38	g_math	28	173085	13235	262754
tanh	38	g_math	37	173886	13265	291246
tanh	57	decimal-scaled	17	7534	431	41969
tanh	57	decimal-scaled	28	9268	571	21731
tanh	57	decimal-scaled	37	11121	742	54231
tanh	57	g_math	17	172873	13265	256479
tanh	57	g_math	28	172422	13336	252561
tanh	57	g_math	37	172512	13264	251189
tanh	76	decimal-scaled	17	7684	461	44053
tanh	76	decimal-scaled	28	9598	731	22793
tanh	76	decimal-scaled	37	11296	861	55404
tanh	76	g_math	17	172402	13336	275195
tanh	76	g_math	28	172343	13355	252412
tanh	76	g_math	37	172443	13365	277449
tanh	115	decimal-scaled	17	25762	1092	1465881
tanh	115	decimal-scaled	28	29048	1433	6036546
tanh	115	decimal-scaled	37	32178	1783	7169634
tanh	115	g_math	17	354485	28772	12417622
tanh	115	g_math	28	356398	28813	12476094
tanh	115	g_math	37	354304	28472	13397185
tanh	153	decimal-scaled	17	14452	1442	2140896
tanh	153	decimal-scaled	28	18144	1793	9038740
tanh	153	decimal-scaled	37	20984	2204	6576621
tanh	153	decimal-scaled	152	80620	3477	6118662
tanh	153	g_math	17	343710	25517	11471893
tanh	153	g_math	28	345634	25788	9378310
tanh	153	g_math	37	343991	25538	17337330
tanh	153	g_math	152	343580	25548	9395051
tanh	230	decimal-scaled	17	16004	2455	1007664
tanh	230	decimal-scaled	28	19972	3296	8044297
tanh	230	decimal-scaled	37	23083	3787	4259927
tanh	230	decimal-scaled	152	85444	7043	15094071
tanh	230	g_math	17	341816	25959	12456656
tanh	230	g_math	28	340945	26068	17381426
tanh	230	g_math	37	341556	25998	12429462
tanh	230	g_math	152	342918	26198	11374868
tanh	307	decimal-scaled	17	10371	2287	2334049
tanh	307	decimal-scaled	28	13147	2475	10314839
tanh	307	decimal-scaled	37	15226	2708	7996190
tanh	307	decimal-scaled	152	65376	7012	6143757
tanh	307	g_math	17	132719	8401	12204785
tanh	307	g_math	28	133065	8610	12180644
tanh	307	g_math	37	150434	10078	12180663
tanh	307	g_math	152	132824	8411	9165926
tanh	462	decimal-scaled	17	12860	4721	87085
tanh	462	decimal-scaled	28	15876	5301	8032204
tanh	462	decimal-scaled	37	18842	5282	13081776
tanh	462	decimal-scaled	152	59074	10123	12055933
tanh	462	g_math	17	131957	8791	15145140
tanh	462	g_math	28	132731	8532	11146220
tanh	462	g_math	37	132340	8703	9191935
tanh	462	g_math	152	132458	8217	9194379
tanh	616	decimal-scaled	17	24812	10931	9892038
tanh	616	decimal-scaled	28	31078	11382	15195590
tanh	616	decimal-scaled	37	36719	14096	15058752
tanh	616	decimal-scaled	152	101220	22713	12230570
tanh	616	g_math	17	344968	25518	9386710
tanh	616	g_math	28	345639	25788	8708335
tanh	616	g_math	37	340659	25648	12455782
tanh	616	g_math	152	343375	24456	14386116
tanh	924	decimal-scaled	17	36312	17021	8460940
tanh	924	decimal-scaled	28	42499	21741	14182173
tanh	924	decimal-scaled	37	51170	24105	9413465
tanh	924	decimal-scaled	152	122744	42268	8135633
tanh	924	g_math	17	340855	21010	12477276
tanh	924	g_math	28	345363	25668	9409223
tanh	924	g_math	37	346155	25427	12345287
tanh	924	g_math	152	343049	25277	12362071
tanh	1232	decimal-scaled	17	37772	25941	6385909
tanh	1232	decimal-scaled	28	42119	26528	9462566
tanh	1232	decimal-scaled	37	56647	31993	14070891
tanh	1232	decimal-scaled	152	128594	54438	11898760
tanh	1232	g_math	17	166072	10876	12176488
tanh	1232	g_math	28	160525	10721	9215112
tanh	1232	g_math	37	167423	10280	7239666
tanh	1232	g_math	152	159543	11139	9239331
