function	width	scale	mode	passed	failed	na
acos	115	0	AwayFromZero	3	0	4012
acos	115	0	Ceiling	3	0	4012
acos	115	0	Floor	3	0	4012
acos	115	0	HalfAwayFromZero	3	0	4012
acos	115	0	HalfToEven	3	0	4012
acos	115	0	HalfTowardZero	3	0	4012
acos	115	0	Trunc	3	0	4012
acos	115	0	ZeroFiveUp	3	0	4012
acos	115	114	AwayFromZero	4013	0	2
acos	115	114	Ceiling	4013	0	2
acos	115	114	Floor	4013	0	2
acos	115	114	HalfAwayFromZero	4013	0	2
acos	115	114	HalfToEven	4013	0	2
acos	115	114	HalfTowardZero	4013	0	2
acos	115	114	Trunc	4013	0	2
acos	115	114	ZeroFiveUp	4013	0	2
acos	115	28	AwayFromZero	3718	0	297
acos	115	28	Ceiling	3718	0	297
acos	115	28	Floor	3718	0	297
acos	115	28	HalfAwayFromZero	3718	0	297
acos	115	28	HalfToEven	3718	0	297
acos	115	28	HalfTowardZero	3718	0	297
acos	115	28	Trunc	3718	0	297
acos	115	28	ZeroFiveUp	3718	0	297
acos	115	50	AwayFromZero	4012	0	3
acos	115	50	Ceiling	4012	0	3
acos	115	50	Floor	4012	0	3
acos	115	50	HalfAwayFromZero	4012	0	3
acos	115	50	HalfToEven	4012	0	3
acos	115	50	HalfTowardZero	4012	0	3
acos	115	50	Trunc	4012	0	3
acos	115	50	ZeroFiveUp	4012	0	3
acos	115	57	AwayFromZero	4012	0	3
acos	115	57	Ceiling	4012	0	3
acos	115	57	Floor	4012	0	3
acos	115	57	HalfAwayFromZero	4012	0	3
acos	115	57	HalfToEven	4012	0	3
acos	115	57	HalfTowardZero	4012	0	3
acos	115	57	Trunc	4012	0	3
acos	115	57	ZeroFiveUp	4012	0	3
acos	115	86	AwayFromZero	4013	0	2
acos	115	86	Ceiling	4013	0	2
acos	115	86	Floor	4013	0	2
acos	115	86	HalfAwayFromZero	4013	0	2
acos	115	86	HalfToEven	4013	0	2
acos	115	86	HalfTowardZero	4013	0	2
acos	115	86	Trunc	4013	0	2
acos	115	86	ZeroFiveUp	4013	0	2
acos	1232	0	AwayFromZero	3	0	4012
acos	1232	0	Ceiling	3	0	4012
acos	1232	0	Floor	3	0	4012
acos	1232	0	HalfAwayFromZero	3	0	4012
acos	1232	0	HalfToEven	3	0	4012
acos	1232	0	HalfTowardZero	3	0	4012
acos	1232	0	Trunc	3	0	4012
acos	1232	0	ZeroFiveUp	3	0	4012
acos	1232	1200	AwayFromZero	4015	0	0
acos	1232	1200	Ceiling	4015	0	0
acos	1232	1200	Floor	4015	0	0
acos	1232	1200	HalfAwayFromZero	4015	0	0
acos	1232	1200	HalfToEven	4015	0	0
acos	1232	1200	HalfTowardZero	4015	0	0
acos	1232	1200	Trunc	4015	0	0
acos	1232	1200	ZeroFiveUp	4015	0	0
acos	1232	1231	AwayFromZero	4015	0	0
acos	1232	1231	Ceiling	4015	0	0
acos	1232	1231	Floor	4015	0	0
acos	1232	1231	HalfAwayFromZero	4015	0	0
acos	1232	1231	HalfToEven	4015	0	0
acos	1232	1231	HalfTowardZero	4015	0	0
acos	1232	1231	Trunc	4015	0	0
acos	1232	1231	ZeroFiveUp	4015	0	0
acos	1232	250	AwayFromZero	4015	0	0
acos	1232	250	Ceiling	4015	0	0
acos	1232	250	Floor	4015	0	0
acos	1232	250	HalfAwayFromZero	4015	0	0
acos	1232	250	HalfToEven	4015	0	0
acos	1232	250	HalfTowardZero	4015	0	0
acos	1232	250	Trunc	4015	0	0
acos	1232	250	ZeroFiveUp	4015	0	0
acos	1232	30	AwayFromZero	3990	0	25
acos	1232	30	Ceiling	3990	0	25
acos	1232	30	Floor	3990	0	25
acos	1232	30	HalfAwayFromZero	3990	0	25
acos	1232	30	HalfToEven	3990	0	25
acos	1232	30	HalfTowardZero	3990	0	25
acos	1232	30	Trunc	3990	0	25
acos	1232	30	ZeroFiveUp	3990	0	25
acos	1232	308	AwayFromZero	4015	0	0
acos	1232	308	Ceiling	4015	0	0
acos	1232	308	Floor	4015	0	0
acos	1232	308	HalfAwayFromZero	4015	0	0
acos	1232	308	HalfToEven	4015	0	0
acos	1232	308	HalfTowardZero	4015	0	0
acos	1232	308	Trunc	4015	0	0
acos	1232	308	ZeroFiveUp	4015	0	0
acos	1232	470	AwayFromZero	4015	0	0
acos	1232	470	Ceiling	4015	0	0
acos	1232	470	Floor	4015	0	0
acos	1232	470	HalfAwayFromZero	4015	0	0
acos	1232	470	HalfToEven	4015	0	0
acos	1232	470	HalfTowardZero	4015	0	0
acos	1232	470	Trunc	4015	0	0
acos	1232	470	ZeroFiveUp	4015	0	0
acos	1232	616	AwayFromZero	4015	0	0
acos	1232	616	Ceiling	4015	0	0
acos	1232	616	Floor	4015	0	0
acos	1232	616	HalfAwayFromZero	4015	0	0
acos	1232	616	HalfToEven	4015	0	0
acos	1232	616	HalfTowardZero	4015	0	0
acos	1232	616	Trunc	4015	0	0
acos	1232	616	ZeroFiveUp	4015	0	0
acos	1232	924	AwayFromZero	4015	0	0
acos	1232	924	Ceiling	4015	0	0
acos	1232	924	Floor	4015	0	0
acos	1232	924	HalfAwayFromZero	4015	0	0
acos	1232	924	HalfToEven	4015	0	0
acos	1232	924	HalfTowardZero	4015	0	0
acos	1232	924	Trunc	4015	0	0
acos	1232	924	ZeroFiveUp	4015	0	0
acos	153	0	AwayFromZero	3	0	4012
acos	153	0	Ceiling	3	0	4012
acos	153	0	Floor	3	0	4012
acos	153	0	HalfAwayFromZero	3	0	4012
acos	153	0	HalfToEven	3	0	4012
acos	153	0	HalfTowardZero	3	0	4012
acos	153	0	Trunc	3	0	4012
acos	153	0	ZeroFiveUp	3	0	4012
acos	153	114	AwayFromZero	4013	0	2
acos	153	114	Ceiling	4013	0	2
acos	153	114	Floor	4013	0	2
acos	153	114	HalfAwayFromZero	4013	0	2
acos	153	114	HalfToEven	4013	0	2
acos	153	114	HalfTowardZero	4013	0	2
acos	153	114	Trunc	4013	0	2
acos	153	114	ZeroFiveUp	4013	0	2
acos	153	152	AwayFromZero	4015	0	0
acos	153	152	Ceiling	4015	0	0
acos	153	152	Floor	4015	0	0
acos	153	152	HalfAwayFromZero	4015	0	0
acos	153	152	HalfToEven	4015	0	0
acos	153	152	HalfTowardZero	4015	0	0
acos	153	152	Trunc	4015	0	0
acos	153	152	ZeroFiveUp	4015	0	0
acos	153	38	AwayFromZero	4012	0	3
acos	153	38	Ceiling	4012	0	3
acos	153	38	Floor	4012	0	3
acos	153	38	HalfAwayFromZero	4012	0	3
acos	153	38	HalfToEven	4012	0	3
acos	153	38	HalfTowardZero	4012	0	3
acos	153	38	Trunc	4012	0	3
acos	153	38	ZeroFiveUp	4012	0	3
acos	153	76	AwayFromZero	4013	0	2
acos	153	76	Ceiling	4013	0	2
acos	153	76	Floor	4013	0	2
acos	153	76	HalfAwayFromZero	4013	0	2
acos	153	76	HalfToEven	4013	0	2
acos	153	76	HalfTowardZero	4013	0	2
acos	153	76	Trunc	4013	0	2
acos	153	76	ZeroFiveUp	4013	0	2
acos	18	0	AwayFromZero	3	0	4012
acos	18	0	Ceiling	3	0	4012
acos	18	0	Floor	3	0	4012
acos	18	0	HalfAwayFromZero	3	0	4012
acos	18	0	HalfToEven	3	0	4012
acos	18	0	HalfTowardZero	3	0	4012
acos	18	0	Trunc	3	0	4012
acos	18	0	ZeroFiveUp	3	0	4012
acos	18	13	AwayFromZero	728	0	3287
acos	18	13	Ceiling	728	0	3287
acos	18	13	Floor	728	0	3287
acos	18	13	HalfAwayFromZero	728	0	3287
acos	18	13	HalfToEven	728	0	3287
acos	18	13	HalfTowardZero	728	0	3287
acos	18	13	Trunc	728	0	3287
acos	18	13	ZeroFiveUp	728	0	3287
acos	18	17	AwayFromZero	932	0	3083
acos	18	17	Ceiling	932	0	3083
acos	18	17	Floor	932	0	3083
acos	18	17	HalfAwayFromZero	932	0	3083
acos	18	17	HalfToEven	932	0	3083
acos	18	17	HalfTowardZero	932	0	3083
acos	18	17	Trunc	932	0	3083
acos	18	17	ZeroFiveUp	932	0	3083
acos	18	3	AwayFromZero	22	0	3993
acos	18	3	Ceiling	22	0	3993
acos	18	3	Floor	22	0	3993
acos	18	3	HalfAwayFromZero	22	0	3993
acos	18	3	HalfToEven	22	0	3993
acos	18	3	HalfTowardZero	22	0	3993
acos	18	3	Trunc	22	0	3993
acos	18	3	ZeroFiveUp	22	0	3993
acos	18	4	AwayFromZero	187	0	3828
acos	18	4	Ceiling	187	0	3828
acos	18	4	Floor	187	0	3828
acos	18	4	HalfAwayFromZero	187	0	3828
acos	18	4	HalfToEven	187	0	3828
acos	18	4	HalfTowardZero	187	0	3828
acos	18	4	Trunc	187	0	3828
acos	18	4	ZeroFiveUp	187	0	3828
acos	18	9	AwayFromZero	530	0	3485
acos	18	9	Ceiling	530	0	3485
acos	18	9	Floor	530	0	3485
acos	18	9	HalfAwayFromZero	530	0	3485
acos	18	9	HalfToEven	530	0	3485
acos	18	9	HalfTowardZero	530	0	3485
acos	18	9	Trunc	530	0	3485
acos	18	9	ZeroFiveUp	530	0	3485
acos	230	0	AwayFromZero	3	0	4012
acos	230	0	Ceiling	3	0	4012
acos	230	0	Floor	3	0	4012
acos	230	0	HalfAwayFromZero	3	0	4012
acos	230	0	HalfToEven	3	0	4012
acos	230	0	HalfTowardZero	3	0	4012
acos	230	0	Trunc	3	0	4012
acos	230	0	ZeroFiveUp	3	0	4012
acos	230	115	AwayFromZero	4013	0	2
acos	230	115	Ceiling	4013	0	2
acos	230	115	Floor	4013	0	2
acos	230	115	HalfAwayFromZero	4013	0	2
acos	230	115	HalfToEven	4013	0	2
acos	230	115	HalfTowardZero	4013	0	2
acos	230	115	Trunc	4013	0	2
acos	230	115	ZeroFiveUp	4013	0	2
acos	230	172	AwayFromZero	4015	0	0
acos	230	172	Ceiling	4015	0	0
acos	230	172	Floor	4015	0	0
acos	230	172	HalfAwayFromZero	4015	0	0
acos	230	172	HalfToEven	4015	0	0
acos	230	172	HalfTowardZero	4015	0	0
acos	230	172	Trunc	4015	0	0
acos	230	172	ZeroFiveUp	4015	0	0
acos	230	229	AwayFromZero	4015	0	0
acos	230	229	Ceiling	4015	0	0
acos	230	229	Floor	4015	0	0
acos	230	229	HalfAwayFromZero	4015	0	0
acos	230	229	HalfToEven	4015	0	0
acos	230	229	HalfTowardZero	4015	0	0
acos	230	229	Trunc	4015	0	0
acos	230	229	ZeroFiveUp	4015	0	0
acos	230	30	AwayFromZero	3990	0	25
acos	230	30	Ceiling	3990	0	25
acos	230	30	Floor	3990	0	25
acos	230	30	HalfAwayFromZero	3990	0	25
acos	230	30	HalfToEven	3990	0	25
acos	230	30	HalfTowardZero	3990	0	25
acos	230	30	Trunc	3990	0	25
acos	230	30	ZeroFiveUp	3990	0	25
acos	230	57	AwayFromZero	4012	0	3
acos	230	57	Ceiling	4012	0	3
acos	230	57	Floor	4012	0	3
acos	230	57	HalfAwayFromZero	4012	0	3
acos	230	57	HalfToEven	4012	0	3
acos	230	57	HalfTowardZero	4012	0	3
acos	230	57	Trunc	4012	0	3
acos	230	57	ZeroFiveUp	4012	0	3
acos	307	0	AwayFromZero	3	0	4012
acos	307	0	Ceiling	3	0	4012
acos	307	0	Floor	3	0	4012
acos	307	0	HalfAwayFromZero	3	0	4012
acos	307	0	HalfToEven	3	0	4012
acos	307	0	HalfTowardZero	3	0	4012
acos	307	0	Trunc	3	0	4012
acos	307	0	ZeroFiveUp	3	0	4012
acos	307	120	AwayFromZero	4015	0	0
acos	307	120	Ceiling	4015	0	0
acos	307	120	Floor	4015	0	0
acos	307	120	HalfAwayFromZero	4015	0	0
acos	307	120	HalfToEven	4015	0	0
acos	307	120	HalfTowardZero	4015	0	0
acos	307	120	Trunc	4015	0	0
acos	307	120	ZeroFiveUp	4015	0	0
acos	307	153	AwayFromZero	4015	0	0
acos	307	153	Ceiling	4015	0	0
acos	307	153	Floor	4015	0	0
acos	307	153	HalfAwayFromZero	4015	0	0
acos	307	153	HalfToEven	4015	0	0
acos	307	153	HalfTowardZero	4015	0	0
acos	307	153	Trunc	4015	0	0
acos	307	153	ZeroFiveUp	4015	0	0
acos	307	230	AwayFromZero	4015	0	0
acos	307	230	Ceiling	4015	0	0
acos	307	230	Floor	4015	0	0
acos	307	230	HalfAwayFromZero	4015	0	0
acos	307	230	HalfToEven	4015	0	0
acos	307	230	HalfTowardZero	4015	0	0
acos	307	230	Trunc	4015	0	0
acos	307	230	ZeroFiveUp	4015	0	0
acos	307	290	AwayFromZero	4015	0	0
acos	307	290	Ceiling	4015	0	0
acos	307	290	Floor	4015	0	0
acos	307	290	HalfAwayFromZero	4015	0	0
acos	307	290	HalfToEven	4015	0	0
acos	307	290	HalfTowardZero	4015	0	0
acos	307	290	Trunc	4015	0	0
acos	307	290	ZeroFiveUp	4015	0	0
acos	307	30	AwayFromZero	3990	0	25
acos	307	30	Ceiling	3990	0	25
acos	307	30	Floor	3990	0	25
acos	307	30	HalfAwayFromZero	3990	0	25
acos	307	30	HalfToEven	3990	0	25
acos	307	30	HalfTowardZero	3990	0	25
acos	307	30	Trunc	3990	0	25
acos	307	30	ZeroFiveUp	3990	0	25
acos	307	306	AwayFromZero	4015	0	0
acos	307	306	Ceiling	4015	0	0
acos	307	306	Floor	4015	0	0
acos	307	306	HalfAwayFromZero	4015	0	0
acos	307	306	HalfToEven	4015	0	0
acos	307	306	HalfTowardZero	4015	0	0
acos	307	306	Trunc	4015	0	0
acos	307	306	ZeroFiveUp	4015	0	0
acos	307	50	AwayFromZero	4012	0	3
acos	307	50	Ceiling	4012	0	3
acos	307	50	Floor	4012	0	3
acos	307	50	HalfAwayFromZero	4012	0	3
acos	307	50	HalfToEven	4012	0	3
acos	307	50	HalfTowardZero	4012	0	3
acos	307	50	Trunc	4012	0	3
acos	307	50	ZeroFiveUp	4012	0	3
acos	307	70	AwayFromZero	4013	0	2
acos	307	70	Ceiling	4013	0	2
acos	307	70	Floor	4013	0	2
acos	307	70	HalfAwayFromZero	4013	0	2
acos	307	70	HalfToEven	4013	0	2
acos	307	70	HalfTowardZero	4013	0	2
acos	307	70	Trunc	4013	0	2
acos	307	70	ZeroFiveUp	4013	0	2
acos	307	76	AwayFromZero	4013	0	2
acos	307	76	Ceiling	4013	0	2
acos	307	76	Floor	4013	0	2
acos	307	76	HalfAwayFromZero	4013	0	2
acos	307	76	HalfToEven	4013	0	2
acos	307	76	HalfTowardZero	4013	0	2
acos	307	76	Trunc	4013	0	2
acos	307	76	ZeroFiveUp	4013	0	2
acos	38	0	AwayFromZero	3	0	4012
acos	38	0	Ceiling	3	0	4012
acos	38	0	Floor	3	0	4012
acos	38	0	HalfAwayFromZero	3	0	4012
acos	38	0	HalfToEven	3	0	4012
acos	38	0	HalfTowardZero	3	0	4012
acos	38	0	Trunc	3	0	4012
acos	38	0	ZeroFiveUp	3	0	4012
acos	38	10	AwayFromZero	532	0	3483
acos	38	10	Ceiling	532	0	3483
acos	38	10	Floor	532	0	3483
acos	38	10	HalfAwayFromZero	532	0	3483
acos	38	10	HalfToEven	532	0	3483
acos	38	10	HalfTowardZero	532	0	3483
acos	38	10	Trunc	532	0	3483
acos	38	10	ZeroFiveUp	532	0	3483
acos	38	12	AwayFromZero	553	0	3462
acos	38	12	Ceiling	553	0	3462
acos	38	12	Floor	553	0	3462
acos	38	12	HalfAwayFromZero	553	0	3462
acos	38	12	HalfToEven	553	0	3462
acos	38	12	HalfTowardZero	553	0	3462
acos	38	12	Trunc	553	0	3462
acos	38	12	ZeroFiveUp	553	0	3462
acos	38	17	AwayFromZero	932	0	3083
acos	38	17	Ceiling	932	0	3083
acos	38	17	Floor	932	0	3083
acos	38	17	HalfAwayFromZero	932	0	3083
acos	38	17	HalfToEven	932	0	3083
acos	38	17	HalfTowardZero	932	0	3083
acos	38	17	Trunc	932	0	3083
acos	38	17	ZeroFiveUp	932	0	3083
acos	38	18	AwayFromZero	955	0	3060
acos	38	18	Ceiling	955	0	3060
acos	38	18	Floor	955	0	3060
acos	38	18	HalfAwayFromZero	955	0	3060
acos	38	18	HalfToEven	955	0	3060
acos	38	18	HalfTowardZero	955	0	3060
acos	38	18	Trunc	955	0	3060
acos	38	18	ZeroFiveUp	955	0	3060
acos	38	19	AwayFromZero	1203	0	2812
acos	38	19	Ceiling	1203	0	2812
acos	38	19	Floor	1203	0	2812
acos	38	19	HalfAwayFromZero	1203	0	2812
acos	38	19	HalfToEven	1203	0	2812
acos	38	19	HalfTowardZero	1203	0	2812
acos	38	19	Trunc	1203	0	2812
acos	38	19	ZeroFiveUp	1203	0	2812
acos	38	2	AwayFromZero	9	0	4006
acos	38	2	Ceiling	9	0	4006
acos	38	2	Floor	9	0	4006
acos	38	2	HalfAwayFromZero	9	0	4006
acos	38	2	HalfToEven	9	0	4006
acos	38	2	HalfTowardZero	9	0	4006
acos	38	2	Trunc	9	0	4006
acos	38	2	ZeroFiveUp	9	0	4006
acos	38	28	AwayFromZero	3718	0	297
acos	38	28	Ceiling	3718	0	297
acos	38	28	Floor	3718	0	297
acos	38	28	HalfAwayFromZero	3718	0	297
acos	38	28	HalfToEven	3718	0	297
acos	38	28	HalfTowardZero	3718	0	297
acos	38	28	Trunc	3718	0	297
acos	38	28	ZeroFiveUp	3718	0	297
acos	38	37	AwayFromZero	4011	0	4
acos	38	37	Ceiling	4011	0	4
acos	38	37	Floor	4011	0	4
acos	38	37	HalfAwayFromZero	4011	0	4
acos	38	37	HalfToEven	4011	0	4
acos	38	37	HalfTowardZero	4011	0	4
acos	38	37	Trunc	4011	0	4
acos	38	37	ZeroFiveUp	4011	0	4
acos	38	6	AwayFromZero	191	0	3824
acos	38	6	Ceiling	191	0	3824
acos	38	6	Floor	191	0	3824
acos	38	6	HalfAwayFromZero	191	0	3824
acos	38	6	HalfToEven	191	0	3824
acos	38	6	HalfTowardZero	191	0	3824
acos	38	6	Trunc	191	0	3824
acos	38	6	ZeroFiveUp	191	0	3824
acos	38	9	AwayFromZero	530	0	3485
acos	38	9	Ceiling	530	0	3485
acos	38	9	Floor	530	0	3485
acos	38	9	HalfAwayFromZero	530	0	3485
acos	38	9	HalfToEven	530	0	3485
acos	38	9	HalfTowardZero	530	0	3485
acos	38	9	Trunc	530	0	3485
acos	38	9	ZeroFiveUp	530	0	3485
acos	462	0	AwayFromZero	3	0	4012
acos	462	0	Ceiling	3	0	4012
acos	462	0	Floor	3	0	4012
acos	462	0	HalfAwayFromZero	3	0	4012
acos	462	0	HalfToEven	3	0	4012
acos	462	0	HalfTowardZero	3	0	4012
acos	462	0	Trunc	3	0	4012
acos	462	0	ZeroFiveUp	3	0	4012
acos	462	100	AwayFromZero	4013	0	2
acos	462	100	Ceiling	4013	0	2
acos	462	100	Floor	4013	0	2
acos	462	100	HalfAwayFromZero	4013	0	2
acos	462	100	HalfToEven	4013	0	2
acos	462	100	HalfTowardZero	4013	0	2
acos	462	100	Trunc	4013	0	2
acos	462	100	ZeroFiveUp	4013	0	2
acos	462	115	AwayFromZero	4013	0	2
acos	462	115	Ceiling	4013	0	2
acos	462	115	Floor	4013	0	2
acos	462	115	HalfAwayFromZero	4013	0	2
acos	462	115	HalfToEven	4013	0	2
acos	462	115	HalfTowardZero	4013	0	2
acos	462	115	Trunc	4013	0	2
acos	462	115	ZeroFiveUp	4013	0	2
acos	462	180	AwayFromZero	4015	0	0
acos	462	180	Ceiling	4015	0	0
acos	462	180	Floor	4015	0	0
acos	462	180	HalfAwayFromZero	4015	0	0
acos	462	180	HalfToEven	4015	0	0
acos	462	180	HalfTowardZero	4015	0	0
acos	462	180	Trunc	4015	0	0
acos	462	180	ZeroFiveUp	4015	0	0
acos	462	231	AwayFromZero	4015	0	0
acos	462	231	Ceiling	4015	0	0
acos	462	231	Floor	4015	0	0
acos	462	231	HalfAwayFromZero	4015	0	0
acos	462	231	HalfToEven	4015	0	0
acos	462	231	HalfTowardZero	4015	0	0
acos	462	231	Trunc	4015	0	0
acos	462	231	ZeroFiveUp	4015	0	0
acos	462	30	AwayFromZero	3990	0	25
acos	462	30	Ceiling	3990	0	25
acos	462	30	Floor	3990	0	25
acos	462	30	HalfAwayFromZero	3990	0	25
acos	462	30	HalfToEven	3990	0	25
acos	462	30	HalfTowardZero	3990	0	25
acos	462	30	Trunc	3990	0	25
acos	462	30	ZeroFiveUp	3990	0	25
acos	462	346	AwayFromZero	4015	0	0
acos	462	346	Ceiling	4015	0	0
acos	462	346	Floor	4015	0	0
acos	462	346	HalfAwayFromZero	4015	0	0
acos	462	346	HalfToEven	4015	0	0
acos	462	346	HalfTowardZero	4015	0	0
acos	462	346	Trunc	4015	0	0
acos	462	346	ZeroFiveUp	4015	0	0
acos	462	461	AwayFromZero	4015	0	0
acos	462	461	Ceiling	4015	0	0
acos	462	461	Floor	4015	0	0
acos	462	461	HalfAwayFromZero	4015	0	0
acos	462	461	HalfToEven	4015	0	0
acos	462	461	HalfTowardZero	4015	0	0
acos	462	461	Trunc	4015	0	0
acos	462	461	ZeroFiveUp	4015	0	0
acos	57	0	AwayFromZero	3	0	4012
acos	57	0	Ceiling	3	0	4012
acos	57	0	Floor	3	0	4012
acos	57	0	HalfAwayFromZero	3	0	4012
acos	57	0	HalfToEven	3	0	4012
acos	57	0	HalfTowardZero	3	0	4012
acos	57	0	Trunc	3	0	4012
acos	57	0	ZeroFiveUp	3	0	4012
acos	57	14	AwayFromZero	852	0	3163
acos	57	14	Ceiling	852	0	3163
acos	57	14	Floor	852	0	3163
acos	57	14	HalfAwayFromZero	852	0	3163
acos	57	14	HalfToEven	852	0	3163
acos	57	14	HalfTowardZero	852	0	3163
acos	57	14	Trunc	852	0	3163
acos	57	14	ZeroFiveUp	852	0	3163
acos	57	20	AwayFromZero	1205	0	2810
acos	57	20	Ceiling	1205	0	2810
acos	57	20	Floor	1205	0	2810
acos	57	20	HalfAwayFromZero	1205	0	2810
acos	57	20	HalfToEven	1205	0	2810
acos	57	20	HalfTowardZero	1205	0	2810
acos	57	20	Trunc	1205	0	2810
acos	57	20	ZeroFiveUp	1205	0	2810
acos	57	28	AwayFromZero	3718	0	297
acos	57	28	Ceiling	3718	0	297
acos	57	28	Floor	3718	0	297
acos	57	28	HalfAwayFromZero	3718	0	297
acos	57	28	HalfToEven	3718	0	297
acos	57	28	HalfTowardZero	3718	0	297
acos	57	28	Trunc	3718	0	297
acos	57	28	ZeroFiveUp	3718	0	297
acos	57	30	AwayFromZero	3990	0	25
acos	57	30	Ceiling	3990	0	25
acos	57	30	Floor	3990	0	25
acos	57	30	HalfAwayFromZero	3990	0	25
acos	57	30	HalfToEven	3990	0	25
acos	57	30	HalfTowardZero	3990	0	25
acos	57	30	Trunc	3990	0	25
acos	57	30	ZeroFiveUp	3990	0	25
acos	57	42	AwayFromZero	4012	0	3
acos	57	42	Ceiling	4012	0	3
acos	57	42	Floor	4012	0	3
acos	57	42	HalfAwayFromZero	4012	0	3
acos	57	42	HalfToEven	4012	0	3
acos	57	42	HalfTowardZero	4012	0	3
acos	57	42	Trunc	4012	0	3
acos	57	42	ZeroFiveUp	4012	0	3
acos	57	56	AwayFromZero	4012	0	3
acos	57	56	Ceiling	4012	0	3
acos	57	56	Floor	4012	0	3
acos	57	56	HalfAwayFromZero	4012	0	3
acos	57	56	HalfToEven	4012	0	3
acos	57	56	HalfTowardZero	4012	0	3
acos	57	56	Trunc	4012	0	3
acos	57	56	ZeroFiveUp	4012	0	3
acos	616	0	AwayFromZero	3	0	4012
acos	616	0	Ceiling	3	0	4012
acos	616	0	Floor	3	0	4012
acos	616	0	HalfAwayFromZero	3	0	4012
acos	616	0	HalfToEven	3	0	4012
acos	616	0	HalfTowardZero	3	0	4012
acos	616	0	Trunc	3	0	4012
acos	616	0	ZeroFiveUp	3	0	4012
acos	616	130	AwayFromZero	4015	0	0
acos	616	130	Ceiling	4015	0	0
acos	616	130	Floor	4015	0	0
acos	616	130	HalfAwayFromZero	4015	0	0
acos	616	130	HalfToEven	4015	0	0
acos	616	130	HalfTowardZero	4015	0	0
acos	616	130	Trunc	4015	0	0
acos	616	130	ZeroFiveUp	4015	0	0
acos	616	154	AwayFromZero	4015	0	0
acos	616	154	Ceiling	4015	0	0
acos	616	154	Floor	4015	0	0
acos	616	154	HalfAwayFromZero	4015	0	0
acos	616	154	HalfToEven	4015	0	0
acos	616	154	HalfTowardZero	4015	0	0
acos	616	154	Trunc	4015	0	0
acos	616	154	ZeroFiveUp	4015	0	0
acos	616	240	AwayFromZero	4015	0	0
acos	616	240	Ceiling	4015	0	0
acos	616	240	Floor	4015	0	0
acos	616	240	HalfAwayFromZero	4015	0	0
acos	616	240	HalfToEven	4015	0	0
acos	616	240	HalfTowardZero	4015	0	0
acos	616	240	Trunc	4015	0	0
acos	616	240	ZeroFiveUp	4015	0	0
acos	616	30	AwayFromZero	3990	0	25
acos	616	30	Ceiling	3990	0	25
acos	616	30	Floor	3990	0	25
acos	616	30	HalfAwayFromZero	3990	0	25
acos	616	30	HalfToEven	3990	0	25
acos	616	30	HalfTowardZero	3990	0	25
acos	616	30	Trunc	3990	0	25
acos	616	30	ZeroFiveUp	3990	0	25
acos	616	308	AwayFromZero	4015	0	0
acos	616	308	Ceiling	4015	0	0
acos	616	308	Floor	4015	0	0
acos	616	308	HalfAwayFromZero	4015	0	0
acos	616	308	HalfToEven	4015	0	0
acos	616	308	HalfTowardZero	4015	0	0
acos	616	308	Trunc	4015	0	0
acos	616	308	ZeroFiveUp	4015	0	0
acos	616	462	AwayFromZero	4015	0	0
acos	616	462	Ceiling	4015	0	0
acos	616	462	Floor	4015	0	0
acos	616	462	HalfAwayFromZero	4015	0	0
acos	616	462	HalfToEven	4015	0	0
acos	616	462	HalfTowardZero	4015	0	0
acos	616	462	Trunc	4015	0	0
acos	616	462	ZeroFiveUp	4015	0	0
acos	616	590	AwayFromZero	4015	0	0
acos	616	590	Ceiling	4015	0	0
acos	616	590	Floor	4015	0	0
acos	616	590	HalfAwayFromZero	4015	0	0
acos	616	590	HalfToEven	4015	0	0
acos	616	590	HalfTowardZero	4015	0	0
acos	616	590	Trunc	4015	0	0
acos	616	590	ZeroFiveUp	4015	0	0
acos	616	615	AwayFromZero	4015	0	0
acos	616	615	Ceiling	4015	0	0
acos	616	615	Floor	4015	0	0
acos	616	615	HalfAwayFromZero	4015	0	0
acos	616	615	HalfToEven	4015	0	0
acos	616	615	HalfTowardZero	4015	0	0
acos	616	615	Trunc	4015	0	0
acos	616	615	ZeroFiveUp	4015	0	0
acos	76	0	AwayFromZero	3	0	4012
acos	76	0	Ceiling	3	0	4012
acos	76	0	Floor	3	0	4012
acos	76	0	HalfAwayFromZero	3	0	4012
acos	76	0	HalfToEven	3	0	4012
acos	76	0	HalfTowardZero	3	0	4012
acos	76	0	Trunc	3	0	4012
acos	76	0	ZeroFiveUp	3	0	4012
acos	76	18	AwayFromZero	955	0	3060
acos	76	18	Ceiling	955	0	3060
acos	76	18	Floor	955	0	3060
acos	76	18	HalfAwayFromZero	955	0	3060
acos	76	18	HalfToEven	955	0	3060
acos	76	18	HalfTowardZero	955	0	3060
acos	76	18	Trunc	955	0	3060
acos	76	18	ZeroFiveUp	955	0	3060
acos	76	19	AwayFromZero	1203	0	2812
acos	76	19	Ceiling	1203	0	2812
acos	76	19	Floor	1203	0	2812
acos	76	19	HalfAwayFromZero	1203	0	2812
acos	76	19	HalfToEven	1203	0	2812
acos	76	19	HalfTowardZero	1203	0	2812
acos	76	19	Trunc	1203	0	2812
acos	76	19	ZeroFiveUp	1203	0	2812
acos	76	38	AwayFromZero	4012	0	3
acos	76	38	Ceiling	4012	0	3
acos	76	38	Floor	4012	0	3
acos	76	38	HalfAwayFromZero	4012	0	3
acos	76	38	HalfToEven	4012	0	3
acos	76	38	HalfTowardZero	4012	0	3
acos	76	38	Trunc	4012	0	3
acos	76	38	ZeroFiveUp	4012	0	3
acos	76	40	AwayFromZero	4012	0	3
acos	76	40	Ceiling	4012	0	3
acos	76	40	Floor	4012	0	3
acos	76	40	HalfAwayFromZero	4012	0	3
acos	76	40	HalfToEven	4012	0	3
acos	76	40	HalfTowardZero	4012	0	3
acos	76	40	Trunc	4012	0	3
acos	76	40	ZeroFiveUp	4012	0	3
acos	76	57	AwayFromZero	4012	0	3
acos	76	57	Ceiling	4012	0	3
acos	76	57	Floor	4012	0	3
acos	76	57	HalfAwayFromZero	4012	0	3
acos	76	57	HalfToEven	4012	0	3
acos	76	57	HalfTowardZero	4012	0	3
acos	76	57	Trunc	4012	0	3
acos	76	57	ZeroFiveUp	4012	0	3
acos	76	75	AwayFromZero	4013	0	2
acos	76	75	Ceiling	4013	0	2
acos	76	75	Floor	4013	0	2
acos	76	75	HalfAwayFromZero	4013	0	2
acos	76	75	HalfToEven	4013	0	2
acos	76	75	HalfTowardZero	4013	0	2
acos	76	75	Trunc	4013	0	2
acos	76	75	ZeroFiveUp	4013	0	2
acos	924	0	AwayFromZero	3	0	4012
acos	924	0	Ceiling	3	0	4012
acos	924	0	Floor	3	0	4012
acos	924	0	HalfAwayFromZero	3	0	4012
acos	924	0	HalfToEven	3	0	4012
acos	924	0	HalfTowardZero	3	0	4012
acos	924	0	Trunc	3	0	4012
acos	924	0	ZeroFiveUp	3	0	4012
acos	924	180	AwayFromZero	4015	0	0
acos	924	180	Ceiling	4015	0	0
acos	924	180	Floor	4015	0	0
acos	924	180	HalfAwayFromZero	4015	0	0
acos	924	180	HalfToEven	4015	0	0
acos	924	180	HalfTowardZero	4015	0	0
acos	924	180	Trunc	4015	0	0
acos	924	180	ZeroFiveUp	4015	0	0
acos	924	231	AwayFromZero	4015	0	0
acos	924	231	Ceiling	4015	0	0
acos	924	231	Floor	4015	0	0
acos	924	231	HalfAwayFromZero	4015	0	0
acos	924	231	HalfToEven	4015	0	0
acos	924	231	HalfTowardZero	4015	0	0
acos	924	231	Trunc	4015	0	0
acos	924	231	ZeroFiveUp	4015	0	0
acos	924	30	AwayFromZero	3990	0	25
acos	924	30	Ceiling	3990	0	25
acos	924	30	Floor	3990	0	25
acos	924	30	HalfAwayFromZero	3990	0	25
acos	924	30	HalfToEven	3990	0	25
acos	924	30	HalfTowardZero	3990	0	25
acos	924	30	Trunc	3990	0	25
acos	924	30	ZeroFiveUp	3990	0	25
acos	924	350	AwayFromZero	4015	0	0
acos	924	350	Ceiling	4015	0	0
acos	924	350	Floor	4015	0	0
acos	924	350	HalfAwayFromZero	4015	0	0
acos	924	350	HalfToEven	4015	0	0
acos	924	350	HalfTowardZero	4015	0	0
acos	924	350	Trunc	4015	0	0
acos	924	350	ZeroFiveUp	4015	0	0
acos	924	462	AwayFromZero	4015	0	0
acos	924	462	Ceiling	4015	0	0
acos	924	462	Floor	4015	0	0
acos	924	462	HalfAwayFromZero	4015	0	0
acos	924	462	HalfToEven	4015	0	0
acos	924	462	HalfTowardZero	4015	0	0
acos	924	462	Trunc	4015	0	0
acos	924	462	ZeroFiveUp	4015	0	0
acos	924	693	AwayFromZero	4015	0	0
acos	924	693	Ceiling	4015	0	0
acos	924	693	Floor	4015	0	0
acos	924	693	HalfAwayFromZero	4015	0	0
acos	924	693	HalfToEven	4015	0	0
acos	924	693	HalfTowardZero	4015	0	0
acos	924	693	Trunc	4015	0	0
acos	924	693	ZeroFiveUp	4015	0	0
acos	924	900	AwayFromZero	4015	0	0
acos	924	900	Ceiling	4015	0	0
acos	924	900	Floor	4015	0	0
acos	924	900	HalfAwayFromZero	4015	0	0
acos	924	900	HalfToEven	4015	0	0
acos	924	900	HalfTowardZero	4015	0	0
acos	924	900	Trunc	4015	0	0
acos	924	900	ZeroFiveUp	4015	0	0
acos	924	923	AwayFromZero	4015	0	0
acos	924	923	Ceiling	4015	0	0
acos	924	923	Floor	4015	0	0
acos	924	923	HalfAwayFromZero	4015	0	0
acos	924	923	HalfToEven	4015	0	0
acos	924	923	HalfTowardZero	4015	0	0
acos	924	923	Trunc	4015	0	0
acos	924	923	ZeroFiveUp	4015	0	0
acosh	115	0	AwayFromZero	850	0	3468
acosh	115	0	Ceiling	850	0	3468
acosh	115	0	Floor	850	0	3468
acosh	115	0	HalfAwayFromZero	850	0	3468
acosh	115	0	HalfToEven	850	0	3468
acosh	115	0	HalfTowardZero	850	0	3468
acosh	115	0	Trunc	850	0	3468
acosh	115	0	ZeroFiveUp	850	0	3468
acosh	115	114	AwayFromZero	939	0	3379
acosh	115	114	Ceiling	939	0	3379
acosh	115	114	Floor	939	0	3379
acosh	115	114	HalfAwayFromZero	939	0	3379
acosh	115	114	HalfToEven	939	0	3379
acosh	115	114	HalfTowardZero	939	0	3379
acosh	115	114	Trunc	939	0	3379
acosh	115	114	ZeroFiveUp	939	0	3379
acosh	115	28	AwayFromZero	4301	0	17
acosh	115	28	Ceiling	4301	0	17
acosh	115	28	Floor	4301	0	17
acosh	115	28	HalfAwayFromZero	4301	0	17
acosh	115	28	HalfToEven	4301	0	17
acosh	115	28	HalfTowardZero	4301	0	17
acosh	115	28	Trunc	4301	0	17
acosh	115	28	ZeroFiveUp	4301	0	17
acosh	115	50	AwayFromZero	4301	0	17
acosh	115	50	Ceiling	4301	0	17
acosh	115	50	Floor	4301	0	17
acosh	115	50	HalfAwayFromZero	4301	0	17
acosh	115	50	HalfToEven	4301	0	17
acosh	115	50	HalfTowardZero	4301	0	17
acosh	115	50	Trunc	4301	0	17
acosh	115	50	ZeroFiveUp	4301	0	17
acosh	115	57	AwayFromZero	4301	0	17
acosh	115	57	Ceiling	4301	0	17
acosh	115	57	Floor	4301	0	17
acosh	115	57	HalfAwayFromZero	4301	0	17
acosh	115	57	HalfToEven	4301	0	17
acosh	115	57	HalfTowardZero	4301	0	17
acosh	115	57	Trunc	4301	0	17
acosh	115	57	ZeroFiveUp	4301	0	17
acosh	115	86	AwayFromZero	4310	0	8
acosh	115	86	Ceiling	4310	0	8
acosh	115	86	Floor	4310	0	8
acosh	115	86	HalfAwayFromZero	4310	0	8
acosh	115	86	HalfToEven	4310	0	8
acosh	115	86	HalfTowardZero	4310	0	8
acosh	115	86	Trunc	4310	0	8
acosh	115	86	ZeroFiveUp	4310	0	8
acosh	1232	0	AwayFromZero	850	0	3468
acosh	1232	0	Ceiling	850	0	3468
acosh	1232	0	Floor	850	0	3468
acosh	1232	0	HalfAwayFromZero	850	0	3468
acosh	1232	0	HalfToEven	850	0	3468
acosh	1232	0	HalfTowardZero	850	0	3468
acosh	1232	0	Trunc	850	0	3468
acosh	1232	0	ZeroFiveUp	850	0	3468
acosh	1232	1200	AwayFromZero	4318	0	0
acosh	1232	1200	Ceiling	4318	0	0
acosh	1232	1200	Floor	4318	0	0
acosh	1232	1200	HalfAwayFromZero	4318	0	0
acosh	1232	1200	HalfToEven	4318	0	0
acosh	1232	1200	HalfTowardZero	4318	0	0
acosh	1232	1200	Trunc	4318	0	0
acosh	1232	1200	ZeroFiveUp	4318	0	0
acosh	1232	1231	AwayFromZero	942	0	3376
acosh	1232	1231	Ceiling	942	0	3376
acosh	1232	1231	Floor	942	0	3376
acosh	1232	1231	HalfAwayFromZero	942	0	3376
acosh	1232	1231	HalfToEven	942	0	3376
acosh	1232	1231	HalfTowardZero	942	0	3376
acosh	1232	1231	Trunc	942	0	3376
acosh	1232	1231	ZeroFiveUp	942	0	3376
acosh	1232	250	AwayFromZero	4316	0	2
acosh	1232	250	Ceiling	4316	0	2
acosh	1232	250	Floor	4316	0	2
acosh	1232	250	HalfAwayFromZero	4316	0	2
acosh	1232	250	HalfToEven	4316	0	2
acosh	1232	250	HalfTowardZero	4316	0	2
acosh	1232	250	Trunc	4316	0	2
acosh	1232	250	ZeroFiveUp	4316	0	2
acosh	1232	30	AwayFromZero	4301	0	17
acosh	1232	30	Ceiling	4301	0	17
acosh	1232	30	Floor	4301	0	17
acosh	1232	30	HalfAwayFromZero	4301	0	17
acosh	1232	30	HalfToEven	4301	0	17
acosh	1232	30	HalfTowardZero	4301	0	17
acosh	1232	30	Trunc	4301	0	17
acosh	1232	30	ZeroFiveUp	4301	0	17
acosh	1232	308	AwayFromZero	4316	0	2
acosh	1232	308	Ceiling	4316	0	2
acosh	1232	308	Floor	4316	0	2
acosh	1232	308	HalfAwayFromZero	4316	0	2
acosh	1232	308	HalfToEven	4316	0	2
acosh	1232	308	HalfTowardZero	4316	0	2
acosh	1232	308	Trunc	4316	0	2
acosh	1232	308	ZeroFiveUp	4316	0	2
acosh	1232	470	AwayFromZero	4317	0	1
acosh	1232	470	Ceiling	4317	0	1
acosh	1232	470	Floor	4317	0	1
acosh	1232	470	HalfAwayFromZero	4317	0	1
acosh	1232	470	HalfToEven	4317	0	1
acosh	1232	470	HalfTowardZero	4317	0	1
acosh	1232	470	Trunc	4317	0	1
acosh	1232	470	ZeroFiveUp	4317	0	1
acosh	1232	616	AwayFromZero	4317	0	1
acosh	1232	616	Ceiling	4317	0	1
acosh	1232	616	Floor	4317	0	1
acosh	1232	616	HalfAwayFromZero	4317	0	1
acosh	1232	616	HalfToEven	4317	0	1
acosh	1232	616	HalfTowardZero	4317	0	1
acosh	1232	616	Trunc	4317	0	1
acosh	1232	616	ZeroFiveUp	4317	0	1
acosh	1232	924	AwayFromZero	4318	0	0
acosh	1232	924	Ceiling	4318	0	0
acosh	1232	924	Floor	4318	0	0
acosh	1232	924	HalfAwayFromZero	4318	0	0
acosh	1232	924	HalfToEven	4318	0	0
acosh	1232	924	HalfTowardZero	4318	0	0
acosh	1232	924	Trunc	4318	0	0
acosh	1232	924	ZeroFiveUp	4318	0	0
acosh	153	0	AwayFromZero	850	0	3468
acosh	153	0	Ceiling	850	0	3468
acosh	153	0	Floor	850	0	3468
acosh	153	0	HalfAwayFromZero	850	0	3468
acosh	153	0	HalfToEven	850	0	3468
acosh	153	0	HalfTowardZero	850	0	3468
acosh	153	0	Trunc	850	0	3468
acosh	153	0	ZeroFiveUp	850	0	3468
acosh	153	114	AwayFromZero	4315	0	3
acosh	153	114	Ceiling	4315	0	3
acosh	153	114	Floor	4315	0	3
acosh	153	114	HalfAwayFromZero	4315	0	3
acosh	153	114	HalfToEven	4315	0	3
acosh	153	114	HalfTowardZero	4315	0	3
acosh	153	114	Trunc	4315	0	3
acosh	153	114	ZeroFiveUp	4315	0	3
acosh	153	152	AwayFromZero	940	0	3378
acosh	153	152	Ceiling	940	0	3378
acosh	153	152	Floor	940	0	3378
acosh	153	152	HalfAwayFromZero	940	0	3378
acosh	153	152	HalfToEven	940	0	3378
acosh	153	152	HalfTowardZero	940	0	3378
acosh	153	152	Trunc	940	0	3378
acosh	153	152	ZeroFiveUp	940	0	3378
acosh	153	38	AwayFromZero	4301	0	17
acosh	153	38	Ceiling	4301	0	17
acosh	153	38	Floor	4301	0	17
acosh	153	38	HalfAwayFromZero	4301	0	17
acosh	153	38	HalfToEven	4301	0	17
acosh	153	38	HalfTowardZero	4301	0	17
acosh	153	38	Trunc	4301	0	17
acosh	153	38	ZeroFiveUp	4301	0	17
acosh	153	76	AwayFromZero	4308	0	10
acosh	153	76	Ceiling	4308	0	10
acosh	153	76	Floor	4308	0	10
acosh	153	76	HalfAwayFromZero	4308	0	10
acosh	153	76	HalfToEven	4308	0	10
acosh	153	76	HalfTowardZero	4308	0	10
acosh	153	76	Trunc	4308	0	10
acosh	153	76	ZeroFiveUp	4308	0	10
acosh	18	0	AwayFromZero	850	0	3468
acosh	18	0	Ceiling	850	0	3468
acosh	18	0	Floor	850	0	3468
acosh	18	0	HalfAwayFromZero	850	0	3468
acosh	18	0	HalfToEven	850	0	3468
acosh	18	0	HalfTowardZero	850	0	3468
acosh	18	0	Trunc	850	0	3468
acosh	18	0	ZeroFiveUp	850	0	3468
acosh	18	13	AwayFromZero	1466	0	2852
acosh	18	13	Ceiling	1466	0	2852
acosh	18	13	Floor	1466	0	2852
acosh	18	13	HalfAwayFromZero	1466	0	2852
acosh	18	13	HalfToEven	1466	0	2852
acosh	18	13	HalfTowardZero	1466	0	2852
acosh	18	13	Trunc	1466	0	2852
acosh	18	13	ZeroFiveUp	1466	0	2852
acosh	18	17	AwayFromZero	254	0	4064
acosh	18	17	Ceiling	254	0	4064
acosh	18	17	Floor	254	0	4064
acosh	18	17	HalfAwayFromZero	254	0	4064
acosh	18	17	HalfToEven	254	0	4064
acosh	18	17	HalfTowardZero	254	0	4064
acosh	18	17	Trunc	254	0	4064
acosh	18	17	ZeroFiveUp	254	0	4064
acosh	18	3	AwayFromZero	870	0	3448
acosh	18	3	Ceiling	870	0	3448
acosh	18	3	Floor	870	0	3448
acosh	18	3	HalfAwayFromZero	870	0	3448
acosh	18	3	HalfToEven	870	0	3448
acosh	18	3	HalfTowardZero	870	0	3448
acosh	18	3	Trunc	870	0	3448
acosh	18	3	ZeroFiveUp	870	0	3448
acosh	18	4	AwayFromZero	1023	0	3295
acosh	18	4	Ceiling	1023	0	3295
acosh	18	4	Floor	1023	0	3295
acosh	18	4	HalfAwayFromZero	1023	0	3295
acosh	18	4	HalfToEven	1023	0	3295
acosh	18	4	HalfTowardZero	1023	0	3295
acosh	18	4	Trunc	1023	0	3295
acosh	18	4	ZeroFiveUp	1023	0	3295
acosh	18	9	AwayFromZero	1360	0	2958
acosh	18	9	Ceiling	1360	0	2958
acosh	18	9	Floor	1360	0	2958
acosh	18	9	HalfAwayFromZero	1360	0	2958
acosh	18	9	HalfToEven	1360	0	2958
acosh	18	9	HalfTowardZero	1360	0	2958
acosh	18	9	Trunc	1360	0	2958
acosh	18	9	ZeroFiveUp	1360	0	2958
acosh	230	0	AwayFromZero	850	0	3468
acosh	230	0	Ceiling	850	0	3468
acosh	230	0	Floor	850	0	3468
acosh	230	0	HalfAwayFromZero	850	0	3468
acosh	230	0	HalfToEven	850	0	3468
acosh	230	0	HalfTowardZero	850	0	3468
acosh	230	0	Trunc	850	0	3468
acosh	230	0	ZeroFiveUp	850	0	3468
acosh	230	115	AwayFromZero	4315	0	3
acosh	230	115	Ceiling	4315	0	3
acosh	230	115	Floor	4315	0	3
acosh	230	115	HalfAwayFromZero	4315	0	3
acosh	230	115	HalfToEven	4315	0	3
acosh	230	115	HalfTowardZero	4315	0	3
acosh	230	115	Trunc	4315	0	3
acosh	230	115	ZeroFiveUp	4315	0	3
acosh	230	172	AwayFromZero	4316	0	2
acosh	230	172	Ceiling	4316	0	2
acosh	230	172	Floor	4316	0	2
acosh	230	172	HalfAwayFromZero	4316	0	2
acosh	230	172	HalfToEven	4316	0	2
acosh	230	172	HalfTowardZero	4316	0	2
acosh	230	172	Trunc	4316	0	2
acosh	230	172	ZeroFiveUp	4316	0	2
acosh	230	229	AwayFromZero	940	0	3378
acosh	230	229	Ceiling	940	0	3378
acosh	230	229	Floor	940	0	3378
acosh	230	229	HalfAwayFromZero	940	0	3378
acosh	230	229	HalfToEven	940	0	3378
acosh	230	229	HalfTowardZero	940	0	3378
acosh	230	229	Trunc	940	0	3378
acosh	230	229	ZeroFiveUp	940	0	3378
acosh	230	30	AwayFromZero	4301	0	17
acosh	230	30	Ceiling	4301	0	17
acosh	230	30	Floor	4301	0	17
acosh	230	30	HalfAwayFromZero	4301	0	17
acosh	230	30	HalfToEven	4301	0	17
acosh	230	30	HalfTowardZero	4301	0	17
acosh	230	30	Trunc	4301	0	17
acosh	230	30	ZeroFiveUp	4301	0	17
acosh	230	57	AwayFromZero	4301	0	17
acosh	230	57	Ceiling	4301	0	17
acosh	230	57	Floor	4301	0	17
acosh	230	57	HalfAwayFromZero	4301	0	17
acosh	230	57	HalfToEven	4301	0	17
acosh	230	57	HalfTowardZero	4301	0	17
acosh	230	57	Trunc	4301	0	17
acosh	230	57	ZeroFiveUp	4301	0	17
acosh	307	0	AwayFromZero	850	0	3468
acosh	307	0	Ceiling	850	0	3468
acosh	307	0	Floor	850	0	3468
acosh	307	0	HalfAwayFromZero	850	0	3468
acosh	307	0	HalfToEven	850	0	3468
acosh	307	0	HalfTowardZero	850	0	3468
acosh	307	0	Trunc	850	0	3468
acosh	307	0	ZeroFiveUp	850	0	3468
acosh	307	120	AwayFromZero	4316	0	2
acosh	307	120	Ceiling	4316	0	2
acosh	307	120	Floor	4316	0	2
acosh	307	120	HalfAwayFromZero	4316	0	2
acosh	307	120	HalfToEven	4316	0	2
acosh	307	120	HalfTowardZero	4316	0	2
acosh	307	120	Trunc	4316	0	2
acosh	307	120	ZeroFiveUp	4316	0	2
acosh	307	153	AwayFromZero	4316	0	2
acosh	307	153	Ceiling	4316	0	2
acosh	307	153	Floor	4316	0	2
acosh	307	153	HalfAwayFromZero	4316	0	2
acosh	307	153	HalfToEven	4316	0	2
acosh	307	153	HalfTowardZero	4316	0	2
acosh	307	153	Trunc	4316	0	2
acosh	307	153	ZeroFiveUp	4316	0	2
acosh	307	230	AwayFromZero	4316	0	2
acosh	307	230	Ceiling	4316	0	2
acosh	307	230	Floor	4316	0	2
acosh	307	230	HalfAwayFromZero	4316	0	2
acosh	307	230	HalfToEven	4316	0	2
acosh	307	230	HalfTowardZero	4316	0	2
acosh	307	230	Trunc	4316	0	2
acosh	307	230	ZeroFiveUp	4316	0	2
acosh	307	290	AwayFromZero	4316	0	2
acosh	307	290	Ceiling	4316	0	2
acosh	307	290	Floor	4316	0	2
acosh	307	290	HalfAwayFromZero	4316	0	2
acosh	307	290	HalfToEven	4316	0	2
acosh	307	290	HalfTowardZero	4316	0	2
acosh	307	290	Trunc	4316	0	2
acosh	307	290	ZeroFiveUp	4316	0	2
acosh	307	30	AwayFromZero	4301	0	17
acosh	307	30	Ceiling	4301	0	17
acosh	307	30	Floor	4301	0	17
acosh	307	30	HalfAwayFromZero	4301	0	17
acosh	307	30	HalfToEven	4301	0	17
acosh	307	30	HalfTowardZero	4301	0	17
acosh	307	30	Trunc	4301	0	17
acosh	307	30	ZeroFiveUp	4301	0	17
acosh	307	306	AwayFromZero	941	0	3377
acosh	307	306	Ceiling	941	0	3377
acosh	307	306	Floor	941	0	3377
acosh	307	306	HalfAwayFromZero	941	0	3377
acosh	307	306	HalfToEven	941	0	3377
acosh	307	306	HalfTowardZero	941	0	3377
acosh	307	306	Trunc	941	0	3377
acosh	307	306	ZeroFiveUp	941	0	3377
acosh	307	50	AwayFromZero	4301	0	17
acosh	307	50	Ceiling	4301	0	17
acosh	307	50	Floor	4301	0	17
acosh	307	50	HalfAwayFromZero	4301	0	17
acosh	307	50	HalfToEven	4301	0	17
acosh	307	50	HalfTowardZero	4301	0	17
acosh	307	50	Trunc	4301	0	17
acosh	307	50	ZeroFiveUp	4301	0	17
acosh	307	70	AwayFromZero	4304	0	14
acosh	307	70	Ceiling	4304	0	14
acosh	307	70	Floor	4304	0	14
acosh	307	70	HalfAwayFromZero	4304	0	14
acosh	307	70	HalfToEven	4304	0	14
acosh	307	70	HalfTowardZero	4304	0	14
acosh	307	70	Trunc	4304	0	14
acosh	307	70	ZeroFiveUp	4304	0	14
acosh	307	76	AwayFromZero	4308	0	10
acosh	307	76	Ceiling	4308	0	10
acosh	307	76	Floor	4308	0	10
acosh	307	76	HalfAwayFromZero	4308	0	10
acosh	307	76	HalfToEven	4308	0	10
acosh	307	76	HalfTowardZero	4308	0	10
acosh	307	76	Trunc	4308	0	10
acosh	307	76	ZeroFiveUp	4308	0	10
acosh	38	0	AwayFromZero	850	0	3468
acosh	38	0	Ceiling	850	0	3468
acosh	38	0	Floor	850	0	3468
acosh	38	0	HalfAwayFromZero	850	0	3468
acosh	38	0	HalfToEven	850	0	3468
acosh	38	0	HalfTowardZero	850	0	3468
acosh	38	0	Trunc	850	0	3468
acosh	38	0	ZeroFiveUp	850	0	3468
acosh	38	10	AwayFromZero	1362	0	2956
acosh	38	10	Ceiling	1362	0	2956
acosh	38	10	Floor	1362	0	2956
acosh	38	10	HalfAwayFromZero	1362	0	2956
acosh	38	10	HalfToEven	1362	0	2956
acosh	38	10	HalfTowardZero	1362	0	2956
acosh	38	10	Trunc	1362	0	2956
acosh	38	10	ZeroFiveUp	1362	0	2956
acosh	38	12	AwayFromZero	1378	0	2940
acosh	38	12	Ceiling	1378	0	2940
acosh	38	12	Floor	1378	0	2940
acosh	38	12	HalfAwayFromZero	1378	0	2940
acosh	38	12	HalfToEven	1378	0	2940
acosh	38	12	HalfTowardZero	1378	0	2940
acosh	38	12	Trunc	1378	0	2940
acosh	38	12	ZeroFiveUp	1378	0	2940
acosh	38	17	AwayFromZero	1684	0	2634
acosh	38	17	Ceiling	1684	0	2634
acosh	38	17	Floor	1684	0	2634
acosh	38	17	HalfAwayFromZero	1684	0	2634
acosh	38	17	HalfToEven	1684	0	2634
acosh	38	17	HalfTowardZero	1684	0	2634
acosh	38	17	Trunc	1684	0	2634
acosh	38	17	ZeroFiveUp	1684	0	2634
acosh	38	18	AwayFromZero	1701	0	2617
acosh	38	18	Ceiling	1701	0	2617
acosh	38	18	Floor	1701	0	2617
acosh	38	18	HalfAwayFromZero	1701	0	2617
acosh	38	18	HalfToEven	1701	0	2617
acosh	38	18	HalfTowardZero	1701	0	2617
acosh	38	18	Trunc	1701	0	2617
acosh	38	18	ZeroFiveUp	1701	0	2617
acosh	38	19	AwayFromZero	1958	0	2360
acosh	38	19	Ceiling	1958	0	2360
acosh	38	19	Floor	1958	0	2360
acosh	38	19	HalfAwayFromZero	1958	0	2360
acosh	38	19	HalfToEven	1958	0	2360
acosh	38	19	HalfTowardZero	1958	0	2360
acosh	38	19	Trunc	1958	0	2360
acosh	38	19	ZeroFiveUp	1958	0	2360
acosh	38	2	AwayFromZero	853	0	3465
acosh	38	2	Ceiling	853	0	3465
acosh	38	2	Floor	853	0	3465
acosh	38	2	HalfAwayFromZero	853	0	3465
acosh	38	2	HalfToEven	853	0	3465
acosh	38	2	HalfTowardZero	853	0	3465
acosh	38	2	Trunc	853	0	3465
acosh	38	2	ZeroFiveUp	853	0	3465
acosh	38	28	AwayFromZero	4301	0	17
acosh	38	28	Ceiling	4301	0	17
acosh	38	28	Floor	4301	0	17
acosh	38	28	HalfAwayFromZero	4301	0	17
acosh	38	28	HalfToEven	4301	0	17
acosh	38	28	HalfTowardZero	4301	0	17
acosh	38	28	Trunc	4301	0	17
acosh	38	28	ZeroFiveUp	4301	0	17
acosh	38	37	AwayFromZero	925	0	3393
acosh	38	37	Ceiling	925	0	3393
acosh	38	37	Floor	925	0	3393
acosh	38	37	HalfAwayFromZero	925	0	3393
acosh	38	37	HalfToEven	925	0	3393
acosh	38	37	HalfTowardZero	925	0	3393
acosh	38	37	Trunc	925	0	3393
acosh	38	37	ZeroFiveUp	925	0	3393
acosh	38	6	AwayFromZero	1025	0	3293
acosh	38	6	Ceiling	1025	0	3293
acosh	38	6	Floor	1025	0	3293
acosh	38	6	HalfAwayFromZero	1025	0	3293
acosh	38	6	HalfToEven	1025	0	3293
acosh	38	6	HalfTowardZero	1025	0	3293
acosh	38	6	Trunc	1025	0	3293
acosh	38	6	ZeroFiveUp	1025	0	3293
acosh	38	9	AwayFromZero	1360	0	2958
acosh	38	9	Ceiling	1360	0	2958
acosh	38	9	Floor	1360	0	2958
acosh	38	9	HalfAwayFromZero	1360	0	2958
acosh	38	9	HalfToEven	1360	0	2958
acosh	38	9	HalfTowardZero	1360	0	2958
acosh	38	9	Trunc	1360	0	2958
acosh	38	9	ZeroFiveUp	1360	0	2958
acosh	462	0	AwayFromZero	850	0	3468
acosh	462	0	Ceiling	850	0	3468
acosh	462	0	Floor	850	0	3468
acosh	462	0	HalfAwayFromZero	850	0	3468
acosh	462	0	HalfToEven	850	0	3468
acosh	462	0	HalfTowardZero	850	0	3468
acosh	462	0	Trunc	850	0	3468
acosh	462	0	ZeroFiveUp	850	0	3468
acosh	462	100	AwayFromZero	4314	0	4
acosh	462	100	Ceiling	4314	0	4
acosh	462	100	Floor	4314	0	4
acosh	462	100	HalfAwayFromZero	4314	0	4
acosh	462	100	HalfToEven	4314	0	4
acosh	462	100	HalfTowardZero	4314	0	4
acosh	462	100	Trunc	4314	0	4
acosh	462	100	ZeroFiveUp	4314	0	4
acosh	462	115	AwayFromZero	4315	0	3
acosh	462	115	Ceiling	4315	0	3
acosh	462	115	Floor	4315	0	3
acosh	462	115	HalfAwayFromZero	4315	0	3
acosh	462	115	HalfToEven	4315	0	3
acosh	462	115	HalfTowardZero	4315	0	3
acosh	462	115	Trunc	4315	0	3
acosh	462	115	ZeroFiveUp	4315	0	3
acosh	462	180	AwayFromZero	4316	0	2
acosh	462	180	Ceiling	4316	0	2
acosh	462	180	Floor	4316	0	2
acosh	462	180	HalfAwayFromZero	4316	0	2
acosh	462	180	HalfToEven	4316	0	2
acosh	462	180	HalfTowardZero	4316	0	2
acosh	462	180	Trunc	4316	0	2
acosh	462	180	ZeroFiveUp	4316	0	2
acosh	462	231	AwayFromZero	4316	0	2
acosh	462	231	Ceiling	4316	0	2
acosh	462	231	Floor	4316	0	2
acosh	462	231	HalfAwayFromZero	4316	0	2
acosh	462	231	HalfToEven	4316	0	2
acosh	462	231	HalfTowardZero	4316	0	2
acosh	462	231	Trunc	4316	0	2
acosh	462	231	ZeroFiveUp	4316	0	2
acosh	462	30	AwayFromZero	4301	0	17
acosh	462	30	Ceiling	4301	0	17
acosh	462	30	Floor	4301	0	17
acosh	462	30	HalfAwayFromZero	4301	0	17
acosh	462	30	HalfToEven	4301	0	17
acosh	462	30	HalfTowardZero	4301	0	17
acosh	462	30	Trunc	4301	0	17
acosh	462	30	ZeroFiveUp	4301	0	17
acosh	462	346	AwayFromZero	4316	0	2
acosh	462	346	Ceiling	4316	0	2
acosh	462	346	Floor	4316	0	2
acosh	462	346	HalfAwayFromZero	4316	0	2
acosh	462	346	HalfToEven	4316	0	2
acosh	462	346	HalfTowardZero	4316	0	2
acosh	462	346	Trunc	4316	0	2
acosh	462	346	ZeroFiveUp	4316	0	2
acosh	462	461	AwayFromZero	941	0	3377
acosh	462	461	Ceiling	941	0	3377
acosh	462	461	Floor	941	0	3377
acosh	462	461	HalfAwayFromZero	941	0	3377
acosh	462	461	HalfToEven	941	0	3377
acosh	462	461	HalfTowardZero	941	0	3377
acosh	462	461	Trunc	941	0	3377
acosh	462	461	ZeroFiveUp	941	0	3377
acosh	57	0	AwayFromZero	850	0	3468
acosh	57	0	Ceiling	850	0	3468
acosh	57	0	Floor	850	0	3468
acosh	57	0	HalfAwayFromZero	850	0	3468
acosh	57	0	HalfToEven	850	0	3468
acosh	57	0	HalfTowardZero	850	0	3468
acosh	57	0	Trunc	850	0	3468
acosh	57	0	ZeroFiveUp	850	0	3468
acosh	57	14	AwayFromZero	1677	0	2641
acosh	57	14	Ceiling	1677	0	2641
acosh	57	14	Floor	1677	0	2641
acosh	57	14	HalfAwayFromZero	1677	0	2641
acosh	57	14	HalfToEven	1677	0	2641
acosh	57	14	HalfTowardZero	1677	0	2641
acosh	57	14	Trunc	1677	0	2641
acosh	57	14	ZeroFiveUp	1677	0	2641
acosh	57	20	AwayFromZero	1973	0	2345
acosh	57	20	Ceiling	1973	0	2345
acosh	57	20	Floor	1973	0	2345
acosh	57	20	HalfAwayFromZero	1973	0	2345
acosh	57	20	HalfToEven	1973	0	2345
acosh	57	20	HalfTowardZero	1973	0	2345
acosh	57	20	Trunc	1973	0	2345
acosh	57	20	ZeroFiveUp	1973	0	2345
acosh	57	28	AwayFromZero	4301	0	17
acosh	57	28	Ceiling	4301	0	17
acosh	57	28	Floor	4301	0	17
acosh	57	28	HalfAwayFromZero	4301	0	17
acosh	57	28	HalfToEven	4301	0	17
acosh	57	28	HalfTowardZero	4301	0	17
acosh	57	28	Trunc	4301	0	17
acosh	57	28	ZeroFiveUp	4301	0	17
acosh	57	30	AwayFromZero	4301	0	17
acosh	57	30	Ceiling	4301	0	17
acosh	57	30	Floor	4301	0	17
acosh	57	30	HalfAwayFromZero	4301	0	17
acosh	57	30	HalfToEven	4301	0	17
acosh	57	30	HalfTowardZero	4301	0	17
acosh	57	30	Trunc	4301	0	17
acosh	57	30	ZeroFiveUp	4301	0	17
acosh	57	42	AwayFromZero	4301	0	17
acosh	57	42	Ceiling	4301	0	17
acosh	57	42	Floor	4301	0	17
acosh	57	42	HalfAwayFromZero	4301	0	17
acosh	57	42	HalfToEven	4301	0	17
acosh	57	42	HalfTowardZero	4301	0	17
acosh	57	42	Trunc	4301	0	17
acosh	57	42	ZeroFiveUp	4301	0	17
acosh	57	56	AwayFromZero	925	0	3393
acosh	57	56	Ceiling	925	0	3393
acosh	57	56	Floor	925	0	3393
acosh	57	56	HalfAwayFromZero	925	0	3393
acosh	57	56	HalfToEven	925	0	3393
acosh	57	56	HalfTowardZero	925	0	3393
acosh	57	56	Trunc	925	0	3393
acosh	57	56	ZeroFiveUp	925	0	3393
acosh	616	0	AwayFromZero	850	0	3468
acosh	616	0	Ceiling	850	0	3468
acosh	616	0	Floor	850	0	3468
acosh	616	0	HalfAwayFromZero	850	0	3468
acosh	616	0	HalfToEven	850	0	3468
acosh	616	0	HalfTowardZero	850	0	3468
acosh	616	0	Trunc	850	0	3468
acosh	616	0	ZeroFiveUp	850	0	3468
acosh	616	130	AwayFromZero	4316	0	2
acosh	616	130	Ceiling	4316	0	2
acosh	616	130	Floor	4316	0	2
acosh	616	130	HalfAwayFromZero	4316	0	2
acosh	616	130	HalfToEven	4316	0	2
acosh	616	130	HalfTowardZero	4316	0	2
acosh	616	130	Trunc	4316	0	2
acosh	616	130	ZeroFiveUp	4316	0	2
acosh	616	154	AwayFromZero	4316	0	2
acosh	616	154	Ceiling	4316	0	2
acosh	616	154	Floor	4316	0	2
acosh	616	154	HalfAwayFromZero	4316	0	2
acosh	616	154	HalfToEven	4316	0	2
acosh	616	154	HalfTowardZero	4316	0	2
acosh	616	154	Trunc	4316	0	2
acosh	616	154	ZeroFiveUp	4316	0	2
acosh	616	240	AwayFromZero	4316	0	2
acosh	616	240	Ceiling	4316	0	2
acosh	616	240	Floor	4316	0	2
acosh	616	240	HalfAwayFromZero	4316	0	2
acosh	616	240	HalfToEven	4316	0	2
acosh	616	240	HalfTowardZero	4316	0	2
acosh	616	240	Trunc	4316	0	2
acosh	616	240	ZeroFiveUp	4316	0	2
acosh	616	30	AwayFromZero	4301	0	17
acosh	616	30	Ceiling	4301	0	17
acosh	616	30	Floor	4301	0	17
acosh	616	30	HalfAwayFromZero	4301	0	17
acosh	616	30	HalfToEven	4301	0	17
acosh	616	30	HalfTowardZero	4301	0	17
acosh	616	30	Trunc	4301	0	17
acosh	616	30	ZeroFiveUp	4301	0	17
acosh	616	308	AwayFromZero	4316	0	2
acosh	616	308	Ceiling	4316	0	2
acosh	616	308	Floor	4316	0	2
acosh	616	308	HalfAwayFromZero	4316	0	2
acosh	616	308	HalfToEven	4316	0	2
acosh	616	308	HalfTowardZero	4316	0	2
acosh	616	308	Trunc	4316	0	2
acosh	616	308	ZeroFiveUp	4316	0	2
acosh	616	462	AwayFromZero	4317	0	1
acosh	616	462	Ceiling	4317	0	1
acosh	616	462	Floor	4317	0	1
acosh	616	462	HalfAwayFromZero	4317	0	1
acosh	616	462	HalfToEven	4317	0	1
acosh	616	462	HalfTowardZero	4317	0	1
acosh	616	462	Trunc	4317	0	1
acosh	616	462	ZeroFiveUp	4317	0	1
acosh	616	590	AwayFromZero	4317	0	1
acosh	616	590	Ceiling	4317	0	1
acosh	616	590	Floor	4317	0	1
acosh	616	590	HalfAwayFromZero	4317	0	1
acosh	616	590	HalfToEven	4317	0	1
acosh	616	590	HalfTowardZero	4317	0	1
acosh	616	590	Trunc	4317	0	1
acosh	616	590	ZeroFiveUp	4317	0	1
acosh	616	615	AwayFromZero	941	0	3377
acosh	616	615	Ceiling	941	0	3377
acosh	616	615	Floor	941	0	3377
acosh	616	615	HalfAwayFromZero	941	0	3377
acosh	616	615	HalfToEven	941	0	3377
acosh	616	615	HalfTowardZero	941	0	3377
acosh	616	615	Trunc	941	0	3377
acosh	616	615	ZeroFiveUp	941	0	3377
acosh	76	0	AwayFromZero	850	0	3468
acosh	76	0	Ceiling	850	0	3468
acosh	76	0	Floor	850	0	3468
acosh	76	0	HalfAwayFromZero	850	0	3468
acosh	76	0	HalfToEven	850	0	3468
acosh	76	0	HalfTowardZero	850	0	3468
acosh	76	0	Trunc	850	0	3468
acosh	76	0	ZeroFiveUp	850	0	3468
acosh	76	18	AwayFromZero	1701	0	2617
acosh	76	18	Ceiling	1701	0	2617
acosh	76	18	Floor	1701	0	2617
acosh	76	18	HalfAwayFromZero	1701	0	2617
acosh	76	18	HalfToEven	1701	0	2617
acosh	76	18	HalfTowardZero	1701	0	2617
acosh	76	18	Trunc	1701	0	2617
acosh	76	18	ZeroFiveUp	1701	0	2617
acosh	76	19	AwayFromZero	1958	0	2360
acosh	76	19	Ceiling	1958	0	2360
acosh	76	19	Floor	1958	0	2360
acosh	76	19	HalfAwayFromZero	1958	0	2360
acosh	76	19	HalfToEven	1958	0	2360
acosh	76	19	HalfTowardZero	1958	0	2360
acosh	76	19	Trunc	1958	0	2360
acosh	76	19	ZeroFiveUp	1958	0	2360
acosh	76	38	AwayFromZero	4301	0	17
acosh	76	38	Ceiling	4301	0	17
acosh	76	38	Floor	4301	0	17
acosh	76	38	HalfAwayFromZero	4301	0	17
acosh	76	38	HalfToEven	4301	0	17
acosh	76	38	HalfTowardZero	4301	0	17
acosh	76	38	Trunc	4301	0	17
acosh	76	38	ZeroFiveUp	4301	0	17
acosh	76	40	AwayFromZero	4301	0	17
acosh	76	40	Ceiling	4301	0	17
acosh	76	40	Floor	4301	0	17
acosh	76	40	HalfAwayFromZero	4301	0	17
acosh	76	40	HalfToEven	4301	0	17
acosh	76	40	HalfTowardZero	4301	0	17
acosh	76	40	Trunc	4301	0	17
acosh	76	40	ZeroFiveUp	4301	0	17
acosh	76	57	AwayFromZero	4301	0	17
acosh	76	57	Ceiling	4301	0	17
acosh	76	57	Floor	4301	0	17
acosh	76	57	HalfAwayFromZero	4301	0	17
acosh	76	57	HalfToEven	4301	0	17
acosh	76	57	HalfTowardZero	4301	0	17
acosh	76	57	Trunc	4301	0	17
acosh	76	57	ZeroFiveUp	4301	0	17
acosh	76	75	AwayFromZero	931	0	3387
acosh	76	75	Ceiling	931	0	3387
acosh	76	75	Floor	931	0	3387
acosh	76	75	HalfAwayFromZero	931	0	3387
acosh	76	75	HalfToEven	931	0	3387
acosh	76	75	HalfTowardZero	931	0	3387
acosh	76	75	Trunc	931	0	3387
acosh	76	75	ZeroFiveUp	931	0	3387
acosh	924	0	AwayFromZero	850	0	3468
acosh	924	0	Ceiling	850	0	3468
acosh	924	0	Floor	850	0	3468
acosh	924	0	HalfAwayFromZero	850	0	3468
acosh	924	0	HalfToEven	850	0	3468
acosh	924	0	HalfTowardZero	850	0	3468
acosh	924	0	Trunc	850	0	3468
acosh	924	0	ZeroFiveUp	850	0	3468
acosh	924	180	AwayFromZero	4316	0	2
acosh	924	180	Ceiling	4316	0	2
acosh	924	180	Floor	4316	0	2
acosh	924	180	HalfAwayFromZero	4316	0	2
acosh	924	180	HalfToEven	4316	0	2
acosh	924	180	HalfTowardZero	4316	0	2
acosh	924	180	Trunc	4316	0	2
acosh	924	180	ZeroFiveUp	4316	0	2
acosh	924	231	AwayFromZero	4316	0	2
acosh	924	231	Ceiling	4316	0	2
acosh	924	231	Floor	4316	0	2
acosh	924	231	HalfAwayFromZero	4316	0	2
acosh	924	231	HalfToEven	4316	0	2
acosh	924	231	HalfTowardZero	4316	0	2
acosh	924	231	Trunc	4316	0	2
acosh	924	231	ZeroFiveUp	4316	0	2
acosh	924	30	AwayFromZero	4301	0	17
acosh	924	30	Ceiling	4301	0	17
acosh	924	30	Floor	4301	0	17
acosh	924	30	HalfAwayFromZero	4301	0	17
acosh	924	30	HalfToEven	4301	0	17
acosh	924	30	HalfTowardZero	4301	0	17
acosh	924	30	Trunc	4301	0	17
acosh	924	30	ZeroFiveUp	4301	0	17
acosh	924	350	AwayFromZero	4316	0	2
acosh	924	350	Ceiling	4316	0	2
acosh	924	350	Floor	4316	0	2
acosh	924	350	HalfAwayFromZero	4316	0	2
acosh	924	350	HalfToEven	4316	0	2
acosh	924	350	HalfTowardZero	4316	0	2
acosh	924	350	Trunc	4316	0	2
acosh	924	350	ZeroFiveUp	4316	0	2
acosh	924	462	AwayFromZero	4317	0	1
acosh	924	462	Ceiling	4317	0	1
acosh	924	462	Floor	4317	0	1
acosh	924	462	HalfAwayFromZero	4317	0	1
acosh	924	462	HalfToEven	4317	0	1
acosh	924	462	HalfTowardZero	4317	0	1
acosh	924	462	Trunc	4317	0	1
acosh	924	462	ZeroFiveUp	4317	0	1
acosh	924	693	AwayFromZero	4318	0	0
acosh	924	693	Ceiling	4318	0	0
acosh	924	693	Floor	4318	0	0
acosh	924	693	HalfAwayFromZero	4318	0	0
acosh	924	693	HalfToEven	4318	0	0
acosh	924	693	HalfTowardZero	4318	0	0
acosh	924	693	Trunc	4318	0	0
acosh	924	693	ZeroFiveUp	4318	0	0
acosh	924	900	AwayFromZero	4318	0	0
acosh	924	900	Ceiling	4318	0	0
acosh	924	900	Floor	4318	0	0
acosh	924	900	HalfAwayFromZero	4318	0	0
acosh	924	900	HalfToEven	4318	0	0
acosh	924	900	HalfTowardZero	4318	0	0
acosh	924	900	Trunc	4318	0	0
acosh	924	900	ZeroFiveUp	4318	0	0
acosh	924	923	AwayFromZero	942	0	3376
acosh	924	923	Ceiling	942	0	3376
acosh	924	923	Floor	942	0	3376
acosh	924	923	HalfAwayFromZero	942	0	3376
acosh	924	923	HalfToEven	942	0	3376
acosh	924	923	HalfTowardZero	942	0	3376
acosh	924	923	Trunc	942	0	3376
acosh	924	923	ZeroFiveUp	942	0	3376
add	115	0	AwayFromZero	24	0	56
add	115	0	Ceiling	24	0	56
add	115	0	Floor	24	0	56
add	115	0	HalfAwayFromZero	24	0	56
add	115	0	HalfToEven	24	0	56
add	115	0	HalfTowardZero	24	0	56
add	115	0	Trunc	24	0	56
add	115	0	ZeroFiveUp	24	0	56
add	115	114	AwayFromZero	18	0	62
add	115	114	Ceiling	18	0	62
add	115	114	Floor	18	0	62
add	115	114	HalfAwayFromZero	18	0	62
add	115	114	HalfToEven	18	0	62
add	115	114	HalfTowardZero	18	0	62
add	115	114	Trunc	18	0	62
add	115	114	ZeroFiveUp	18	0	62
add	115	28	AwayFromZero	55	0	25
add	115	28	Ceiling	55	0	25
add	115	28	Floor	55	0	25
add	115	28	HalfAwayFromZero	55	0	25
add	115	28	HalfToEven	55	0	25
add	115	28	HalfTowardZero	55	0	25
add	115	28	Trunc	55	0	25
add	115	28	ZeroFiveUp	55	0	25
add	115	50	AwayFromZero	51	0	29
add	115	50	Ceiling	51	0	29
add	115	50	Floor	51	0	29
add	115	50	HalfAwayFromZero	51	0	29
add	115	50	HalfToEven	51	0	29
add	115	50	HalfTowardZero	51	0	29
add	115	50	Trunc	51	0	29
add	115	50	ZeroFiveUp	51	0	29
add	115	57	AwayFromZero	50	0	30
add	115	57	Ceiling	50	0	30
add	115	57	Floor	50	0	30
add	115	57	HalfAwayFromZero	50	0	30
add	115	57	HalfToEven	50	0	30
add	115	57	HalfTowardZero	50	0	30
add	115	57	Trunc	50	0	30
add	115	57	ZeroFiveUp	50	0	30
add	115	86	AwayFromZero	43	0	37
add	115	86	Ceiling	43	0	37
add	115	86	Floor	43	0	37
add	115	86	HalfAwayFromZero	43	0	37
add	115	86	HalfToEven	43	0	37
add	115	86	HalfTowardZero	43	0	37
add	115	86	Trunc	43	0	37
add	115	86	ZeroFiveUp	43	0	37
add	1232	0	AwayFromZero	48	0	32
add	1232	0	Ceiling	48	0	32
add	1232	0	Floor	48	0	32
add	1232	0	HalfAwayFromZero	48	0	32
add	1232	0	HalfToEven	48	0	32
add	1232	0	HalfTowardZero	48	0	32
add	1232	0	Trunc	48	0	32
add	1232	0	ZeroFiveUp	48	0	32
add	1232	1200	AwayFromZero	43	0	37
add	1232	1200	Ceiling	43	0	37
add	1232	1200	Floor	43	0	37
add	1232	1200	HalfAwayFromZero	43	0	37
add	1232	1200	HalfToEven	43	0	37
add	1232	1200	HalfTowardZero	43	0	37
add	1232	1200	Trunc	43	0	37
add	1232	1200	ZeroFiveUp	43	0	37
add	1232	1231	AwayFromZero	24	0	56
add	1232	1231	Ceiling	24	0	56
add	1232	1231	Floor	24	0	56
add	1232	1231	HalfAwayFromZero	24	0	56
add	1232	1231	HalfToEven	24	0	56
add	1232	1231	HalfTowardZero	24	0	56
add	1232	1231	Trunc	24	0	56
add	1232	1231	ZeroFiveUp	24	0	56
add	1232	250	AwayFromZero	79	0	1
add	1232	250	Ceiling	79	0	1
add	1232	250	Floor	79	0	1
add	1232	250	HalfAwayFromZero	79	0	1
add	1232	250	HalfToEven	79	0	1
add	1232	250	HalfTowardZero	79	0	1
add	1232	250	Trunc	79	0	1
add	1232	250	ZeroFiveUp	79	0	1
add	1232	30	AwayFromZero	79	0	1
add	1232	30	Ceiling	79	0	1
add	1232	30	Floor	79	0	1
add	1232	30	HalfAwayFromZero	79	0	1
add	1232	30	HalfToEven	79	0	1
add	1232	30	HalfTowardZero	79	0	1
add	1232	30	Trunc	79	0	1
add	1232	30	ZeroFiveUp	79	0	1
add	1232	308	AwayFromZero	79	0	1
add	1232	308	Ceiling	79	0	1
add	1232	308	Floor	79	0	1
add	1232	308	HalfAwayFromZero	79	0	1
add	1232	308	HalfToEven	79	0	1
add	1232	308	HalfTowardZero	79	0	1
add	1232	308	Trunc	79	0	1
add	1232	308	ZeroFiveUp	79	0	1
add	1232	470	AwayFromZero	77	0	3
add	1232	470	Ceiling	77	0	3
add	1232	470	Floor	77	0	3
add	1232	470	HalfAwayFromZero	77	0	3
add	1232	470	HalfToEven	77	0	3
add	1232	470	HalfTowardZero	77	0	3
add	1232	470	Trunc	77	0	3
add	1232	470	ZeroFiveUp	77	0	3
add	1232	616	AwayFromZero	76	0	4
add	1232	616	Ceiling	76	0	4
add	1232	616	Floor	76	0	4
add	1232	616	HalfAwayFromZero	76	0	4
add	1232	616	HalfToEven	76	0	4
add	1232	616	HalfTowardZero	76	0	4
add	1232	616	Trunc	76	0	4
add	1232	616	ZeroFiveUp	76	0	4
add	1232	924	AwayFromZero	70	0	10
add	1232	924	Ceiling	70	0	10
add	1232	924	Floor	70	0	10
add	1232	924	HalfAwayFromZero	70	0	10
add	1232	924	HalfToEven	70	0	10
add	1232	924	HalfTowardZero	70	0	10
add	1232	924	Trunc	70	0	10
add	1232	924	ZeroFiveUp	70	0	10
add	153	0	AwayFromZero	28	0	52
add	153	0	Ceiling	28	0	52
add	153	0	Floor	28	0	52
add	153	0	HalfAwayFromZero	28	0	52
add	153	0	HalfToEven	28	0	52
add	153	0	HalfTowardZero	28	0	52
add	153	0	Trunc	28	0	52
add	153	0	ZeroFiveUp	28	0	52
add	153	114	AwayFromZero	46	0	34
add	153	114	Ceiling	46	0	34
add	153	114	Floor	46	0	34
add	153	114	HalfAwayFromZero	46	0	34
add	153	114	HalfToEven	46	0	34
add	153	114	HalfTowardZero	46	0	34
add	153	114	Trunc	46	0	34
add	153	114	ZeroFiveUp	46	0	34
add	153	152	AwayFromZero	24	0	56
add	153	152	Ceiling	24	0	56
add	153	152	Floor	24	0	56
add	153	152	HalfAwayFromZero	24	0	56
add	153	152	HalfToEven	24	0	56
add	153	152	HalfTowardZero	24	0	56
add	153	152	Trunc	24	0	56
add	153	152	ZeroFiveUp	24	0	56
add	153	38	AwayFromZero	59	0	21
add	153	38	Ceiling	59	0	21
add	153	38	Floor	59	0	21
add	153	38	HalfAwayFromZero	59	0	21
add	153	38	HalfToEven	59	0	21
add	153	38	HalfTowardZero	59	0	21
add	153	38	Trunc	59	0	21
add	153	38	ZeroFiveUp	59	0	21
add	153	76	AwayFromZero	54	0	26
add	153	76	Ceiling	54	0	26
add	153	76	Floor	54	0	26
add	153	76	HalfAwayFromZero	54	0	26
add	153	76	HalfToEven	54	0	26
add	153	76	HalfTowardZero	54	0	26
add	153	76	Trunc	54	0	26
add	153	76	ZeroFiveUp	54	0	26
add	18	0	AwayFromZero	8	0	72
add	18	0	Ceiling	8	0	72
add	18	0	Floor	8	0	72
add	18	0	HalfAwayFromZero	8	0	72
add	18	0	HalfToEven	8	0	72
add	18	0	HalfTowardZero	8	0	72
add	18	0	Trunc	8	0	72
add	18	0	ZeroFiveUp	8	0	72
add	18	13	AwayFromZero	14	0	66
add	18	13	Ceiling	14	0	66
add	18	13	Floor	14	0	66
add	18	13	HalfAwayFromZero	14	0	66
add	18	13	HalfToEven	14	0	66
add	18	13	HalfTowardZero	14	0	66
add	18	13	Trunc	14	0	66
add	18	13	ZeroFiveUp	14	0	66
add	18	17	AwayFromZero	11	0	69
add	18	17	Ceiling	11	0	69
add	18	17	Floor	11	0	69
add	18	17	HalfAwayFromZero	11	0	69
add	18	17	HalfToEven	11	0	69
add	18	17	HalfTowardZero	11	0	69
add	18	17	Trunc	11	0	69
add	18	17	ZeroFiveUp	11	0	69
add	18	3	AwayFromZero	7	0	73
add	18	3	Ceiling	7	0	73
add	18	3	Floor	7	0	73
add	18	3	HalfAwayFromZero	7	0	73
add	18	3	HalfToEven	7	0	73
add	18	3	HalfTowardZero	7	0	73
add	18	3	Trunc	7	0	73
add	18	3	ZeroFiveUp	7	0	73
add	18	4	AwayFromZero	10	0	70
add	18	4	Ceiling	10	0	70
add	18	4	Floor	10	0	70
add	18	4	HalfAwayFromZero	10	0	70
add	18	4	HalfToEven	10	0	70
add	18	4	HalfTowardZero	10	0	70
add	18	4	Trunc	10	0	70
add	18	4	ZeroFiveUp	10	0	70
add	18	9	AwayFromZero	12	0	68
add	18	9	Ceiling	12	0	68
add	18	9	Floor	12	0	68
add	18	9	HalfAwayFromZero	12	0	68
add	18	9	HalfToEven	12	0	68
add	18	9	HalfTowardZero	12	0	68
add	18	9	Trunc	12	0	68
add	18	9	ZeroFiveUp	12	0	68
add	230	0	AwayFromZero	33	0	47
add	230	0	Ceiling	33	0	47
add	230	0	Floor	33	0	47
add	230	0	HalfAwayFromZero	33	0	47
add	230	0	HalfToEven	33	0	47
add	230	0	HalfTowardZero	33	0	47
add	230	0	Trunc	33	0	47
add	230	0	ZeroFiveUp	33	0	47
add	230	115	AwayFromZero	59	0	21
add	230	115	Ceiling	59	0	21
add	230	115	Floor	59	0	21
add	230	115	HalfAwayFromZero	59	0	21
add	230	115	HalfToEven	59	0	21
add	230	115	HalfTowardZero	59	0	21
add	230	115	Trunc	59	0	21
add	230	115	ZeroFiveUp	59	0	21
add	230	172	AwayFromZero	51	0	29
add	230	172	Ceiling	51	0	29
add	230	172	Floor	51	0	29
add	230	172	HalfAwayFromZero	51	0	29
add	230	172	HalfToEven	51	0	29
add	230	172	HalfTowardZero	51	0	29
add	230	172	Trunc	51	0	29
add	230	172	ZeroFiveUp	51	0	29
add	230	229	AwayFromZero	24	0	56
add	230	229	Ceiling	24	0	56
add	230	229	Floor	24	0	56
add	230	229	HalfAwayFromZero	24	0	56
add	230	229	HalfToEven	24	0	56
add	230	229	HalfTowardZero	24	0	56
add	230	229	Trunc	24	0	56
add	230	229	ZeroFiveUp	24	0	56
add	230	30	AwayFromZero	63	0	17
add	230	30	Ceiling	63	0	17
add	230	30	Floor	63	0	17
add	230	30	HalfAwayFromZero	63	0	17
add	230	30	HalfToEven	63	0	17
add	230	30	HalfTowardZero	63	0	17
add	230	30	Trunc	63	0	17
add	230	30	ZeroFiveUp	63	0	17
add	230	57	AwayFromZero	63	0	17
add	230	57	Ceiling	63	0	17
add	230	57	Floor	63	0	17
add	230	57	HalfAwayFromZero	63	0	17
add	230	57	HalfToEven	63	0	17
add	230	57	HalfTowardZero	63	0	17
add	230	57	Trunc	63	0	17
add	230	57	ZeroFiveUp	63	0	17
add	307	0	AwayFromZero	37	0	43
add	307	0	Ceiling	37	0	43
add	307	0	Floor	37	0	43
add	307	0	HalfAwayFromZero	37	0	43
add	307	0	HalfToEven	37	0	43
add	307	0	HalfTowardZero	37	0	43
add	307	0	Trunc	37	0	43
add	307	0	ZeroFiveUp	37	0	43
add	307	120	AwayFromZero	63	0	17
add	307	120	Ceiling	63	0	17
add	307	120	Floor	63	0	17
add	307	120	HalfAwayFromZero	63	0	17
add	307	120	HalfToEven	63	0	17
add	307	120	HalfTowardZero	63	0	17
add	307	120	Trunc	63	0	17
add	307	120	ZeroFiveUp	63	0	17
add	307	153	AwayFromZero	62	0	18
add	307	153	Ceiling	62	0	18
add	307	153	Floor	62	0	18
add	307	153	HalfAwayFromZero	62	0	18
add	307	153	HalfToEven	62	0	18
add	307	153	HalfTowardZero	62	0	18
add	307	153	Trunc	62	0	18
add	307	153	ZeroFiveUp	62	0	18
add	307	230	AwayFromZero	54	0	26
add	307	230	Ceiling	54	0	26
add	307	230	Floor	54	0	26
add	307	230	HalfAwayFromZero	54	0	26
add	307	230	HalfToEven	54	0	26
add	307	230	HalfTowardZero	54	0	26
add	307	230	Trunc	54	0	26
add	307	230	ZeroFiveUp	54	0	26
add	307	290	AwayFromZero	37	0	43
add	307	290	Ceiling	37	0	43
add	307	290	Floor	37	0	43
add	307	290	HalfAwayFromZero	37	0	43
add	307	290	HalfToEven	37	0	43
add	307	290	HalfTowardZero	37	0	43
add	307	290	Trunc	37	0	43
add	307	290	ZeroFiveUp	37	0	43
add	307	30	AwayFromZero	67	0	13
add	307	30	Ceiling	67	0	13
add	307	30	Floor	67	0	13
add	307	30	HalfAwayFromZero	67	0	13
add	307	30	HalfToEven	67	0	13
add	307	30	HalfTowardZero	67	0	13
add	307	30	Trunc	67	0	13
add	307	30	ZeroFiveUp	67	0	13
add	307	306	AwayFromZero	24	0	56
add	307	306	Ceiling	24	0	56
add	307	306	Floor	24	0	56
add	307	306	HalfAwayFromZero	24	0	56
add	307	306	HalfToEven	24	0	56
add	307	306	HalfTowardZero	24	0	56
add	307	306	Trunc	24	0	56
add	307	306	ZeroFiveUp	24	0	56
add	307	50	AwayFromZero	67	0	13
add	307	50	Ceiling	67	0	13
add	307	50	Floor	67	0	13
add	307	50	HalfAwayFromZero	67	0	13
add	307	50	HalfToEven	67	0	13
add	307	50	HalfTowardZero	67	0	13
add	307	50	Trunc	67	0	13
add	307	50	ZeroFiveUp	67	0	13
add	307	70	AwayFromZero	67	0	13
add	307	70	Ceiling	67	0	13
add	307	70	Floor	67	0	13
add	307	70	HalfAwayFromZero	67	0	13
add	307	70	HalfToEven	67	0	13
add	307	70	HalfTowardZero	67	0	13
add	307	70	Trunc	67	0	13
add	307	70	ZeroFiveUp	67	0	13
add	307	76	AwayFromZero	67	0	13
add	307	76	Ceiling	67	0	13
add	307	76	Floor	67	0	13
add	307	76	HalfAwayFromZero	67	0	13
add	307	76	HalfToEven	67	0	13
add	307	76	HalfTowardZero	67	0	13
add	307	76	Trunc	67	0	13
add	307	76	ZeroFiveUp	67	0	13
add	38	0	AwayFromZero	12	0	68
add	38	0	Ceiling	12	0	68
add	38	0	Floor	12	0	68
add	38	0	HalfAwayFromZero	12	0	68
add	38	0	HalfToEven	12	0	68
add	38	0	HalfTowardZero	12	0	68
add	38	0	Trunc	12	0	68
add	38	0	ZeroFiveUp	12	0	68
add	38	10	AwayFromZero	16	0	64
add	38	10	Ceiling	16	0	64
add	38	10	Floor	16	0	64
add	38	10	HalfAwayFromZero	16	0	64
add	38	10	HalfToEven	16	0	64
add	38	10	HalfTowardZero	16	0	64
add	38	10	Trunc	16	0	64
add	38	10	ZeroFiveUp	16	0	64
add	38	12	AwayFromZero	16	0	64
add	38	12	Ceiling	16	0	64
add	38	12	Floor	16	0	64
add	38	12	HalfAwayFromZero	16	0	64
add	38	12	HalfToEven	16	0	64
add	38	12	HalfTowardZero	16	0	64
add	38	12	Trunc	16	0	64
add	38	12	ZeroFiveUp	16	0	64
add	38	17	AwayFromZero	24	0	56
add	38	17	Ceiling	24	0	56
add	38	17	Floor	24	0	56
add	38	17	HalfAwayFromZero	24	0	56
add	38	17	HalfToEven	24	0	56
add	38	17	HalfTowardZero	24	0	56
add	38	17	Trunc	24	0	56
add	38	17	ZeroFiveUp	24	0	56
add	38	18	AwayFromZero	25	0	55
add	38	18	Ceiling	25	0	55
add	38	18	Floor	25	0	55
add	38	18	HalfAwayFromZero	25	0	55
add	38	18	HalfToEven	25	0	55
add	38	18	HalfTowardZero	25	0	55
add	38	18	Trunc	25	0	55
add	38	18	ZeroFiveUp	25	0	55
add	38	19	AwayFromZero	26	0	54
add	38	19	Ceiling	26	0	54
add	38	19	Floor	26	0	54
add	38	19	HalfAwayFromZero	26	0	54
add	38	19	HalfToEven	26	0	54
add	38	19	HalfTowardZero	26	0	54
add	38	19	Trunc	26	0	54
add	38	19	ZeroFiveUp	26	0	54
add	38	2	AwayFromZero	11	0	69
add	38	2	Ceiling	11	0	69
add	38	2	Floor	11	0	69
add	38	2	HalfAwayFromZero	11	0	69
add	38	2	HalfToEven	11	0	69
add	38	2	HalfTowardZero	11	0	69
add	38	2	Trunc	11	0	69
add	38	2	ZeroFiveUp	11	0	69
add	38	28	AwayFromZero	35	0	45
add	38	28	Ceiling	35	0	45
add	38	28	Floor	35	0	45
add	38	28	HalfAwayFromZero	35	0	45
add	38	28	HalfToEven	35	0	45
add	38	28	HalfTowardZero	35	0	45
add	38	28	Trunc	35	0	45
add	38	28	ZeroFiveUp	35	0	45
add	38	37	AwayFromZero	18	0	62
add	38	37	Ceiling	18	0	62
add	38	37	Floor	18	0	62
add	38	37	HalfAwayFromZero	18	0	62
add	38	37	HalfToEven	18	0	62
add	38	37	HalfTowardZero	18	0	62
add	38	37	Trunc	18	0	62
add	38	37	ZeroFiveUp	18	0	62
add	38	6	AwayFromZero	14	0	66
add	38	6	Ceiling	14	0	66
add	38	6	Floor	14	0	66
add	38	6	HalfAwayFromZero	14	0	66
add	38	6	HalfToEven	14	0	66
add	38	6	HalfTowardZero	14	0	66
add	38	6	Trunc	14	0	66
add	38	6	ZeroFiveUp	14	0	66
add	38	9	AwayFromZero	19	0	61
add	38	9	Ceiling	19	0	61
add	38	9	Floor	19	0	61
add	38	9	HalfAwayFromZero	19	0	61
add	38	9	HalfToEven	19	0	61
add	38	9	HalfTowardZero	19	0	61
add	38	9	Trunc	19	0	61
add	38	9	ZeroFiveUp	19	0	61
add	462	0	AwayFromZero	41	0	39
add	462	0	Ceiling	41	0	39
add	462	0	Floor	41	0	39
add	462	0	HalfAwayFromZero	41	0	39
add	462	0	HalfToEven	41	0	39
add	462	0	HalfTowardZero	41	0	39
add	462	0	Trunc	41	0	39
add	462	0	ZeroFiveUp	41	0	39
add	462	100	AwayFromZero	71	0	9
add	462	100	Ceiling	71	0	9
add	462	100	Floor	71	0	9
add	462	100	HalfAwayFromZero	71	0	9
add	462	100	HalfToEven	71	0	9
add	462	100	HalfTowardZero	71	0	9
add	462	100	Trunc	71	0	9
add	462	100	ZeroFiveUp	71	0	9
add	462	115	AwayFromZero	71	0	9
add	462	115	Ceiling	71	0	9
add	462	115	Floor	71	0	9
add	462	115	HalfAwayFromZero	71	0	9
add	462	115	HalfToEven	71	0	9
add	462	115	HalfTowardZero	71	0	9
add	462	115	Trunc	71	0	9
add	462	115	ZeroFiveUp	71	0	9
add	462	180	AwayFromZero	67	0	13
add	462	180	Ceiling	67	0	13
add	462	180	Floor	67	0	13
add	462	180	HalfAwayFromZero	67	0	13
add	462	180	HalfToEven	67	0	13
add	462	180	HalfTowardZero	67	0	13
add	462	180	Trunc	67	0	13
add	462	180	ZeroFiveUp	67	0	13
add	462	231	AwayFromZero	65	0	15
add	462	231	Ceiling	65	0	15
add	462	231	Floor	65	0	15
add	462	231	HalfAwayFromZero	65	0	15
add	462	231	HalfToEven	65	0	15
add	462	231	HalfTowardZero	65	0	15
add	462	231	Trunc	65	0	15
add	462	231	ZeroFiveUp	65	0	15
add	462	30	AwayFromZero	71	0	9
add	462	30	Ceiling	71	0	9
add	462	30	Floor	71	0	9
add	462	30	HalfAwayFromZero	71	0	9
add	462	30	HalfToEven	71	0	9
add	462	30	HalfTowardZero	71	0	9
add	462	30	Trunc	71	0	9
add	462	30	ZeroFiveUp	71	0	9
add	462	346	AwayFromZero	59	0	21
add	462	346	Ceiling	59	0	21
add	462	346	Floor	59	0	21
add	462	346	HalfAwayFromZero	59	0	21
add	462	346	HalfToEven	59	0	21
add	462	346	HalfTowardZero	59	0	21
add	462	346	Trunc	59	0	21
add	462	346	ZeroFiveUp	59	0	21
add	462	461	AwayFromZero	16	0	64
add	462	461	Ceiling	16	0	64
add	462	461	Floor	16	0	64
add	462	461	HalfAwayFromZero	16	0	64
add	462	461	HalfToEven	16	0	64
add	462	461	HalfTowardZero	16	0	64
add	462	461	Trunc	16	0	64
add	462	461	ZeroFiveUp	16	0	64
add	57	0	AwayFromZero	17	0	63
add	57	0	Ceiling	17	0	63
add	57	0	Floor	17	0	63
add	57	0	HalfAwayFromZero	17	0	63
add	57	0	HalfToEven	17	0	63
add	57	0	HalfTowardZero	17	0	63
add	57	0	Trunc	17	0	63
add	57	0	ZeroFiveUp	17	0	63
add	57	14	AwayFromZero	29	0	51
add	57	14	Ceiling	29	0	51
add	57	14	Floor	29	0	51
add	57	14	HalfAwayFromZero	29	0	51
add	57	14	HalfToEven	29	0	51
add	57	14	HalfTowardZero	29	0	51
add	57	14	Trunc	29	0	51
add	57	14	ZeroFiveUp	29	0	51
add	57	20	AwayFromZero	30	0	50
add	57	20	Ceiling	30	0	50
add	57	20	Floor	30	0	50
add	57	20	HalfAwayFromZero	30	0	50
add	57	20	HalfToEven	30	0	50
add	57	20	HalfTowardZero	30	0	50
add	57	20	Trunc	30	0	50
add	57	20	ZeroFiveUp	30	0	50
add	57	28	AwayFromZero	43	0	37
add	57	28	Ceiling	43	0	37
add	57	28	Floor	43	0	37
add	57	28	HalfAwayFromZero	43	0	37
add	57	28	HalfToEven	43	0	37
add	57	28	HalfTowardZero	43	0	37
add	57	28	Trunc	43	0	37
add	57	28	ZeroFiveUp	43	0	37
add	57	30	AwayFromZero	40	0	40
add	57	30	Ceiling	40	0	40
add	57	30	Floor	40	0	40
add	57	30	HalfAwayFromZero	40	0	40
add	57	30	HalfToEven	40	0	40
add	57	30	HalfTowardZero	40	0	40
add	57	30	Trunc	40	0	40
add	57	30	ZeroFiveUp	40	0	40
add	57	42	AwayFromZero	37	0	43
add	57	42	Ceiling	37	0	43
add	57	42	Floor	37	0	43
add	57	42	HalfAwayFromZero	37	0	43
add	57	42	HalfToEven	37	0	43
add	57	42	HalfTowardZero	37	0	43
add	57	42	Trunc	37	0	43
add	57	42	ZeroFiveUp	37	0	43
add	57	56	AwayFromZero	20	0	60
add	57	56	Ceiling	20	0	60
add	57	56	Floor	20	0	60
add	57	56	HalfAwayFromZero	20	0	60
add	57	56	HalfToEven	20	0	60
add	57	56	HalfTowardZero	20	0	60
add	57	56	Trunc	20	0	60
add	57	56	ZeroFiveUp	20	0	60
add	616	0	AwayFromZero	43	0	37
add	616	0	Ceiling	43	0	37
add	616	0	Floor	43	0	37
add	616	0	HalfAwayFromZero	43	0	37
add	616	0	HalfToEven	43	0	37
add	616	0	HalfTowardZero	43	0	37
add	616	0	Trunc	43	0	37
add	616	0	ZeroFiveUp	43	0	37
add	616	130	AwayFromZero	74	0	6
add	616	130	Ceiling	74	0	6
add	616	130	Floor	74	0	6
add	616	130	HalfAwayFromZero	74	0	6
add	616	130	HalfToEven	74	0	6
add	616	130	HalfTowardZero	74	0	6
add	616	130	Trunc	74	0	6
add	616	130	ZeroFiveUp	74	0	6
add	616	154	AwayFromZero	74	0	6
add	616	154	Ceiling	74	0	6
add	616	154	Floor	74	0	6
add	616	154	HalfAwayFromZero	74	0	6
add	616	154	HalfToEven	74	0	6
add	616	154	HalfTowardZero	74	0	6
add	616	154	Trunc	74	0	6
add	616	154	ZeroFiveUp	74	0	6
add	616	240	AwayFromZero	71	0	9
add	616	240	Ceiling	71	0	9
add	616	240	Floor	71	0	9
add	616	240	HalfAwayFromZero	71	0	9
add	616	240	HalfToEven	71	0	9
add	616	240	HalfTowardZero	71	0	9
add	616	240	Trunc	71	0	9
add	616	240	ZeroFiveUp	71	0	9
add	616	30	AwayFromZero	74	0	6
add	616	30	Ceiling	74	0	6
add	616	30	Floor	74	0	6
add	616	30	HalfAwayFromZero	74	0	6
add	616	30	HalfToEven	74	0	6
add	616	30	HalfTowardZero	74	0	6
add	616	30	Trunc	74	0	6
add	616	30	ZeroFiveUp	74	0	6
add	616	308	AwayFromZero	69	0	11
add	616	308	Ceiling	69	0	11
add	616	308	Floor	69	0	11
add	616	308	HalfAwayFromZero	69	0	11
add	616	308	HalfToEven	69	0	11
add	616	308	HalfTowardZero	69	0	11
add	616	308	Trunc	69	0	11
add	616	308	ZeroFiveUp	69	0	11
add	616	462	AwayFromZero	61	0	19
add	616	462	Ceiling	61	0	19
add	616	462	Floor	61	0	19
add	616	462	HalfAwayFromZero	61	0	19
add	616	462	HalfToEven	61	0	19
add	616	462	HalfTowardZero	61	0	19
add	616	462	Trunc	61	0	19
add	616	462	ZeroFiveUp	61	0	19
add	616	590	AwayFromZero	40	0	40
add	616	590	Ceiling	40	0	40
add	616	590	Floor	40	0	40
add	616	590	HalfAwayFromZero	40	0	40
add	616	590	HalfToEven	40	0	40
add	616	590	HalfTowardZero	40	0	40
add	616	590	Trunc	40	0	40
add	616	590	ZeroFiveUp	40	0	40
add	616	615	AwayFromZero	18	0	62
add	616	615	Ceiling	18	0	62
add	616	615	Floor	18	0	62
add	616	615	HalfAwayFromZero	18	0	62
add	616	615	HalfToEven	18	0	62
add	616	615	HalfTowardZero	18	0	62
add	616	615	Trunc	18	0	62
add	616	615	ZeroFiveUp	18	0	62
add	76	0	AwayFromZero	20	0	60
add	76	0	Ceiling	20	0	60
add	76	0	Floor	20	0	60
add	76	0	HalfAwayFromZero	20	0	60
add	76	0	HalfToEven	20	0	60
add	76	0	HalfTowardZero	20	0	60
add	76	0	Trunc	20	0	60
add	76	0	ZeroFiveUp	20	0	60
add	76	18	AwayFromZero	36	0	44
add	76	18	Ceiling	36	0	44
add	76	18	Floor	36	0	44
add	76	18	HalfAwayFromZero	36	0	44
add	76	18	HalfToEven	36	0	44
add	76	18	HalfTowardZero	36	0	44
add	76	18	Trunc	36	0	44
add	76	18	ZeroFiveUp	36	0	44
add	76	19	AwayFromZero	36	0	44
add	76	19	Ceiling	36	0	44
add	76	19	Floor	36	0	44
add	76	19	HalfAwayFromZero	36	0	44
add	76	19	HalfToEven	36	0	44
add	76	19	HalfTowardZero	36	0	44
add	76	19	Trunc	36	0	44
add	76	19	ZeroFiveUp	36	0	44
add	76	38	AwayFromZero	45	0	35
add	76	38	Ceiling	45	0	35
add	76	38	Floor	45	0	35
add	76	38	HalfAwayFromZero	45	0	35
add	76	38	HalfToEven	45	0	35
add	76	38	HalfTowardZero	45	0	35
add	76	38	Trunc	45	0	35
add	76	38	ZeroFiveUp	45	0	35
add	76	40	AwayFromZero	43	0	37
add	76	40	Ceiling	43	0	37
add	76	40	Floor	43	0	37
add	76	40	HalfAwayFromZero	43	0	37
add	76	40	HalfToEven	43	0	37
add	76	40	HalfTowardZero	43	0	37
add	76	40	Trunc	43	0	37
add	76	40	ZeroFiveUp	43	0	37
add	76	57	AwayFromZero	40	0	40
add	76	57	Ceiling	40	0	40
add	76	57	Floor	40	0	40
add	76	57	HalfAwayFromZero	40	0	40
add	76	57	HalfToEven	40	0	40
add	76	57	HalfTowardZero	40	0	40
add	76	57	Trunc	40	0	40
add	76	57	ZeroFiveUp	40	0	40
add	76	75	AwayFromZero	24	0	56
add	76	75	Ceiling	24	0	56
add	76	75	Floor	24	0	56
add	76	75	HalfAwayFromZero	24	0	56
add	76	75	HalfToEven	24	0	56
add	76	75	HalfTowardZero	24	0	56
add	76	75	Trunc	24	0	56
add	76	75	ZeroFiveUp	24	0	56
add	924	0	AwayFromZero	47	0	33
add	924	0	Ceiling	47	0	33
add	924	0	Floor	47	0	33
add	924	0	HalfAwayFromZero	47	0	33
add	924	0	HalfToEven	47	0	33
add	924	0	HalfTowardZero	47	0	33
add	924	0	Trunc	47	0	33
add	924	0	ZeroFiveUp	47	0	33
add	924	180	AwayFromZero	77	0	3
add	924	180	Ceiling	77	0	3
add	924	180	Floor	77	0	3
add	924	180	HalfAwayFromZero	77	0	3
add	924	180	HalfToEven	77	0	3
add	924	180	HalfTowardZero	77	0	3
add	924	180	Trunc	77	0	3
add	924	180	ZeroFiveUp	77	0	3
add	924	231	AwayFromZero	77	0	3
add	924	231	Ceiling	77	0	3
add	924	231	Floor	77	0	3
add	924	231	HalfAwayFromZero	77	0	3
add	924	231	HalfToEven	77	0	3
add	924	231	HalfTowardZero	77	0	3
add	924	231	Trunc	77	0	3
add	924	231	ZeroFiveUp	77	0	3
add	924	30	AwayFromZero	77	0	3
add	924	30	Ceiling	77	0	3
add	924	30	Floor	77	0	3
add	924	30	HalfAwayFromZero	77	0	3
add	924	30	HalfToEven	77	0	3
add	924	30	HalfTowardZero	77	0	3
add	924	30	Trunc	77	0	3
add	924	30	ZeroFiveUp	77	0	3
add	924	350	AwayFromZero	74	0	6
add	924	350	Ceiling	74	0	6
add	924	350	Floor	74	0	6
add	924	350	HalfAwayFromZero	74	0	6
add	924	350	HalfToEven	74	0	6
add	924	350	HalfTowardZero	74	0	6
add	924	350	Trunc	74	0	6
add	924	350	ZeroFiveUp	74	0	6
add	924	462	AwayFromZero	74	0	6
add	924	462	Ceiling	74	0	6
add	924	462	Floor	74	0	6
add	924	462	HalfAwayFromZero	74	0	6
add	924	462	HalfToEven	74	0	6
add	924	462	HalfTowardZero	74	0	6
add	924	462	Trunc	74	0	6
add	924	462	ZeroFiveUp	74	0	6
add	924	693	AwayFromZero	66	0	14
add	924	693	Ceiling	66	0	14
add	924	693	Floor	66	0	14
add	924	693	HalfAwayFromZero	66	0	14
add	924	693	HalfToEven	66	0	14
add	924	693	HalfTowardZero	66	0	14
add	924	693	Trunc	66	0	14
add	924	693	ZeroFiveUp	66	0	14
add	924	900	AwayFromZero	40	0	40
add	924	900	Ceiling	40	0	40
add	924	900	Floor	40	0	40
add	924	900	HalfAwayFromZero	40	0	40
add	924	900	HalfToEven	40	0	40
add	924	900	HalfTowardZero	40	0	40
add	924	900	Trunc	40	0	40
add	924	900	ZeroFiveUp	40	0	40
add	924	923	AwayFromZero	20	0	60
add	924	923	Ceiling	20	0	60
add	924	923	Floor	20	0	60
add	924	923	HalfAwayFromZero	20	0	60
add	924	923	HalfToEven	20	0	60
add	924	923	HalfTowardZero	20	0	60
add	924	923	Trunc	20	0	60
add	924	923	ZeroFiveUp	20	0	60
asin	115	0	AwayFromZero	3	0	4353
asin	115	0	Ceiling	3	0	4353
asin	115	0	Floor	3	0	4353
asin	115	0	HalfAwayFromZero	3	0	4353
asin	115	0	HalfToEven	3	0	4353
asin	115	0	HalfTowardZero	3	0	4353
asin	115	0	Trunc	3	0	4353
asin	115	0	ZeroFiveUp	3	0	4353
asin	115	114	AwayFromZero	4353	0	3
asin	115	114	Ceiling	4353	0	3
asin	115	114	Floor	4353	0	3
asin	115	114	HalfAwayFromZero	4353	0	3
asin	115	114	HalfToEven	4353	0	3
asin	115	114	HalfTowardZero	4353	0	3
asin	115	114	Trunc	4353	0	3
asin	115	114	ZeroFiveUp	4353	0	3
asin	115	28	AwayFromZero	3882	0	474
asin	115	28	Ceiling	3882	0	474
asin	115	28	Floor	3882	0	474
asin	115	28	HalfAwayFromZero	3882	0	474
asin	115	28	HalfToEven	3882	0	474
asin	115	28	HalfTowardZero	3882	0	474
asin	115	28	Trunc	3882	0	474
asin	115	28	ZeroFiveUp	3882	0	474
asin	115	50	AwayFromZero	4352	0	4
asin	115	50	Ceiling	4352	0	4
asin	115	50	Floor	4352	0	4
asin	115	50	HalfAwayFromZero	4352	0	4
asin	115	50	HalfToEven	4352	0	4
asin	115	50	HalfTowardZero	4352	0	4
asin	115	50	Trunc	4352	0	4
asin	115	50	ZeroFiveUp	4352	0	4
asin	115	57	AwayFromZero	4352	0	4
asin	115	57	Ceiling	4352	0	4
asin	115	57	Floor	4352	0	4
asin	115	57	HalfAwayFromZero	4352	0	4
asin	115	57	HalfToEven	4352	0	4
asin	115	57	HalfTowardZero	4352	0	4
asin	115	57	Trunc	4352	0	4
asin	115	57	ZeroFiveUp	4352	0	4
asin	115	86	AwayFromZero	4353	0	3
asin	115	86	Ceiling	4353	0	3
asin	115	86	Floor	4353	0	3
asin	115	86	HalfAwayFromZero	4353	0	3
asin	115	86	HalfToEven	4353	0	3
asin	115	86	HalfTowardZero	4353	0	3
asin	115	86	Trunc	4353	0	3
asin	115	86	ZeroFiveUp	4353	0	3
asin	1232	0	AwayFromZero	3	0	4353
asin	1232	0	Ceiling	3	0	4353
asin	1232	0	Floor	3	0	4353
asin	1232	0	HalfAwayFromZero	3	0	4353
asin	1232	0	HalfToEven	3	0	4353
asin	1232	0	HalfTowardZero	3	0	4353
asin	1232	0	Trunc	3	0	4353
asin	1232	0	ZeroFiveUp	3	0	4353
asin	1232	1200	AwayFromZero	4356	0	0
asin	1232	1200	Ceiling	4356	0	0
asin	1232	1200	Floor	4356	0	0
asin	1232	1200	HalfAwayFromZero	4356	0	0
asin	1232	1200	HalfToEven	4356	0	0
asin	1232	1200	HalfTowardZero	4356	0	0
asin	1232	1200	Trunc	4356	0	0
asin	1232	1200	ZeroFiveUp	4356	0	0
asin	1232	1231	AwayFromZero	4356	0	0
asin	1232	1231	Ceiling	4356	0	0
asin	1232	1231	Floor	4356	0	0
asin	1232	1231	HalfAwayFromZero	4356	0	0
asin	1232	1231	HalfToEven	4356	0	0
asin	1232	1231	HalfTowardZero	4356	0	0
asin	1232	1231	Trunc	4356	0	0
asin	1232	1231	ZeroFiveUp	4356	0	0
asin	1232	250	AwayFromZero	4356	0	0
asin	1232	250	Ceiling	4356	0	0
asin	1232	250	Floor	4356	0	0
asin	1232	250	HalfAwayFromZero	4356	0	0
asin	1232	250	HalfToEven	4356	0	0
asin	1232	250	HalfTowardZero	4356	0	0
asin	1232	250	Trunc	4356	0	0
asin	1232	250	ZeroFiveUp	4356	0	0
asin	1232	30	AwayFromZero	4317	0	39
asin	1232	30	Ceiling	4317	0	39
asin	1232	30	Floor	4317	0	39
asin	1232	30	HalfAwayFromZero	4317	0	39
asin	1232	30	HalfToEven	4317	0	39
asin	1232	30	HalfTowardZero	4317	0	39
asin	1232	30	Trunc	4317	0	39
asin	1232	30	ZeroFiveUp	4317	0	39
asin	1232	308	AwayFromZero	4356	0	0
asin	1232	308	Ceiling	4356	0	0
asin	1232	308	Floor	4356	0	0
asin	1232	308	HalfAwayFromZero	4356	0	0
asin	1232	308	HalfToEven	4356	0	0
asin	1232	308	HalfTowardZero	4356	0	0
asin	1232	308	Trunc	4356	0	0
asin	1232	308	ZeroFiveUp	4356	0	0
asin	1232	470	AwayFromZero	4356	0	0
asin	1232	470	Ceiling	4356	0	0
asin	1232	470	Floor	4356	0	0
asin	1232	470	HalfAwayFromZero	4356	0	0
asin	1232	470	HalfToEven	4356	0	0
asin	1232	470	HalfTowardZero	4356	0	0
asin	1232	470	Trunc	4356	0	0
asin	1232	470	ZeroFiveUp	4356	0	0
asin	1232	616	AwayFromZero	4356	0	0
asin	1232	616	Ceiling	4356	0	0
asin	1232	616	Floor	4356	0	0
asin	1232	616	HalfAwayFromZero	4356	0	0
asin	1232	616	HalfToEven	4356	0	0
asin	1232	616	HalfTowardZero	4356	0	0
asin	1232	616	Trunc	4356	0	0
asin	1232	616	ZeroFiveUp	4356	0	0
asin	1232	924	AwayFromZero	4356	0	0
asin	1232	924	Ceiling	4356	0	0
asin	1232	924	Floor	4356	0	0
asin	1232	924	HalfAwayFromZero	4356	0	0
asin	1232	924	HalfToEven	4356	0	0
asin	1232	924	HalfTowardZero	4356	0	0
asin	1232	924	Trunc	4356	0	0
asin	1232	924	ZeroFiveUp	4356	0	0
asin	153	0	AwayFromZero	3	0	4353
asin	153	0	Ceiling	3	0	4353
asin	153	0	Floor	3	0	4353
asin	153	0	HalfAwayFromZero	3	0	4353
asin	153	0	HalfToEven	3	0	4353
asin	153	0	HalfTowardZero	3	0	4353
asin	153	0	Trunc	3	0	4353
asin	153	0	ZeroFiveUp	3	0	4353
asin	153	114	AwayFromZero	4353	0	3
asin	153	114	Ceiling	4353	0	3
asin	153	114	Floor	4353	0	3
asin	153	114	HalfAwayFromZero	4353	0	3
asin	153	114	HalfToEven	4353	0	3
asin	153	114	HalfTowardZero	4353	0	3
asin	153	114	Trunc	4353	0	3
asin	153	114	ZeroFiveUp	4353	0	3
asin	153	152	AwayFromZero	4356	0	0
asin	153	152	Ceiling	4356	0	0
asin	153	152	Floor	4356	0	0
asin	153	152	HalfAwayFromZero	4356	0	0
asin	153	152	HalfToEven	4356	0	0
asin	153	152	HalfTowardZero	4356	0	0
asin	153	152	Trunc	4356	0	0
asin	153	152	ZeroFiveUp	4356	0	0
asin	153	38	AwayFromZero	4352	0	4
asin	153	38	Ceiling	4352	0	4
asin	153	38	Floor	4352	0	4
asin	153	38	HalfAwayFromZero	4352	0	4
asin	153	38	HalfToEven	4352	0	4
asin	153	38	HalfTowardZero	4352	0	4
asin	153	38	Trunc	4352	0	4
asin	153	38	ZeroFiveUp	4352	0	4
asin	153	76	AwayFromZero	4353	0	3
asin	153	76	Ceiling	4353	0	3
asin	153	76	Floor	4353	0	3
asin	153	76	HalfAwayFromZero	4353	0	3
asin	153	76	HalfToEven	4353	0	3
asin	153	76	HalfTowardZero	4353	0	3
asin	153	76	Trunc	4353	0	3
asin	153	76	ZeroFiveUp	4353	0	3
asin	18	0	AwayFromZero	3	0	4353
asin	18	0	Ceiling	3	0	4353
asin	18	0	Floor	3	0	4353
asin	18	0	HalfAwayFromZero	3	0	4353
asin	18	0	HalfToEven	3	0	4353
asin	18	0	HalfTowardZero	3	0	4353
asin	18	0	Trunc	3	0	4353
asin	18	0	ZeroFiveUp	3	0	4353
asin	18	13	AwayFromZero	728	0	3628
asin	18	13	Ceiling	728	0	3628
asin	18	13	Floor	728	0	3628
asin	18	13	HalfAwayFromZero	728	0	3628
asin	18	13	HalfToEven	728	0	3628
asin	18	13	HalfTowardZero	728	0	3628
asin	18	13	Trunc	728	0	3628
asin	18	13	ZeroFiveUp	728	0	3628
asin	18	17	AwayFromZero	983	0	3373
asin	18	17	Ceiling	983	0	3373
asin	18	17	Floor	983	0	3373
asin	18	17	HalfAwayFromZero	983	0	3373
asin	18	17	HalfToEven	983	0	3373
asin	18	17	HalfTowardZero	983	0	3373
asin	18	17	Trunc	983	0	3373
asin	18	17	ZeroFiveUp	983	0	3373
asin	18	3	AwayFromZero	27	0	4329
asin	18	3	Ceiling	27	0	4329
asin	18	3	Floor	27	0	4329
asin	18	3	HalfAwayFromZero	27	0	4329
asin	18	3	HalfToEven	27	0	4329
asin	18	3	HalfTowardZero	27	0	4329
asin	18	3	Trunc	27	0	4329
asin	18	3	ZeroFiveUp	27	0	4329
asin	18	4	AwayFromZero	184	0	4172
asin	18	4	Ceiling	184	0	4172
asin	18	4	Floor	184	0	4172
asin	18	4	HalfAwayFromZero	184	0	4172
asin	18	4	HalfToEven	184	0	4172
asin	18	4	HalfTowardZero	184	0	4172
asin	18	4	Trunc	184	0	4172
asin	18	4	ZeroFiveUp	184	0	4172
asin	18	9	AwayFromZero	527	0	3829
asin	18	9	Ceiling	527	0	3829
asin	18	9	Floor	527	0	3829
asin	18	9	HalfAwayFromZero	527	0	3829
asin	18	9	HalfToEven	527	0	3829
asin	18	9	HalfTowardZero	527	0	3829
asin	18	9	Trunc	527	0	3829
asin	18	9	ZeroFiveUp	527	0	3829
asin	230	0	AwayFromZero	3	0	4353
asin	230	0	Ceiling	3	0	4353
asin	230	0	Floor	3	0	4353
asin	230	0	HalfAwayFromZero	3	0	4353
asin	230	0	HalfToEven	3	0	4353
asin	230	0	HalfTowardZero	3	0	4353
asin	230	0	Trunc	3	0	4353
asin	230	0	ZeroFiveUp	3	0	4353
asin	230	115	AwayFromZero	4353	0	3
asin	230	115	Ceiling	4353	0	3
asin	230	115	Floor	4353	0	3
asin	230	115	HalfAwayFromZero	4353	0	3
asin	230	115	HalfToEven	4353	0	3
asin	230	115	HalfTowardZero	4353	0	3
asin	230	115	Trunc	4353	0	3
asin	230	115	ZeroFiveUp	4353	0	3
asin	230	172	AwayFromZero	4356	0	0
asin	230	172	Ceiling	4356	0	0
asin	230	172	Floor	4356	0	0
asin	230	172	HalfAwayFromZero	4356	0	0
asin	230	172	HalfToEven	4356	0	0
asin	230	172	HalfTowardZero	4356	0	0
asin	230	172	Trunc	4356	0	0
asin	230	172	ZeroFiveUp	4356	0	0
asin	230	229	AwayFromZero	4356	0	0
asin	230	229	Ceiling	4356	0	0
asin	230	229	Floor	4356	0	0
asin	230	229	HalfAwayFromZero	4356	0	0
asin	230	229	HalfToEven	4356	0	0
asin	230	229	HalfTowardZero	4356	0	0
asin	230	229	Trunc	4356	0	0
asin	230	229	ZeroFiveUp	4356	0	0
asin	230	30	AwayFromZero	4317	0	39
asin	230	30	Ceiling	4317	0	39
asin	230	30	Floor	4317	0	39
asin	230	30	HalfAwayFromZero	4317	0	39
asin	230	30	HalfToEven	4317	0	39
asin	230	30	HalfTowardZero	4317	0	39
asin	230	30	Trunc	4317	0	39
asin	230	30	ZeroFiveUp	4317	0	39
asin	230	57	AwayFromZero	4352	0	4
asin	230	57	Ceiling	4352	0	4
asin	230	57	Floor	4352	0	4
asin	230	57	HalfAwayFromZero	4352	0	4
asin	230	57	HalfToEven	4352	0	4
asin	230	57	HalfTowardZero	4352	0	4
asin	230	57	Trunc	4352	0	4
asin	230	57	ZeroFiveUp	4352	0	4
asin	307	0	AwayFromZero	3	0	4353
asin	307	0	Ceiling	3	0	4353
asin	307	0	Floor	3	0	4353
asin	307	0	HalfAwayFromZero	3	0	4353
asin	307	0	HalfToEven	3	0	4353
asin	307	0	HalfTowardZero	3	0	4353
asin	307	0	Trunc	3	0	4353
asin	307	0	ZeroFiveUp	3	0	4353
asin	307	120	AwayFromZero	4356	0	0
asin	307	120	Ceiling	4356	0	0
asin	307	120	Floor	4356	0	0
asin	307	120	HalfAwayFromZero	4356	0	0
asin	307	120	HalfToEven	4356	0	0
asin	307	120	HalfTowardZero	4356	0	0
asin	307	120	Trunc	4356	0	0
asin	307	120	ZeroFiveUp	4356	0	0
asin	307	153	AwayFromZero	4356	0	0
asin	307	153	Ceiling	4356	0	0
asin	307	153	Floor	4356	0	0
asin	307	153	HalfAwayFromZero	4356	0	0
asin	307	153	HalfToEven	4356	0	0
asin	307	153	HalfTowardZero	4356	0	0
asin	307	153	Trunc	4356	0	0
asin	307	153	ZeroFiveUp	4356	0	0
asin	307	230	AwayFromZero	4356	0	0
asin	307	230	Ceiling	4356	0	0
asin	307	230	Floor	4356	0	0
asin	307	230	HalfAwayFromZero	4356	0	0
asin	307	230	HalfToEven	4356	0	0
asin	307	230	HalfTowardZero	4356	0	0
asin	307	230	Trunc	4356	0	0
asin	307	230	ZeroFiveUp	4356	0	0
asin	307	290	AwayFromZero	4356	0	0
asin	307	290	Ceiling	4356	0	0
asin	307	290	Floor	4356	0	0
asin	307	290	HalfAwayFromZero	4356	0	0
asin	307	290	HalfToEven	4356	0	0
asin	307	290	HalfTowardZero	4356	0	0
asin	307	290	Trunc	4356	0	0
asin	307	290	ZeroFiveUp	4356	0	0
asin	307	30	AwayFromZero	4317	0	39
asin	307	30	Ceiling	4317	0	39
asin	307	30	Floor	4317	0	39
asin	307	30	HalfAwayFromZero	4317	0	39
asin	307	30	HalfToEven	4317	0	39
asin	307	30	HalfTowardZero	4317	0	39
asin	307	30	Trunc	4317	0	39
asin	307	30	ZeroFiveUp	4317	0	39
asin	307	306	AwayFromZero	4356	0	0
asin	307	306	Ceiling	4356	0	0
asin	307	306	Floor	4356	0	0
asin	307	306	HalfAwayFromZero	4356	0	0
asin	307	306	HalfToEven	4356	0	0
asin	307	306	HalfTowardZero	4356	0	0
asin	307	306	Trunc	4356	0	0
asin	307	306	ZeroFiveUp	4356	0	0
asin	307	50	AwayFromZero	4352	0	4
asin	307	50	Ceiling	4352	0	4
asin	307	50	Floor	4352	0	4
asin	307	50	HalfAwayFromZero	4352	0	4
asin	307	50	HalfToEven	4352	0	4
asin	307	50	HalfTowardZero	4352	0	4
asin	307	50	Trunc	4352	0	4
asin	307	50	ZeroFiveUp	4352	0	4
asin	307	70	AwayFromZero	4353	0	3
asin	307	70	Ceiling	4353	0	3
asin	307	70	Floor	4353	0	3
asin	307	70	HalfAwayFromZero	4353	0	3
asin	307	70	HalfToEven	4353	0	3
asin	307	70	HalfTowardZero	4353	0	3
asin	307	70	Trunc	4353	0	3
asin	307	70	ZeroFiveUp	4353	0	3
asin	307	76	AwayFromZero	4353	0	3
asin	307	76	Ceiling	4353	0	3
asin	307	76	Floor	4353	0	3
asin	307	76	HalfAwayFromZero	4353	0	3
asin	307	76	HalfToEven	4353	0	3
asin	307	76	HalfTowardZero	4353	0	3
asin	307	76	Trunc	4353	0	3
asin	307	76	ZeroFiveUp	4353	0	3
asin	38	0	AwayFromZero	3	0	4353
asin	38	0	Ceiling	3	0	4353
asin	38	0	Floor	3	0	4353
asin	38	0	HalfAwayFromZero	3	0	4353
asin	38	0	HalfToEven	3	0	4353
asin	38	0	HalfTowardZero	3	0	4353
asin	38	0	Trunc	3	0	4353
asin	38	0	ZeroFiveUp	3	0	4353
asin	38	10	AwayFromZero	529	0	3827
asin	38	10	Ceiling	529	0	3827
asin	38	10	Floor	529	0	3827
asin	38	10	HalfAwayFromZero	529	0	3827
asin	38	10	HalfToEven	529	0	3827
asin	38	10	HalfTowardZero	529	0	3827
asin	38	10	Trunc	529	0	3827
asin	38	10	ZeroFiveUp	529	0	3827
asin	38	12	AwayFromZero	549	0	3807
asin	38	12	Ceiling	549	0	3807
asin	38	12	Floor	549	0	3807
asin	38	12	HalfAwayFromZero	549	0	3807
asin	38	12	HalfToEven	549	0	3807
asin	38	12	HalfTowardZero	549	0	3807
asin	38	12	Trunc	549	0	3807
asin	38	12	ZeroFiveUp	549	0	3807
asin	38	17	AwayFromZero	983	0	3373
asin	38	17	Ceiling	983	0	3373
asin	38	17	Floor	983	0	3373
asin	38	17	HalfAwayFromZero	983	0	3373
asin	38	17	HalfToEven	983	0	3373
asin	38	17	HalfTowardZero	983	0	3373
asin	38	17	Trunc	983	0	3373
asin	38	17	ZeroFiveUp	983	0	3373
asin	38	18	AwayFromZero	1002	0	3354
asin	38	18	Ceiling	1002	0	3354
asin	38	18	Floor	1002	0	3354
asin	38	18	HalfAwayFromZero	1002	0	3354
asin	38	18	HalfToEven	1002	0	3354
asin	38	18	HalfTowardZero	1002	0	3354
asin	38	18	Trunc	1002	0	3354
asin	38	18	ZeroFiveUp	1002	0	3354
asin	38	19	AwayFromZero	1257	0	3099
asin	38	19	Ceiling	1257	0	3099
asin	38	19	Floor	1257	0	3099
asin	38	19	HalfAwayFromZero	1257	0	3099
asin	38	19	HalfToEven	1257	0	3099
asin	38	19	HalfTowardZero	1257	0	3099
asin	38	19	Trunc	1257	0	3099
asin	38	19	ZeroFiveUp	1257	0	3099
asin	38	2	AwayFromZero	11	0	4345
asin	38	2	Ceiling	11	0	4345
asin	38	2	Floor	11	0	4345
asin	38	2	HalfAwayFromZero	11	0	4345
asin	38	2	HalfToEven	11	0	4345
asin	38	2	HalfTowardZero	11	0	4345
asin	38	2	Trunc	11	0	4345
asin	38	2	ZeroFiveUp	11	0	4345
asin	38	28	AwayFromZero	3882	0	474
asin	38	28	Ceiling	3882	0	474
asin	38	28	Floor	3882	0	474
asin	38	28	HalfAwayFromZero	3882	0	474
asin	38	28	HalfToEven	3882	0	474
asin	38	28	HalfTowardZero	3882	0	474
asin	38	28	Trunc	3882	0	474
asin	38	28	ZeroFiveUp	3882	0	474
asin	38	37	AwayFromZero	4351	0	5
asin	38	37	Ceiling	4351	0	5
asin	38	37	Floor	4351	0	5
asin	38	37	HalfAwayFromZero	4351	0	5
asin	38	37	HalfToEven	4351	0	5
asin	38	37	HalfTowardZero	4351	0	5
asin	38	37	Trunc	4351	0	5
asin	38	37	ZeroFiveUp	4351	0	5
asin	38	6	AwayFromZero	188	0	4168
asin	38	6	Ceiling	188	0	4168
asin	38	6	Floor	188	0	4168
asin	38	6	HalfAwayFromZero	188	0	4168
asin	38	6	HalfToEven	188	0	4168
asin	38	6	HalfTowardZero	188	0	4168
asin	38	6	Trunc	188	0	4168
asin	38	6	ZeroFiveUp	188	0	4168
asin	38	9	AwayFromZero	527	0	3829
asin	38	9	Ceiling	527	0	3829
asin	38	9	Floor	527	0	3829
asin	38	9	HalfAwayFromZero	527	0	3829
asin	38	9	HalfToEven	527	0	3829
asin	38	9	HalfTowardZero	527	0	3829
asin	38	9	Trunc	527	0	3829
asin	38	9	ZeroFiveUp	527	0	3829
asin	462	0	AwayFromZero	3	0	4353
asin	462	0	Ceiling	3	0	4353
asin	462	0	Floor	3	0	4353
asin	462	0	HalfAwayFromZero	3	0	4353
asin	462	0	HalfToEven	3	0	4353
asin	462	0	HalfTowardZero	3	0	4353
asin	462	0	Trunc	3	0	4353
asin	462	0	ZeroFiveUp	3	0	4353
asin	462	100	AwayFromZero	4353	0	3
asin	462	100	Ceiling	4353	0	3
asin	462	100	Floor	4353	0	3
asin	462	100	HalfAwayFromZero	4353	0	3
asin	462	100	HalfToEven	4353	0	3
asin	462	100	HalfTowardZero	4353	0	3
asin	462	100	Trunc	4353	0	3
asin	462	100	ZeroFiveUp	4353	0	3
asin	462	115	AwayFromZero	4353	0	3
asin	462	115	Ceiling	4353	0	3
asin	462	115	Floor	4353	0	3
asin	462	115	HalfAwayFromZero	4353	0	3
asin	462	115	HalfToEven	4353	0	3
asin	462	115	HalfTowardZero	4353	0	3
asin	462	115	Trunc	4353	0	3
asin	462	115	ZeroFiveUp	4353	0	3
asin	462	180	AwayFromZero	4356	0	0
asin	462	180	Ceiling	4356	0	0
asin	462	180	Floor	4356	0	0
asin	462	180	HalfAwayFromZero	4356	0	0
asin	462	180	HalfToEven	4356	0	0
asin	462	180	HalfTowardZero	4356	0	0
asin	462	180	Trunc	4356	0	0
asin	462	180	ZeroFiveUp	4356	0	0
asin	462	231	AwayFromZero	4356	0	0
asin	462	231	Ceiling	4356	0	0
asin	462	231	Floor	4356	0	0
asin	462	231	HalfAwayFromZero	4356	0	0
asin	462	231	HalfToEven	4356	0	0
asin	462	231	HalfTowardZero	4356	0	0
asin	462	231	Trunc	4356	0	0
asin	462	231	ZeroFiveUp	4356	0	0
asin	462	30	AwayFromZero	4317	0	39
asin	462	30	Ceiling	4317	0	39
asin	462	30	Floor	4317	0	39
asin	462	30	HalfAwayFromZero	4317	0	39
asin	462	30	HalfToEven	4317	0	39
asin	462	30	HalfTowardZero	4317	0	39
asin	462	30	Trunc	4317	0	39
asin	462	30	ZeroFiveUp	4317	0	39
asin	462	346	AwayFromZero	4356	0	0
asin	462	346	Ceiling	4356	0	0
asin	462	346	Floor	4356	0	0
asin	462	346	HalfAwayFromZero	4356	0	0
asin	462	346	HalfToEven	4356	0	0
asin	462	346	HalfTowardZero	4356	0	0
asin	462	346	Trunc	4356	0	0
asin	462	346	ZeroFiveUp	4356	0	0
asin	462	461	AwayFromZero	4356	0	0
asin	462	461	Ceiling	4356	0	0
asin	462	461	Floor	4356	0	0
asin	462	461	HalfAwayFromZero	4356	0	0
asin	462	461	HalfToEven	4356	0	0
asin	462	461	HalfTowardZero	4356	0	0
asin	462	461	Trunc	4356	0	0
asin	462	461	ZeroFiveUp	4356	0	0
asin	57	0	AwayFromZero	3	0	4353
asin	57	0	Ceiling	3	0	4353
asin	57	0	Floor	3	0	4353
asin	57	0	HalfAwayFromZero	3	0	4353
asin	57	0	HalfToEven	3	0	4353
asin	57	0	HalfTowardZero	3	0	4353
asin	57	0	Trunc	3	0	4353
asin	57	0	ZeroFiveUp	3	0	4353
asin	57	14	AwayFromZero	849	0	3507
asin	57	14	Ceiling	849	0	3507
asin	57	14	Floor	849	0	3507
asin	57	14	HalfAwayFromZero	849	0	3507
asin	57	14	HalfToEven	849	0	3507
asin	57	14	HalfTowardZero	849	0	3507
asin	57	14	Trunc	849	0	3507
asin	57	14	ZeroFiveUp	849	0	3507
asin	57	20	AwayFromZero	1259	0	3097
asin	57	20	Ceiling	1259	0	3097
asin	57	20	Floor	1259	0	3097
asin	57	20	HalfAwayFromZero	1259	0	3097
asin	57	20	HalfToEven	1259	0	3097
asin	57	20	HalfTowardZero	1259	0	3097
asin	57	20	Trunc	1259	0	3097
asin	57	20	ZeroFiveUp	1259	0	3097
asin	57	28	AwayFromZero	3882	0	474
asin	57	28	Ceiling	3882	0	474
asin	57	28	Floor	3882	0	474
asin	57	28	HalfAwayFromZero	3882	0	474
asin	57	28	HalfToEven	3882	0	474
asin	57	28	HalfTowardZero	3882	0	474
asin	57	28	Trunc	3882	0	474
asin	57	28	ZeroFiveUp	3882	0	474
asin	57	30	AwayFromZero	4317	0	39
asin	57	30	Ceiling	4317	0	39
asin	57	30	Floor	4317	0	39
asin	57	30	HalfAwayFromZero	4317	0	39
asin	57	30	HalfToEven	4317	0	39
asin	57	30	HalfTowardZero	4317	0	39
asin	57	30	Trunc	4317	0	39
asin	57	30	ZeroFiveUp	4317	0	39
asin	57	42	AwayFromZero	4352	0	4
asin	57	42	Ceiling	4352	0	4
asin	57	42	Floor	4352	0	4
asin	57	42	HalfAwayFromZero	4352	0	4
asin	57	42	HalfToEven	4352	0	4
asin	57	42	HalfTowardZero	4352	0	4
asin	57	42	Trunc	4352	0	4
asin	57	42	ZeroFiveUp	4352	0	4
asin	57	56	AwayFromZero	4352	0	4
asin	57	56	Ceiling	4352	0	4
asin	57	56	Floor	4352	0	4
asin	57	56	HalfAwayFromZero	4352	0	4
asin	57	56	HalfToEven	4352	0	4
asin	57	56	HalfTowardZero	4352	0	4
asin	57	56	Trunc	4352	0	4
asin	57	56	ZeroFiveUp	4352	0	4
asin	616	0	AwayFromZero	3	0	4353
asin	616	0	Ceiling	3	0	4353
asin	616	0	Floor	3	0	4353
asin	616	0	HalfAwayFromZero	3	0	4353
asin	616	0	HalfToEven	3	0	4353
asin	616	0	HalfTowardZero	3	0	4353
asin	616	0	Trunc	3	0	4353
asin	616	0	ZeroFiveUp	3	0	4353
asin	616	130	AwayFromZero	4356	0	0
asin	616	130	Ceiling	4356	0	0
asin	616	130	Floor	4356	0	0
asin	616	130	HalfAwayFromZero	4356	0	0
asin	616	130	HalfToEven	4356	0	0
asin	616	130	HalfTowardZero	4356	0	0
asin	616	130	Trunc	4356	0	0
asin	616	130	ZeroFiveUp	4356	0	0
asin	616	154	AwayFromZero	4356	0	0
asin	616	154	Ceiling	4356	0	0
asin	616	154	Floor	4356	0	0
asin	616	154	HalfAwayFromZero	4356	0	0
asin	616	154	HalfToEven	4356	0	0
asin	616	154	HalfTowardZero	4356	0	0
asin	616	154	Trunc	4356	0	0
asin	616	154	ZeroFiveUp	4356	0	0
asin	616	240	AwayFromZero	4356	0	0
asin	616	240	Ceiling	4356	0	0
asin	616	240	Floor	4356	0	0
asin	616	240	HalfAwayFromZero	4356	0	0
asin	616	240	HalfToEven	4356	0	0
asin	616	240	HalfTowardZero	4356	0	0
asin	616	240	Trunc	4356	0	0
asin	616	240	ZeroFiveUp	4356	0	0
asin	616	30	AwayFromZero	4317	0	39
asin	616	30	Ceiling	4317	0	39
asin	616	30	Floor	4317	0	39
asin	616	30	HalfAwayFromZero	4317	0	39
asin	616	30	HalfToEven	4317	0	39
asin	616	30	HalfTowardZero	4317	0	39
asin	616	30	Trunc	4317	0	39
asin	616	30	ZeroFiveUp	4317	0	39
asin	616	308	AwayFromZero	4356	0	0
asin	616	308	Ceiling	4356	0	0
asin	616	308	Floor	4356	0	0
asin	616	308	HalfAwayFromZero	4356	0	0
asin	616	308	HalfToEven	4356	0	0
asin	616	308	HalfTowardZero	4356	0	0
asin	616	308	Trunc	4356	0	0
asin	616	308	ZeroFiveUp	4356	0	0
asin	616	462	AwayFromZero	4356	0	0
asin	616	462	Ceiling	4356	0	0
asin	616	462	Floor	4356	0	0
asin	616	462	HalfAwayFromZero	4356	0	0
asin	616	462	HalfToEven	4356	0	0
asin	616	462	HalfTowardZero	4356	0	0
asin	616	462	Trunc	4356	0	0
asin	616	462	ZeroFiveUp	4356	0	0
asin	616	590	AwayFromZero	4356	0	0
asin	616	590	Ceiling	4356	0	0
asin	616	590	Floor	4356	0	0
asin	616	590	HalfAwayFromZero	4356	0	0
asin	616	590	HalfToEven	4356	0	0
asin	616	590	HalfTowardZero	4356	0	0
asin	616	590	Trunc	4356	0	0
asin	616	590	ZeroFiveUp	4356	0	0
asin	616	615	AwayFromZero	4356	0	0
asin	616	615	Ceiling	4356	0	0
asin	616	615	Floor	4356	0	0
asin	616	615	HalfAwayFromZero	4356	0	0
asin	616	615	HalfToEven	4356	0	0
asin	616	615	HalfTowardZero	4356	0	0
asin	616	615	Trunc	4356	0	0
asin	616	615	ZeroFiveUp	4356	0	0
asin	76	0	AwayFromZero	3	0	4353
asin	76	0	Ceiling	3	0	4353
asin	76	0	Floor	3	0	4353
asin	76	0	HalfAwayFromZero	3	0	4353
asin	76	0	HalfToEven	3	0	4353
asin	76	0	HalfTowardZero	3	0	4353
asin	76	0	Trunc	3	0	4353
asin	76	0	ZeroFiveUp	3	0	4353
asin	76	18	AwayFromZero	1002	0	3354
asin	76	18	Ceiling	1002	0	3354
asin	76	18	Floor	1002	0	3354
asin	76	18	HalfAwayFromZero	1002	0	3354
asin	76	18	HalfToEven	1002	0	3354
asin	76	18	HalfTowardZero	1002	0	3354
asin	76	18	Trunc	1002	0	3354
asin	76	18	ZeroFiveUp	1002	0	3354
asin	76	19	AwayFromZero	1257	0	3099
asin	76	19	Ceiling	1257	0	3099
asin	76	19	Floor	1257	0	3099
asin	76	19	HalfAwayFromZero	1257	0	3099
asin	76	19	HalfToEven	1257	0	3099
asin	76	19	HalfTowardZero	1257	0	3099
asin	76	19	Trunc	1257	0	3099
asin	76	19	ZeroFiveUp	1257	0	3099
asin	76	38	AwayFromZero	4352	0	4
asin	76	38	Ceiling	4352	0	4
asin	76	38	Floor	4352	0	4
asin	76	38	HalfAwayFromZero	4352	0	4
asin	76	38	HalfToEven	4352	0	4
asin	76	38	HalfTowardZero	4352	0	4
asin	76	38	Trunc	4352	0	4
asin	76	38	ZeroFiveUp	4352	0	4
asin	76	40	AwayFromZero	4352	0	4
asin	76	40	Ceiling	4352	0	4
asin	76	40	Floor	4352	0	4
asin	76	40	HalfAwayFromZero	4352	0	4
asin	76	40	HalfToEven	4352	0	4
asin	76	40	HalfTowardZero	4352	0	4
asin	76	40	Trunc	4352	0	4
asin	76	40	ZeroFiveUp	4352	0	4
asin	76	57	AwayFromZero	4352	0	4
asin	76	57	Ceiling	4352	0	4
asin	76	57	Floor	4352	0	4
asin	76	57	HalfAwayFromZero	4352	0	4
asin	76	57	HalfToEven	4352	0	4
asin	76	57	HalfTowardZero	4352	0	4
asin	76	57	Trunc	4352	0	4
asin	76	57	ZeroFiveUp	4352	0	4
asin	76	75	AwayFromZero	4353	0	3
asin	76	75	Ceiling	4353	0	3
asin	76	75	Floor	4353	0	3
asin	76	75	HalfAwayFromZero	4353	0	3
asin	76	75	HalfToEven	4353	0	3
asin	76	75	HalfTowardZero	4353	0	3
asin	76	75	Trunc	4353	0	3
asin	76	75	ZeroFiveUp	4353	0	3
asin	924	0	AwayFromZero	3	0	4353
asin	924	0	Ceiling	3	0	4353
asin	924	0	Floor	3	0	4353
asin	924	0	HalfAwayFromZero	3	0	4353
asin	924	0	HalfToEven	3	0	4353
asin	924	0	HalfTowardZero	3	0	4353
asin	924	0	Trunc	3	0	4353
asin	924	0	ZeroFiveUp	3	0	4353
asin	924	180	AwayFromZero	4356	0	0
asin	924	180	Ceiling	4356	0	0
asin	924	180	Floor	4356	0	0
asin	924	180	HalfAwayFromZero	4356	0	0
asin	924	180	HalfToEven	4356	0	0
asin	924	180	HalfTowardZero	4356	0	0
asin	924	180	Trunc	4356	0	0
asin	924	180	ZeroFiveUp	4356	0	0
asin	924	231	AwayFromZero	4356	0	0
asin	924	231	Ceiling	4356	0	0
asin	924	231	Floor	4356	0	0
asin	924	231	HalfAwayFromZero	4356	0	0
asin	924	231	HalfToEven	4356	0	0
asin	924	231	HalfTowardZero	4356	0	0
asin	924	231	Trunc	4356	0	0
asin	924	231	ZeroFiveUp	4356	0	0
asin	924	30	AwayFromZero	4317	0	39
asin	924	30	Ceiling	4317	0	39
asin	924	30	Floor	4317	0	39
asin	924	30	HalfAwayFromZero	4317	0	39
asin	924	30	HalfToEven	4317	0	39
asin	924	30	HalfTowardZero	4317	0	39
asin	924	30	Trunc	4317	0	39
asin	924	30	ZeroFiveUp	4317	0	39
asin	924	350	AwayFromZero	4356	0	0
asin	924	350	Ceiling	4356	0	0
asin	924	350	Floor	4356	0	0
asin	924	350	HalfAwayFromZero	4356	0	0
asin	924	350	HalfToEven	4356	0	0
asin	924	350	HalfTowardZero	4356	0	0
asin	924	350	Trunc	4356	0	0
asin	924	350	ZeroFiveUp	4356	0	0
asin	924	462	AwayFromZero	4356	0	0
asin	924	462	Ceiling	4356	0	0
asin	924	462	Floor	4356	0	0
asin	924	462	HalfAwayFromZero	4356	0	0
asin	924	462	HalfToEven	4356	0	0
asin	924	462	HalfTowardZero	4356	0	0
asin	924	462	Trunc	4356	0	0
asin	924	462	ZeroFiveUp	4356	0	0
asin	924	693	AwayFromZero	4356	0	0
asin	924	693	Ceiling	4356	0	0
asin	924	693	Floor	4356	0	0
asin	924	693	HalfAwayFromZero	4356	0	0
asin	924	693	HalfToEven	4356	0	0
asin	924	693	HalfTowardZero	4356	0	0
asin	924	693	Trunc	4356	0	0
asin	924	693	ZeroFiveUp	4356	0	0
asin	924	900	AwayFromZero	4356	0	0
asin	924	900	Ceiling	4356	0	0
asin	924	900	Floor	4356	0	0
asin	924	900	HalfAwayFromZero	4356	0	0
asin	924	900	HalfToEven	4356	0	0
asin	924	900	HalfTowardZero	4356	0	0
asin	924	900	Trunc	4356	0	0
asin	924	900	ZeroFiveUp	4356	0	0
asin	924	923	AwayFromZero	4356	0	0
asin	924	923	Ceiling	4356	0	0
asin	924	923	Floor	4356	0	0
asin	924	923	HalfAwayFromZero	4356	0	0
asin	924	923	HalfToEven	4356	0	0
asin	924	923	HalfTowardZero	4356	0	0
asin	924	923	Trunc	4356	0	0
asin	924	923	ZeroFiveUp	4356	0	0
asinh	115	0	AwayFromZero	962	0	4190
asinh	115	0	Ceiling	962	0	4190
asinh	115	0	Floor	962	0	4190
asinh	115	0	HalfAwayFromZero	962	0	4190
asinh	115	0	HalfToEven	962	0	4190
asinh	115	0	HalfTowardZero	962	0	4190
asinh	115	0	Trunc	962	0	4190
asinh	115	0	ZeroFiveUp	962	0	4190
asinh	115	114	AwayFromZero	2816	0	2336
asinh	115	114	Ceiling	2816	0	2336
asinh	115	114	Floor	2816	0	2336
asinh	115	114	HalfAwayFromZero	2816	0	2336
asinh	115	114	HalfToEven	2816	0	2336
asinh	115	114	HalfTowardZero	2816	0	2336
asinh	115	114	Trunc	2816	0	2336
asinh	115	114	ZeroFiveUp	2816	0	2336
asinh	115	28	AwayFromZero	3571	0	1581
asinh	115	28	Ceiling	3571	0	1581
asinh	115	28	Floor	3571	0	1581
asinh	115	28	HalfAwayFromZero	3571	0	1581
asinh	115	28	HalfToEven	3571	0	1581
asinh	115	28	HalfTowardZero	3571	0	1581
asinh	115	28	Trunc	3571	0	1581
asinh	115	28	ZeroFiveUp	3571	0	1581
asinh	115	50	AwayFromZero	4019	0	1133
asinh	115	50	Ceiling	4019	0	1133
asinh	115	50	Floor	4019	0	1133
asinh	115	50	HalfAwayFromZero	4019	0	1133
asinh	115	50	HalfToEven	4019	0	1133
asinh	115	50	HalfTowardZero	4019	0	1133
asinh	115	50	Trunc	4019	0	1133
asinh	115	50	ZeroFiveUp	4019	0	1133
asinh	115	57	AwayFromZero	4023	0	1129
asinh	115	57	Ceiling	4023	0	1129
asinh	115	57	Floor	4023	0	1129
asinh	115	57	HalfAwayFromZero	4023	0	1129
asinh	115	57	HalfToEven	4023	0	1129
asinh	115	57	HalfTowardZero	4023	0	1129
asinh	115	57	Trunc	4023	0	1129
asinh	115	57	ZeroFiveUp	4023	0	1129
asinh	115	86	AwayFromZero	3593	0	1559
asinh	115	86	Ceiling	3593	0	1559
asinh	115	86	Floor	3593	0	1559
asinh	115	86	HalfAwayFromZero	3593	0	1559
asinh	115	86	HalfToEven	3593	0	1559
asinh	115	86	HalfTowardZero	3593	0	1559
asinh	115	86	Trunc	3593	0	1559
asinh	115	86	ZeroFiveUp	3593	0	1559
asinh	1232	0	AwayFromZero	1707	0	3445
asinh	1232	0	Ceiling	1707	0	3445
asinh	1232	0	Floor	1707	0	3445
asinh	1232	0	HalfAwayFromZero	1707	0	3445
asinh	1232	0	HalfToEven	1707	0	3445
asinh	1232	0	HalfTowardZero	1707	0	3445
asinh	1232	0	Trunc	1707	0	3445
asinh	1232	0	ZeroFiveUp	1707	0	3445
asinh	1232	1200	AwayFromZero	3638	0	1514
asinh	1232	1200	Ceiling	3638	0	1514
asinh	1232	1200	Floor	3638	0	1514
asinh	1232	1200	HalfAwayFromZero	3638	0	1514
asinh	1232	1200	HalfToEven	3638	0	1514
asinh	1232	1200	HalfTowardZero	3638	0	1514
asinh	1232	1200	Trunc	3638	0	1514
asinh	1232	1200	ZeroFiveUp	3638	0	1514
asinh	1232	1231	AwayFromZero	2861	0	2291
asinh	1232	1231	Ceiling	2861	0	2291
asinh	1232	1231	Floor	2861	0	2291
asinh	1232	1231	HalfAwayFromZero	2861	0	2291
asinh	1232	1231	HalfToEven	2861	0	2291
asinh	1232	1231	HalfTowardZero	2861	0	2291
asinh	1232	1231	Trunc	2861	0	2291
asinh	1232	1231	ZeroFiveUp	2861	0	2291
asinh	1232	250	AwayFromZero	5094	0	58
asinh	1232	250	Ceiling	5094	0	58
asinh	1232	250	Floor	5094	0	58
asinh	1232	250	HalfAwayFromZero	5094	0	58
asinh	1232	250	HalfToEven	5094	0	58
asinh	1232	250	HalfTowardZero	5094	0	58
asinh	1232	250	Trunc	5094	0	58
asinh	1232	250	ZeroFiveUp	5094	0	58
asinh	1232	30	AwayFromZero	4884	0	268
asinh	1232	30	Ceiling	4884	0	268
asinh	1232	30	Floor	4884	0	268
asinh	1232	30	HalfAwayFromZero	4884	0	268
asinh	1232	30	HalfToEven	4884	0	268
asinh	1232	30	HalfTowardZero	4884	0	268
asinh	1232	30	Trunc	4884	0	268
asinh	1232	30	ZeroFiveUp	4884	0	268
asinh	1232	308	AwayFromZero	5098	0	54
asinh	1232	308	Ceiling	5098	0	54
asinh	1232	308	Floor	5098	0	54
asinh	1232	308	HalfAwayFromZero	5098	0	54
asinh	1232	308	HalfToEven	5098	0	54
asinh	1232	308	HalfTowardZero	5098	0	54
asinh	1232	308	Trunc	5098	0	54
asinh	1232	308	ZeroFiveUp	5098	0	54
asinh	1232	470	AwayFromZero	5034	0	118
asinh	1232	470	Ceiling	5034	0	118
asinh	1232	470	Floor	5034	0	118
asinh	1232	470	HalfAwayFromZero	5034	0	118
asinh	1232	470	HalfToEven	5034	0	118
asinh	1232	470	HalfTowardZero	5034	0	118
asinh	1232	470	Trunc	5034	0	118
asinh	1232	470	ZeroFiveUp	5034	0	118
asinh	1232	616	AwayFromZero	5002	0	150
asinh	1232	616	Ceiling	5002	0	150
asinh	1232	616	Floor	5002	0	150
asinh	1232	616	HalfAwayFromZero	5002	0	150
asinh	1232	616	HalfToEven	5002	0	150
asinh	1232	616	HalfTowardZero	5002	0	150
asinh	1232	616	Trunc	5002	0	150
asinh	1232	616	ZeroFiveUp	5002	0	150
asinh	1232	924	AwayFromZero	4798	0	354
asinh	1232	924	Ceiling	4798	0	354
asinh	1232	924	Floor	4798	0	354
asinh	1232	924	HalfAwayFromZero	4798	0	354
asinh	1232	924	HalfToEven	4798	0	354
asinh	1232	924	HalfTowardZero	4798	0	354
asinh	1232	924	Trunc	4798	0	354
asinh	1232	924	ZeroFiveUp	4798	0	354
asinh	153	0	AwayFromZero	1073	0	4079
asinh	153	0	Ceiling	1073	0	4079
asinh	153	0	Floor	1073	0	4079
asinh	153	0	HalfAwayFromZero	1073	0	4079
asinh	153	0	HalfToEven	1073	0	4079
asinh	153	0	HalfTowardZero	1073	0	4079
asinh	153	0	Trunc	1073	0	4079
asinh	153	0	ZeroFiveUp	1073	0	4079
asinh	153	114	AwayFromZero	3789	0	1363
asinh	153	114	Ceiling	3789	0	1363
asinh	153	114	Floor	3789	0	1363
asinh	153	114	HalfAwayFromZero	3789	0	1363
asinh	153	114	HalfToEven	3789	0	1363
asinh	153	114	HalfTowardZero	3789	0	1363
asinh	153	114	Trunc	3789	0	1363
asinh	153	114	ZeroFiveUp	3789	0	1363
asinh	153	152	AwayFromZero	2825	0	2327
asinh	153	152	Ceiling	2825	0	2327
asinh	153	152	Floor	2825	0	2327
asinh	153	152	HalfAwayFromZero	2825	0	2327
asinh	153	152	HalfToEven	2825	0	2327
asinh	153	152	HalfTowardZero	2825	0	2327
asinh	153	152	Trunc	2825	0	2327
asinh	153	152	ZeroFiveUp	2825	0	2327
asinh	153	38	AwayFromZero	4349	0	803
asinh	153	38	Ceiling	4349	0	803
asinh	153	38	Floor	4349	0	803
asinh	153	38	HalfAwayFromZero	4349	0	803
asinh	153	38	HalfToEven	4349	0	803
asinh	153	38	HalfTowardZero	4349	0	803
asinh	153	38	Trunc	4349	0	803
asinh	153	38	ZeroFiveUp	4349	0	803
asinh	153	76	AwayFromZero	4159	0	993
asinh	153	76	Ceiling	4159	0	993
asinh	153	76	Floor	4159	0	993
asinh	153	76	HalfAwayFromZero	4159	0	993
asinh	153	76	HalfToEven	4159	0	993
asinh	153	76	HalfTowardZero	4159	0	993
asinh	153	76	Trunc	4159	0	993
asinh	153	76	ZeroFiveUp	4159	0	993
asinh	18	0	AwayFromZero	119	0	5033
asinh	18	0	Ceiling	119	0	5033
asinh	18	0	Floor	119	0	5033
asinh	18	0	HalfAwayFromZero	119	0	5033
asinh	18	0	HalfToEven	119	0	5033
asinh	18	0	HalfTowardZero	119	0	5033
asinh	18	0	Trunc	119	0	5033
asinh	18	0	ZeroFiveUp	119	0	5033
asinh	18	13	AwayFromZero	510	0	4642
asinh	18	13	Ceiling	510	0	4642
asinh	18	13	Floor	510	0	4642
asinh	18	13	HalfAwayFromZero	510	0	4642
asinh	18	13	HalfToEven	510	0	4642
asinh	18	13	HalfTowardZero	510	0	4642
asinh	18	13	Trunc	510	0	4642
asinh	18	13	ZeroFiveUp	510	0	4642
asinh	18	17	AwayFromZero	640	0	4512
asinh	18	17	Ceiling	640	0	4512
asinh	18	17	Floor	640	0	4512
asinh	18	17	HalfAwayFromZero	640	0	4512
asinh	18	17	HalfToEven	640	0	4512
asinh	18	17	HalfTowardZero	640	0	4512
asinh	18	17	Trunc	640	0	4512
asinh	18	17	ZeroFiveUp	640	0	4512
asinh	18	3	AwayFromZero	108	0	5044
asinh	18	3	Ceiling	108	0	5044
asinh	18	3	Floor	108	0	5044
asinh	18	3	HalfAwayFromZero	108	0	5044
asinh	18	3	HalfToEven	108	0	5044
asinh	18	3	HalfTowardZero	108	0	5044
asinh	18	3	Trunc	108	0	5044
asinh	18	3	ZeroFiveUp	108	0	5044
asinh	18	4	AwayFromZero	243	0	4909
asinh	18	4	Ceiling	243	0	4909
asinh	18	4	Floor	243	0	4909
asinh	18	4	HalfAwayFromZero	243	0	4909
asinh	18	4	HalfToEven	243	0	4909
asinh	18	4	HalfTowardZero	243	0	4909
asinh	18	4	Trunc	243	0	4909
asinh	18	4	ZeroFiveUp	243	0	4909
asinh	18	9	AwayFromZero	410	0	4742
asinh	18	9	Ceiling	410	0	4742
asinh	18	9	Floor	410	0	4742
asinh	18	9	HalfAwayFromZero	410	0	4742
asinh	18	9	HalfToEven	410	0	4742
asinh	18	9	HalfTowardZero	410	0	4742
asinh	18	9	Trunc	410	0	4742
asinh	18	9	ZeroFiveUp	410	0	4742
asinh	230	0	AwayFromZero	1249	0	3903
asinh	230	0	Ceiling	1249	0	3903
asinh	230	0	Floor	1249	0	3903
asinh	230	0	HalfAwayFromZero	1249	0	3903
asinh	230	0	HalfToEven	1249	0	3903
asinh	230	0	HalfTowardZero	1249	0	3903
asinh	230	0	Trunc	1249	0	3903
asinh	230	0	ZeroFiveUp	1249	0	3903
asinh	230	115	AwayFromZero	4366	0	786
asinh	230	115	Ceiling	4366	0	786
asinh	230	115	Floor	4366	0	786
asinh	230	115	HalfAwayFromZero	4366	0	786
asinh	230	115	HalfToEven	4366	0	786
asinh	230	115	HalfTowardZero	4366	0	786
asinh	230	115	Trunc	4366	0	786
asinh	230	115	ZeroFiveUp	4366	0	786
asinh	230	172	AwayFromZero	4047	0	1105
asinh	230	172	Ceiling	4047	0	1105
asinh	230	172	Floor	4047	0	1105
asinh	230	172	HalfAwayFromZero	4047	0	1105
asinh	230	172	HalfToEven	4047	0	1105
asinh	230	172	HalfTowardZero	4047	0	1105
asinh	230	172	Trunc	4047	0	1105
asinh	230	172	ZeroFiveUp	4047	0	1105
asinh	230	229	AwayFromZero	2835	0	2317
asinh	230	229	Ceiling	2835	0	2317
asinh	230	229	Floor	2835	0	2317
asinh	230	229	HalfAwayFromZero	2835	0	2317
asinh	230	229	HalfToEven	2835	0	2317
asinh	230	229	HalfTowardZero	2835	0	2317
asinh	230	229	Trunc	2835	0	2317
asinh	230	229	ZeroFiveUp	2835	0	2317
asinh	230	30	AwayFromZero	4322	0	830
asinh	230	30	Ceiling	4322	0	830
asinh	230	30	Floor	4322	0	830
asinh	230	30	HalfAwayFromZero	4322	0	830
asinh	230	30	HalfToEven	4322	0	830
asinh	230	30	HalfTowardZero	4322	0	830
asinh	230	30	Trunc	4322	0	830
asinh	230	30	ZeroFiveUp	4322	0	830
asinh	230	57	AwayFromZero	4502	0	650
asinh	230	57	Ceiling	4502	0	650
asinh	230	57	Floor	4502	0	650
asinh	230	57	HalfAwayFromZero	4502	0	650
asinh	230	57	HalfToEven	4502	0	650
asinh	230	57	HalfTowardZero	4502	0	650
asinh	230	57	Trunc	4502	0	650
asinh	230	57	ZeroFiveUp	4502	0	650
asinh	307	0	AwayFromZero	1355	0	3797
asinh	307	0	Ceiling	1355	0	3797
asinh	307	0	Floor	1355	0	3797
asinh	307	0	HalfAwayFromZero	1355	0	3797
asinh	307	0	HalfToEven	1355	0	3797
asinh	307	0	HalfTowardZero	1355	0	3797
asinh	307	0	Trunc	1355	0	3797
asinh	307	0	ZeroFiveUp	1355	0	3797
asinh	307	120	AwayFromZero	4516	0	636
asinh	307	120	Ceiling	4516	0	636
asinh	307	120	Floor	4516	0	636
asinh	307	120	HalfAwayFromZero	4516	0	636
asinh	307	120	HalfToEven	4516	0	636
asinh	307	120	HalfTowardZero	4516	0	636
asinh	307	120	Trunc	4516	0	636
asinh	307	120	ZeroFiveUp	4516	0	636
asinh	307	153	AwayFromZero	4484	0	668
asinh	307	153	Ceiling	4484	0	668
asinh	307	153	Floor	4484	0	668
asinh	307	153	HalfAwayFromZero	4484	0	668
asinh	307	153	HalfToEven	4484	0	668
asinh	307	153	HalfTowardZero	4484	0	668
asinh	307	153	Trunc	4484	0	668
asinh	307	153	ZeroFiveUp	4484	0	668
asinh	307	230	AwayFromZero	4182	0	970
asinh	307	230	Ceiling	4182	0	970
asinh	307	230	Floor	4182	0	970
asinh	307	230	HalfAwayFromZero	4182	0	970
asinh	307	230	HalfToEven	4182	0	970
asinh	307	230	HalfTowardZero	4182	0	970
asinh	307	230	Trunc	4182	0	970
asinh	307	230	ZeroFiveUp	4182	0	970
asinh	307	290	AwayFromZero	3422	0	1730
asinh	307	290	Ceiling	3422	0	1730
asinh	307	290	Floor	3422	0	1730
asinh	307	290	HalfAwayFromZero	3422	0	1730
asinh	307	290	HalfToEven	3422	0	1730
asinh	307	290	HalfTowardZero	3422	0	1730
asinh	307	290	Trunc	3422	0	1730
asinh	307	290	ZeroFiveUp	3422	0	1730
asinh	307	30	AwayFromZero	4462	0	690
asinh	307	30	Ceiling	4462	0	690
asinh	307	30	Floor	4462	0	690
asinh	307	30	HalfAwayFromZero	4462	0	690
asinh	307	30	HalfToEven	4462	0	690
asinh	307	30	HalfTowardZero	4462	0	690
asinh	307	30	Trunc	4462	0	690
asinh	307	30	ZeroFiveUp	4462	0	690
asinh	307	306	AwayFromZero	2841	0	2311
asinh	307	306	Ceiling	2841	0	2311
asinh	307	306	Floor	2841	0	2311
asinh	307	306	HalfAwayFromZero	2841	0	2311
asinh	307	306	HalfToEven	2841	0	2311
asinh	307	306	HalfTowardZero	2841	0	2311
asinh	307	306	Trunc	2841	0	2311
asinh	307	306	ZeroFiveUp	2841	0	2311
asinh	307	50	AwayFromZero	4638	0	514
asinh	307	50	Ceiling	4638	0	514
asinh	307	50	Floor	4638	0	514
asinh	307	50	HalfAwayFromZero	4638	0	514
asinh	307	50	HalfToEven	4638	0	514
asinh	307	50	HalfTowardZero	4638	0	514
asinh	307	50	Trunc	4638	0	514
asinh	307	50	ZeroFiveUp	4638	0	514
asinh	307	70	AwayFromZero	4643	0	509
asinh	307	70	Ceiling	4643	0	509
asinh	307	70	Floor	4643	0	509
asinh	307	70	HalfAwayFromZero	4643	0	509
asinh	307	70	HalfToEven	4643	0	509
asinh	307	70	HalfTowardZero	4643	0	509
asinh	307	70	Trunc	4643	0	509
asinh	307	70	ZeroFiveUp	4643	0	509
asinh	307	76	AwayFromZero	4647	0	505
asinh	307	76	Ceiling	4647	0	505
asinh	307	76	Floor	4647	0	505
asinh	307	76	HalfAwayFromZero	4647	0	505
asinh	307	76	HalfToEven	4647	0	505
asinh	307	76	HalfTowardZero	4647	0	505
asinh	307	76	Trunc	4647	0	505
asinh	307	76	ZeroFiveUp	4647	0	505
asinh	38	0	AwayFromZero	366	0	4786
asinh	38	0	Ceiling	366	0	4786
asinh	38	0	Floor	366	0	4786
asinh	38	0	HalfAwayFromZero	366	0	4786
asinh	38	0	HalfToEven	366	0	4786
asinh	38	0	HalfTowardZero	366	0	4786
asinh	38	0	Trunc	366	0	4786
asinh	38	0	ZeroFiveUp	366	0	4786
asinh	38	10	AwayFromZero	777	0	4375
asinh	38	10	Ceiling	777	0	4375
asinh	38	10	Floor	777	0	4375
asinh	38	10	HalfAwayFromZero	777	0	4375
asinh	38	10	HalfToEven	777	0	4375
asinh	38	10	HalfTowardZero	777	0	4375
asinh	38	10	Trunc	777	0	4375
asinh	38	10	ZeroFiveUp	777	0	4375
asinh	38	12	AwayFromZero	736	0	4416
asinh	38	12	Ceiling	736	0	4416
asinh	38	12	Floor	736	0	4416
asinh	38	12	HalfAwayFromZero	736	0	4416
asinh	38	12	HalfToEven	736	0	4416
asinh	38	12	HalfTowardZero	736	0	4416
asinh	38	12	Trunc	736	0	4416
asinh	38	12	ZeroFiveUp	736	0	4416
asinh	38	17	AwayFromZero	1157	0	3995
asinh	38	17	Ceiling	1157	0	3995
asinh	38	17	Floor	1157	0	3995
asinh	38	17	HalfAwayFromZero	1157	0	3995
asinh	38	17	HalfToEven	1157	0	3995
asinh	38	17	HalfTowardZero	1157	0	3995
asinh	38	17	Trunc	1157	0	3995
asinh	38	17	ZeroFiveUp	1157	0	3995
asinh	38	18	AwayFromZero	1175	0	3977
asinh	38	18	Ceiling	1175	0	3977
asinh	38	18	Floor	1175	0	3977
asinh	38	18	HalfAwayFromZero	1175	0	3977
asinh	38	18	HalfToEven	1175	0	3977
asinh	38	18	HalfTowardZero	1175	0	3977
asinh	38	18	Trunc	1175	0	3977
asinh	38	18	ZeroFiveUp	1175	0	3977
asinh	38	19	AwayFromZero	1325	0	3827
asinh	38	19	Ceiling	1325	0	3827
asinh	38	19	Floor	1325	0	3827
asinh	38	19	HalfAwayFromZero	1325	0	3827
asinh	38	19	HalfToEven	1325	0	3827
asinh	38	19	HalfTowardZero	1325	0	3827
asinh	38	19	Trunc	1325	0	3827
asinh	38	19	ZeroFiveUp	1325	0	3827
asinh	38	2	AwayFromZero	357	0	4795
asinh	38	2	Ceiling	357	0	4795
asinh	38	2	Floor	357	0	4795
asinh	38	2	HalfAwayFromZero	357	0	4795
asinh	38	2	HalfToEven	357	0	4795
asinh	38	2	HalfTowardZero	357	0	4795
asinh	38	2	Trunc	357	0	4795
asinh	38	2	ZeroFiveUp	357	0	4795
asinh	38	28	AwayFromZero	2441	0	2711
asinh	38	28	Ceiling	2441	0	2711
asinh	38	28	Floor	2441	0	2711
asinh	38	28	HalfAwayFromZero	2441	0	2711
asinh	38	28	HalfToEven	2441	0	2711
asinh	38	28	HalfTowardZero	2441	0	2711
asinh	38	28	Trunc	2441	0	2711
asinh	38	28	ZeroFiveUp	2441	0	2711
asinh	38	37	AwayFromZero	2799	0	2353
asinh	38	37	Ceiling	2799	0	2353
asinh	38	37	Floor	2799	0	2353
asinh	38	37	HalfAwayFromZero	2799	0	2353
asinh	38	37	HalfToEven	2799	0	2353
asinh	38	37	HalfTowardZero	2799	0	2353
asinh	38	37	Trunc	2799	0	2353
asinh	38	37	ZeroFiveUp	2799	0	2353
asinh	38	6	AwayFromZero	481	0	4671
asinh	38	6	Ceiling	481	0	4671
asinh	38	6	Floor	481	0	4671
asinh	38	6	HalfAwayFromZero	481	0	4671
asinh	38	6	HalfToEven	481	0	4671
asinh	38	6	HalfTowardZero	481	0	4671
asinh	38	6	Trunc	481	0	4671
asinh	38	6	ZeroFiveUp	481	0	4671
asinh	38	9	AwayFromZero	747	0	4405
asinh	38	9	Ceiling	747	0	4405
asinh	38	9	Floor	747	0	4405
asinh	38	9	HalfAwayFromZero	747	0	4405
asinh	38	9	HalfToEven	747	0	4405
asinh	38	9	HalfTowardZero	747	0	4405
asinh	38	9	Trunc	747	0	4405
asinh	38	9	ZeroFiveUp	747	0	4405
asinh	462	0	AwayFromZero	1495	0	3657
asinh	462	0	Ceiling	1495	0	3657
asinh	462	0	Floor	1495	0	3657
asinh	462	0	HalfAwayFromZero	1495	0	3657
asinh	462	0	HalfToEven	1495	0	3657
asinh	462	0	HalfTowardZero	1495	0	3657
asinh	462	0	Trunc	1495	0	3657
asinh	462	0	ZeroFiveUp	1495	0	3657
asinh	462	100	AwayFromZero	4791	0	361
asinh	462	100	Ceiling	4791	0	361
asinh	462	100	Floor	4791	0	361
asinh	462	100	HalfAwayFromZero	4791	0	361
asinh	462	100	HalfToEven	4791	0	361
asinh	462	100	HalfTowardZero	4791	0	361
asinh	462	100	Trunc	4791	0	361
asinh	462	100	ZeroFiveUp	4791	0	361
asinh	462	115	AwayFromZero	4795	0	357
asinh	462	115	Ceiling	4795	0	357
asinh	462	115	Floor	4795	0	357
asinh	462	115	HalfAwayFromZero	4795	0	357
asinh	462	115	HalfToEven	4795	0	357
asinh	462	115	HalfTowardZero	4795	0	357
asinh	462	115	Trunc	4795	0	357
asinh	462	115	ZeroFiveUp	4795	0	357
asinh	462	180	AwayFromZero	4666	0	486
asinh	462	180	Ceiling	4666	0	486
asinh	462	180	Floor	4666	0	486
asinh	462	180	HalfAwayFromZero	4666	0	486
asinh	462	180	HalfToEven	4666	0	486
asinh	462	180	HalfTowardZero	4666	0	486
asinh	462	180	Trunc	4666	0	486
asinh	462	180	ZeroFiveUp	4666	0	486
asinh	462	231	AwayFromZero	4672	0	480
asinh	462	231	Ceiling	4672	0	480
asinh	462	231	Floor	4672	0	480
asinh	462	231	HalfAwayFromZero	4672	0	480
asinh	462	231	HalfToEven	4672	0	480
asinh	462	231	HalfTowardZero	4672	0	480
asinh	462	231	Trunc	4672	0	480
asinh	462	231	ZeroFiveUp	4672	0	480
asinh	462	30	AwayFromZero	4604	0	548
asinh	462	30	Ceiling	4604	0	548
asinh	462	30	Floor	4604	0	548
asinh	462	30	HalfAwayFromZero	4604	0	548
asinh	462	30	HalfToEven	4604	0	548
asinh	462	30	HalfTowardZero	4604	0	548
asinh	462	30	Trunc	4604	0	548
asinh	462	30	ZeroFiveUp	4604	0	548
asinh	462	346	AwayFromZero	4391	0	761
asinh	462	346	Ceiling	4391	0	761
asinh	462	346	Floor	4391	0	761
asinh	462	346	HalfAwayFromZero	4391	0	761
asinh	462	346	HalfToEven	4391	0	761
asinh	462	346	HalfTowardZero	4391	0	761
asinh	462	346	Trunc	4391	0	761
asinh	462	346	ZeroFiveUp	4391	0	761
asinh	462	461	AwayFromZero	2845	0	2307
asinh	462	461	Ceiling	2845	0	2307
asinh	462	461	Floor	2845	0	2307
asinh	462	461	HalfAwayFromZero	2845	0	2307
asinh	462	461	HalfToEven	2845	0	2307
asinh	462	461	HalfTowardZero	2845	0	2307
asinh	462	461	Trunc	2845	0	2307
asinh	462	461	ZeroFiveUp	2845	0	2307
asinh	57	0	AwayFromZero	630	0	4522
asinh	57	0	Ceiling	630	0	4522
asinh	57	0	Floor	630	0	4522
asinh	57	0	HalfAwayFromZero	630	0	4522
asinh	57	0	HalfToEven	630	0	4522
asinh	57	0	HalfTowardZero	630	0	4522
asinh	57	0	Trunc	630	0	4522
asinh	57	0	ZeroFiveUp	630	0	4522
asinh	57	14	AwayFromZero	1369	0	3783
asinh	57	14	Ceiling	1369	0	3783
asinh	57	14	Floor	1369	0	3783
asinh	57	14	HalfAwayFromZero	1369	0	3783
asinh	57	14	HalfToEven	1369	0	3783
asinh	57	14	HalfTowardZero	1369	0	3783
asinh	57	14	Trunc	1369	0	3783
asinh	57	14	ZeroFiveUp	1369	0	3783
asinh	57	20	AwayFromZero	1689	0	3463
asinh	57	20	Ceiling	1689	0	3463
asinh	57	20	Floor	1689	0	3463
asinh	57	20	HalfAwayFromZero	1689	0	3463
asinh	57	20	HalfToEven	1689	0	3463
asinh	57	20	HalfTowardZero	1689	0	3463
asinh	57	20	Trunc	1689	0	3463
asinh	57	20	ZeroFiveUp	1689	0	3463
asinh	57	28	AwayFromZero	2957	0	2195
asinh	57	28	Ceiling	2957	0	2195
asinh	57	28	Floor	2957	0	2195
asinh	57	28	HalfAwayFromZero	2957	0	2195
asinh	57	28	HalfToEven	2957	0	2195
asinh	57	28	HalfTowardZero	2957	0	2195
asinh	57	28	Trunc	2957	0	2195
asinh	57	28	ZeroFiveUp	2957	0	2195
asinh	57	30	AwayFromZero	3355	0	1797
asinh	57	30	Ceiling	3355	0	1797
asinh	57	30	Floor	3355	0	1797
asinh	57	30	HalfAwayFromZero	3355	0	1797
asinh	57	30	HalfToEven	3355	0	1797
asinh	57	30	HalfTowardZero	3355	0	1797
asinh	57	30	Trunc	3355	0	1797
asinh	57	30	ZeroFiveUp	3355	0	1797
asinh	57	42	AwayFromZero	3268	0	1884
asinh	57	42	Ceiling	3268	0	1884
asinh	57	42	Floor	3268	0	1884
asinh	57	42	HalfAwayFromZero	3268	0	1884
asinh	57	42	HalfToEven	3268	0	1884
asinh	57	42	HalfTowardZero	3268	0	1884
asinh	57	42	Trunc	3268	0	1884
asinh	57	42	ZeroFiveUp	3268	0	1884
asinh	57	56	AwayFromZero	2805	0	2347
asinh	57	56	Ceiling	2805	0	2347
asinh	57	56	Floor	2805	0	2347
asinh	57	56	HalfAwayFromZero	2805	0	2347
asinh	57	56	HalfToEven	2805	0	2347
asinh	57	56	HalfTowardZero	2805	0	2347
asinh	57	56	Trunc	2805	0	2347
asinh	57	56	ZeroFiveUp	2805	0	2347
asinh	616	0	AwayFromZero	1565	0	3587
asinh	616	0	Ceiling	1565	0	3587
asinh	616	0	Floor	1565	0	3587
asinh	616	0	HalfAwayFromZero	1565	0	3587
asinh	616	0	HalfToEven	1565	0	3587
asinh	616	0	HalfTowardZero	1565	0	3587
asinh	616	0	Trunc	1565	0	3587
asinh	616	0	ZeroFiveUp	1565	0	3587
asinh	616	130	AwayFromZero	4902	0	250
asinh	616	130	Ceiling	4902	0	250
asinh	616	130	Floor	4902	0	250
asinh	616	130	HalfAwayFromZero	4902	0	250
asinh	616	130	HalfToEven	4902	0	250
asinh	616	130	HalfTowardZero	4902	0	250
asinh	616	130	Trunc	4902	0	250
asinh	616	130	ZeroFiveUp	4902	0	250
asinh	616	154	AwayFromZero	4908	0	244
asinh	616	154	Ceiling	4908	0	244
asinh	616	154	Floor	4908	0	244
asinh	616	154	HalfAwayFromZero	4908	0	244
asinh	616	154	HalfToEven	4908	0	244
asinh	616	154	HalfTowardZero	4908	0	244
asinh	616	154	Trunc	4908	0	244
asinh	616	154	ZeroFiveUp	4908	0	244
asinh	616	240	AwayFromZero	4814	0	338
asinh	616	240	Ceiling	4814	0	338
asinh	616	240	Floor	4814	0	338
asinh	616	240	HalfAwayFromZero	4814	0	338
asinh	616	240	HalfToEven	4814	0	338
asinh	616	240	HalfTowardZero	4814	0	338
asinh	616	240	Trunc	4814	0	338
asinh	616	240	ZeroFiveUp	4814	0	338
asinh	616	30	AwayFromZero	4708	0	444
asinh	616	30	Ceiling	4708	0	444
asinh	616	30	Floor	4708	0	444
asinh	616	30	HalfAwayFromZero	4708	0	444
asinh	616	30	HalfToEven	4708	0	444
asinh	616	30	HalfTowardZero	4708	0	444
asinh	616	30	Trunc	4708	0	444
asinh	616	30	ZeroFiveUp	4708	0	444
asinh	616	308	AwayFromZero	4782	0	370
asinh	616	308	Ceiling	4782	0	370
asinh	616	308	Floor	4782	0	370
asinh	616	308	HalfAwayFromZero	4782	0	370
asinh	616	308	HalfToEven	4782	0	370
asinh	616	308	HalfTowardZero	4782	0	370
asinh	616	308	Trunc	4782	0	370
asinh	616	308	ZeroFiveUp	4782	0	370
asinh	616	462	AwayFromZero	4506	0	646
asinh	616	462	Ceiling	4506	0	646
asinh	616	462	Floor	4506	0	646
asinh	616	462	HalfAwayFromZero	4506	0	646
asinh	616	462	HalfToEven	4506	0	646
asinh	616	462	HalfTowardZero	4506	0	646
asinh	616	462	Trunc	4506	0	646
asinh	616	462	ZeroFiveUp	4506	0	646
asinh	616	590	AwayFromZero	3509	0	1643
asinh	616	590	Ceiling	3509	0	1643
asinh	616	590	Floor	3509	0	1643
asinh	616	590	HalfAwayFromZero	3509	0	1643
asinh	616	590	HalfToEven	3509	0	1643
asinh	616	590	HalfTowardZero	3509	0	1643
asinh	616	590	Trunc	3509	0	1643
asinh	616	590	ZeroFiveUp	3509	0	1643
asinh	616	615	AwayFromZero	2849	0	2303
asinh	616	615	Ceiling	2849	0	2303
asinh	616	615	Floor	2849	0	2303
asinh	616	615	HalfAwayFromZero	2849	0	2303
asinh	616	615	HalfToEven	2849	0	2303
asinh	616	615	HalfTowardZero	2849	0	2303
asinh	616	615	Trunc	2849	0	2303
asinh	616	615	ZeroFiveUp	2849	0	2303
asinh	76	0	AwayFromZero	761	0	4391
asinh	76	0	Ceiling	761	0	4391
asinh	76	0	Floor	761	0	4391
asinh	76	0	HalfAwayFromZero	761	0	4391
asinh	76	0	HalfToEven	761	0	4391
asinh	76	0	HalfTowardZero	761	0	4391
asinh	76	0	Trunc	761	0	4391
asinh	76	0	ZeroFiveUp	761	0	4391
asinh	76	18	AwayFromZero	1796	0	3356
asinh	76	18	Ceiling	1796	0	3356
asinh	76	18	Floor	1796	0	3356
asinh	76	18	HalfAwayFromZero	1796	0	3356
asinh	76	18	HalfToEven	1796	0	3356
asinh	76	18	HalfTowardZero	1796	0	3356
asinh	76	18	Trunc	1796	0	3356
asinh	76	18	ZeroFiveUp	1796	0	3356
asinh	76	19	AwayFromZero	1946	0	3206
asinh	76	19	Ceiling	1946	0	3206
asinh	76	19	Floor	1946	0	3206
asinh	76	19	HalfAwayFromZero	1946	0	3206
asinh	76	19	HalfToEven	1946	0	3206
asinh	76	19	HalfTowardZero	1946	0	3206
asinh	76	19	Trunc	1946	0	3206
asinh	76	19	ZeroFiveUp	1946	0	3206
asinh	76	38	AwayFromZero	3762	0	1390
asinh	76	38	Ceiling	3762	0	1390
asinh	76	38	Floor	3762	0	1390
asinh	76	38	HalfAwayFromZero	3762	0	1390
asinh	76	38	HalfToEven	3762	0	1390
asinh	76	38	HalfTowardZero	3762	0	1390
asinh	76	38	Trunc	3762	0	1390
asinh	76	38	ZeroFiveUp	3762	0	1390
asinh	76	40	AwayFromZero	3714	0	1438
asinh	76	40	Ceiling	3714	0	1438
asinh	76	40	Floor	3714	0	1438
asinh	76	40	HalfAwayFromZero	3714	0	1438
asinh	76	40	HalfToEven	3714	0	1438
asinh	76	40	HalfTowardZero	3714	0	1438
asinh	76	40	Trunc	3714	0	1438
asinh	76	40	ZeroFiveUp	3714	0	1438
asinh	76	57	AwayFromZero	3402	0	1750
asinh	76	57	Ceiling	3402	0	1750
asinh	76	57	Floor	3402	0	1750
asinh	76	57	HalfAwayFromZero	3402	0	1750
asinh	76	57	HalfToEven	3402	0	1750
asinh	76	57	HalfTowardZero	3402	0	1750
asinh	76	57	Trunc	3402	0	1750
asinh	76	57	ZeroFiveUp	3402	0	1750
asinh	76	75	AwayFromZero	2812	0	2340
asinh	76	75	Ceiling	2812	0	2340
asinh	76	75	Floor	2812	0	2340
asinh	76	75	HalfAwayFromZero	2812	0	2340
asinh	76	75	HalfToEven	2812	0	2340
asinh	76	75	HalfTowardZero	2812	0	2340
asinh	76	75	Trunc	2812	0	2340
asinh	76	75	ZeroFiveUp	2812	0	2340
asinh	924	0	AwayFromZero	1671	0	3481
asinh	924	0	Ceiling	1671	0	3481
asinh	924	0	Floor	1671	0	3481
asinh	924	0	HalfAwayFromZero	1671	0	3481
asinh	924	0	HalfToEven	1671	0	3481
asinh	924	0	HalfTowardZero	1671	0	3481
asinh	924	0	Trunc	1671	0	3481
asinh	924	0	ZeroFiveUp	1671	0	3481
asinh	924	180	AwayFromZero	5018	0	134
asinh	924	180	Ceiling	5018	0	134
asinh	924	180	Floor	5018	0	134
asinh	924	180	HalfAwayFromZero	5018	0	134
asinh	924	180	HalfToEven	5018	0	134
asinh	924	180	HalfTowardZero	5018	0	134
asinh	924	180	Trunc	5018	0	134
asinh	924	180	ZeroFiveUp	5018	0	134
asinh	924	231	AwayFromZero	5024	0	128
asinh	924	231	Ceiling	5024	0	128
asinh	924	231	Floor	5024	0	128
asinh	924	231	HalfAwayFromZero	5024	0	128
asinh	924	231	HalfToEven	5024	0	128
asinh	924	231	HalfTowardZero	5024	0	128
asinh	924	231	Trunc	5024	0	128
asinh	924	231	ZeroFiveUp	5024	0	128
asinh	924	30	AwayFromZero	4814	0	338
asinh	924	30	Ceiling	4814	0	338
asinh	924	30	Floor	4814	0	338
asinh	924	30	HalfAwayFromZero	4814	0	338
asinh	924	30	HalfToEven	4814	0	338
asinh	924	30	HalfTowardZero	4814	0	338
asinh	924	30	Trunc	4814	0	338
asinh	924	30	ZeroFiveUp	4814	0	338
asinh	924	350	AwayFromZero	4924	0	228
asinh	924	350	Ceiling	4924	0	228
asinh	924	350	Floor	4924	0	228
asinh	924	350	HalfAwayFromZero	4924	0	228
asinh	924	350	HalfToEven	4924	0	228
asinh	924	350	HalfTowardZero	4924	0	228
asinh	924	350	Trunc	4924	0	228
asinh	924	350	ZeroFiveUp	4924	0	228
asinh	924	462	AwayFromZero	4928	0	224
asinh	924	462	Ceiling	4928	0	224
asinh	924	462	Floor	4928	0	224
asinh	924	462	HalfAwayFromZero	4928	0	224
asinh	924	462	HalfToEven	4928	0	224
asinh	924	462	HalfTowardZero	4928	0	224
asinh	924	462	Trunc	4928	0	224
asinh	924	462	ZeroFiveUp	4928	0	224
asinh	924	693	AwayFromZero	4688	0	464
asinh	924	693	Ceiling	4688	0	464
asinh	924	693	Floor	4688	0	464
asinh	924	693	HalfAwayFromZero	4688	0	464
asinh	924	693	HalfToEven	4688	0	464
asinh	924	693	HalfTowardZero	4688	0	464
asinh	924	693	Trunc	4688	0	464
asinh	924	693	ZeroFiveUp	4688	0	464
asinh	924	900	AwayFromZero	3466	0	1686
asinh	924	900	Ceiling	3466	0	1686
asinh	924	900	Floor	3466	0	1686
asinh	924	900	HalfAwayFromZero	3466	0	1686
asinh	924	900	HalfToEven	3466	0	1686
asinh	924	900	HalfTowardZero	3466	0	1686
asinh	924	900	Trunc	3466	0	1686
asinh	924	900	ZeroFiveUp	3466	0	1686
asinh	924	923	AwayFromZero	2855	0	2297
asinh	924	923	Ceiling	2855	0	2297
asinh	924	923	Floor	2855	0	2297
asinh	924	923	HalfAwayFromZero	2855	0	2297
asinh	924	923	HalfToEven	2855	0	2297
asinh	924	923	HalfTowardZero	2855	0	2297
asinh	924	923	Trunc	2855	0	2297
asinh	924	923	ZeroFiveUp	2855	0	2297
atan	115	0	AwayFromZero	929	0	4097
atan	115	0	Ceiling	929	0	4097
atan	115	0	Floor	929	0	4097
atan	115	0	HalfAwayFromZero	929	0	4097
atan	115	0	HalfToEven	929	0	4097
atan	115	0	HalfTowardZero	929	0	4097
atan	115	0	Trunc	929	0	4097
atan	115	0	ZeroFiveUp	929	0	4097
atan	115	114	AwayFromZero	2759	0	2267
atan	115	114	Ceiling	2759	0	2267
atan	115	114	Floor	2759	0	2267
atan	115	114	HalfAwayFromZero	2759	0	2267
atan	115	114	HalfToEven	2759	0	2267
atan	115	114	HalfTowardZero	2759	0	2267
atan	115	114	Trunc	2759	0	2267
atan	115	114	ZeroFiveUp	2759	0	2267
atan	115	28	AwayFromZero	3488	0	1538
atan	115	28	Ceiling	3488	0	1538
atan	115	28	Floor	3488	0	1538
atan	115	28	HalfAwayFromZero	3488	0	1538
atan	115	28	HalfToEven	3488	0	1538
atan	115	28	HalfTowardZero	3488	0	1538
atan	115	28	Trunc	3488	0	1538
atan	115	28	ZeroFiveUp	3488	0	1538
atan	115	50	AwayFromZero	3945	0	1081
atan	115	50	Ceiling	3945	0	1081
atan	115	50	Floor	3945	0	1081
atan	115	50	HalfAwayFromZero	3945	0	1081
atan	115	50	HalfToEven	3945	0	1081
atan	115	50	HalfTowardZero	3945	0	1081
atan	115	50	Trunc	3945	0	1081
atan	115	50	ZeroFiveUp	3945	0	1081
atan	115	57	AwayFromZero	3945	0	1081
atan	115	57	Ceiling	3945	0	1081
atan	115	57	Floor	3945	0	1081
atan	115	57	HalfAwayFromZero	3945	0	1081
atan	115	57	HalfToEven	3945	0	1081
atan	115	57	HalfTowardZero	3945	0	1081
atan	115	57	Trunc	3945	0	1081
atan	115	57	ZeroFiveUp	3945	0	1081
atan	115	86	AwayFromZero	3509	0	1517
atan	115	86	Ceiling	3509	0	1517
atan	115	86	Floor	3509	0	1517
atan	115	86	HalfAwayFromZero	3509	0	1517
atan	115	86	HalfToEven	3509	0	1517
atan	115	86	HalfTowardZero	3509	0	1517
atan	115	86	Trunc	3509	0	1517
atan	115	86	ZeroFiveUp	3509	0	1517
atan	1232	0	AwayFromZero	1674	0	3352
atan	1232	0	Ceiling	1674	0	3352
atan	1232	0	Floor	1674	0	3352
atan	1232	0	HalfAwayFromZero	1674	0	3352
atan	1232	0	HalfToEven	1674	0	3352
atan	1232	0	HalfTowardZero	1674	0	3352
atan	1232	0	Trunc	1674	0	3352
atan	1232	0	ZeroFiveUp	1674	0	3352
atan	1232	1200	AwayFromZero	3556	0	1470
atan	1232	1200	Ceiling	3556	0	1470
atan	1232	1200	Floor	3556	0	1470
atan	1232	1200	HalfAwayFromZero	3556	0	1470
atan	1232	1200	HalfToEven	3556	0	1470
atan	1232	1200	HalfTowardZero	3556	0	1470
atan	1232	1200	Trunc	3556	0	1470
atan	1232	1200	ZeroFiveUp	3556	0	1470
atan	1232	1231	AwayFromZero	2770	0	2256
atan	1232	1231	Ceiling	2770	0	2256
atan	1232	1231	Floor	2770	0	2256
atan	1232	1231	HalfAwayFromZero	2770	0	2256
atan	1232	1231	HalfToEven	2770	0	2256
atan	1232	1231	HalfTowardZero	2770	0	2256
atan	1232	1231	Trunc	2770	0	2256
atan	1232	1231	ZeroFiveUp	2770	0	2256
atan	1232	250	AwayFromZero	4990	0	36
atan	1232	250	Ceiling	4990	0	36
atan	1232	250	Floor	4990	0	36
atan	1232	250	HalfAwayFromZero	4990	0	36
atan	1232	250	HalfToEven	4990	0	36
atan	1232	250	HalfTowardZero	4990	0	36
atan	1232	250	Trunc	4990	0	36
atan	1232	250	ZeroFiveUp	4990	0	36
atan	1232	30	AwayFromZero	4748	0	278
atan	1232	30	Ceiling	4748	0	278
atan	1232	30	Floor	4748	0	278
atan	1232	30	HalfAwayFromZero	4748	0	278
atan	1232	30	HalfToEven	4748	0	278
atan	1232	30	HalfTowardZero	4748	0	278
atan	1232	30	Trunc	4748	0	278
atan	1232	30	ZeroFiveUp	4748	0	278
atan	1232	308	AwayFromZero	4990	0	36
atan	1232	308	Ceiling	4990	0	36
atan	1232	308	Floor	4990	0	36
atan	1232	308	HalfAwayFromZero	4990	0	36
atan	1232	308	HalfToEven	4990	0	36
atan	1232	308	HalfTowardZero	4990	0	36
atan	1232	308	Trunc	4990	0	36
atan	1232	308	ZeroFiveUp	4990	0	36
atan	1232	470	AwayFromZero	4920	0	106
atan	1232	470	Ceiling	4920	0	106
atan	1232	470	Floor	4920	0	106
atan	1232	470	HalfAwayFromZero	4920	0	106
atan	1232	470	HalfToEven	4920	0	106
atan	1232	470	HalfTowardZero	4920	0	106
atan	1232	470	Trunc	4920	0	106
atan	1232	470	ZeroFiveUp	4920	0	106
atan	1232	616	AwayFromZero	4884	0	142
atan	1232	616	Ceiling	4884	0	142
atan	1232	616	Floor	4884	0	142
atan	1232	616	HalfAwayFromZero	4884	0	142
atan	1232	616	HalfToEven	4884	0	142
atan	1232	616	HalfTowardZero	4884	0	142
atan	1232	616	Trunc	4884	0	142
atan	1232	616	ZeroFiveUp	4884	0	142
atan	1232	924	AwayFromZero	4674	0	352
atan	1232	924	Ceiling	4674	0	352
atan	1232	924	Floor	4674	0	352
atan	1232	924	HalfAwayFromZero	4674	0	352
atan	1232	924	HalfToEven	4674	0	352
atan	1232	924	HalfTowardZero	4674	0	352
atan	1232	924	Trunc	4674	0	352
atan	1232	924	ZeroFiveUp	4674	0	352
atan	153	0	AwayFromZero	1040	0	3986
atan	153	0	Ceiling	1040	0	3986
atan	153	0	Floor	1040	0	3986
atan	153	0	HalfAwayFromZero	1040	0	3986
atan	153	0	HalfToEven	1040	0	3986
atan	153	0	HalfTowardZero	1040	0	3986
atan	153	0	Trunc	1040	0	3986
atan	153	0	ZeroFiveUp	1040	0	3986
atan	153	114	AwayFromZero	3708	0	1318
atan	153	114	Ceiling	3708	0	1318
atan	153	114	Floor	3708	0	1318
atan	153	114	HalfAwayFromZero	3708	0	1318
atan	153	114	HalfToEven	3708	0	1318
atan	153	114	HalfTowardZero	3708	0	1318
atan	153	114	Trunc	3708	0	1318
atan	153	114	ZeroFiveUp	3708	0	1318
atan	153	152	AwayFromZero	2775	0	2251
atan	153	152	Ceiling	2775	0	2251
atan	153	152	Floor	2775	0	2251
atan	153	152	HalfAwayFromZero	2775	0	2251
atan	153	152	HalfToEven	2775	0	2251
atan	153	152	HalfTowardZero	2775	0	2251
atan	153	152	Trunc	2775	0	2251
atan	153	152	ZeroFiveUp	2775	0	2251
atan	153	38	AwayFromZero	4277	0	749
atan	153	38	Ceiling	4277	0	749
atan	153	38	Floor	4277	0	749
atan	153	38	HalfAwayFromZero	4277	0	749
atan	153	38	HalfToEven	4277	0	749
atan	153	38	HalfTowardZero	4277	0	749
atan	153	38	Trunc	4277	0	749
atan	153	38	ZeroFiveUp	4277	0	749
atan	153	76	AwayFromZero	4077	0	949
atan	153	76	Ceiling	4077	0	949
atan	153	76	Floor	4077	0	949
atan	153	76	HalfAwayFromZero	4077	0	949
atan	153	76	HalfToEven	4077	0	949
atan	153	76	HalfTowardZero	4077	0	949
atan	153	76	Trunc	4077	0	949
atan	153	76	ZeroFiveUp	4077	0	949
atan	18	0	AwayFromZero	119	0	4907
atan	18	0	Ceiling	119	0	4907
atan	18	0	Floor	119	0	4907
atan	18	0	HalfAwayFromZero	119	0	4907
atan	18	0	HalfToEven	119	0	4907
atan	18	0	HalfTowardZero	119	0	4907
atan	18	0	Trunc	119	0	4907
atan	18	0	ZeroFiveUp	119	0	4907
atan	18	13	AwayFromZero	522	0	4504
atan	18	13	Ceiling	522	0	4504
atan	18	13	Floor	522	0	4504
atan	18	13	HalfAwayFromZero	522	0	4504
atan	18	13	HalfToEven	522	0	4504
atan	18	13	HalfTowardZero	522	0	4504
atan	18	13	Trunc	522	0	4504
atan	18	13	ZeroFiveUp	522	0	4504
atan	18	17	AwayFromZero	664	0	4362
atan	18	17	Ceiling	664	0	4362
atan	18	17	Floor	664	0	4362
atan	18	17	HalfAwayFromZero	664	0	4362
atan	18	17	HalfToEven	664	0	4362
atan	18	17	HalfTowardZero	664	0	4362
atan	18	17	Trunc	664	0	4362
atan	18	17	ZeroFiveUp	664	0	4362
atan	18	3	AwayFromZero	118	0	4908
atan	18	3	Ceiling	118	0	4908
atan	18	3	Floor	118	0	4908
atan	18	3	HalfAwayFromZero	118	0	4908
atan	18	3	HalfToEven	118	0	4908
atan	18	3	HalfTowardZero	118	0	4908
atan	18	3	Trunc	118	0	4908
atan	18	3	ZeroFiveUp	118	0	4908
atan	18	4	AwayFromZero	254	0	4772
atan	18	4	Ceiling	254	0	4772
atan	18	4	Floor	254	0	4772
atan	18	4	HalfAwayFromZero	254	0	4772
atan	18	4	HalfToEven	254	0	4772
atan	18	4	HalfTowardZero	254	0	4772
atan	18	4	Trunc	254	0	4772
atan	18	4	ZeroFiveUp	254	0	4772
atan	18	9	AwayFromZero	416	0	4610
atan	18	9	Ceiling	416	0	4610
atan	18	9	Floor	416	0	4610
atan	18	9	HalfAwayFromZero	416	0	4610
atan	18	9	HalfToEven	416	0	4610
atan	18	9	HalfTowardZero	416	0	4610
atan	18	9	Trunc	416	0	4610
atan	18	9	ZeroFiveUp	416	0	4610
atan	230	0	AwayFromZero	1216	0	3810
atan	230	0	Ceiling	1216	0	3810
atan	230	0	Floor	1216	0	3810
atan	230	0	HalfAwayFromZero	1216	0	3810
atan	230	0	HalfToEven	1216	0	3810
atan	230	0	HalfTowardZero	1216	0	3810
atan	230	0	Trunc	1216	0	3810
atan	230	0	ZeroFiveUp	1216	0	3810
atan	230	115	AwayFromZero	4278	0	748
atan	230	115	Ceiling	4278	0	748
atan	230	115	Floor	4278	0	748
atan	230	115	HalfAwayFromZero	4278	0	748
atan	230	115	HalfToEven	4278	0	748
atan	230	115	HalfTowardZero	4278	0	748
atan	230	115	Trunc	4278	0	748
atan	230	115	ZeroFiveUp	4278	0	748
atan	230	172	AwayFromZero	3949	0	1077
atan	230	172	Ceiling	3949	0	1077
atan	230	172	Floor	3949	0	1077
atan	230	172	HalfAwayFromZero	3949	0	1077
atan	230	172	HalfToEven	3949	0	1077
atan	230	172	HalfTowardZero	3949	0	1077
atan	230	172	Trunc	3949	0	1077
atan	230	172	ZeroFiveUp	3949	0	1077
atan	230	229	AwayFromZero	2777	0	2249
atan	230	229	Ceiling	2777	0	2249
atan	230	229	Floor	2777	0	2249
atan	230	229	HalfAwayFromZero	2777	0	2249
atan	230	229	HalfToEven	2777	0	2249
atan	230	229	HalfTowardZero	2777	0	2249
atan	230	229	Trunc	2777	0	2249
atan	230	229	ZeroFiveUp	2777	0	2249
atan	230	30	AwayFromZero	4186	0	840
atan	230	30	Ceiling	4186	0	840
atan	230	30	Floor	4186	0	840
atan	230	30	HalfAwayFromZero	4186	0	840
atan	230	30	HalfToEven	4186	0	840
atan	230	30	HalfTowardZero	4186	0	840
atan	230	30	Trunc	4186	0	840
atan	230	30	ZeroFiveUp	4186	0	840
atan	230	57	AwayFromZero	4424	0	602
atan	230	57	Ceiling	4424	0	602
atan	230	57	Floor	4424	0	602
atan	230	57	HalfAwayFromZero	4424	0	602
atan	230	57	HalfToEven	4424	0	602
atan	230	57	HalfTowardZero	4424	0	602
atan	230	57	Trunc	4424	0	602
atan	230	57	ZeroFiveUp	4424	0	602
atan	307	0	AwayFromZero	1322	0	3704
atan	307	0	Ceiling	1322	0	3704
atan	307	0	Floor	1322	0	3704
atan	307	0	HalfAwayFromZero	1322	0	3704
atan	307	0	HalfToEven	1322	0	3704
atan	307	0	HalfTowardZero	1322	0	3704
atan	307	0	Trunc	1322	0	3704
atan	307	0	ZeroFiveUp	1322	0	3704
atan	307	120	AwayFromZero	4428	0	598
atan	307	120	Ceiling	4428	0	598
atan	307	120	Floor	4428	0	598
atan	307	120	HalfAwayFromZero	4428	0	598
atan	307	120	HalfToEven	4428	0	598
atan	307	120	HalfTowardZero	4428	0	598
atan	307	120	Trunc	4428	0	598
atan	307	120	ZeroFiveUp	4428	0	598
atan	307	153	AwayFromZero	4392	0	634
atan	307	153	Ceiling	4392	0	634
atan	307	153	Floor	4392	0	634
atan	307	153	HalfAwayFromZero	4392	0	634
atan	307	153	HalfToEven	4392	0	634
atan	307	153	HalfTowardZero	4392	0	634
atan	307	153	Trunc	4392	0	634
atan	307	153	ZeroFiveUp	4392	0	634
atan	307	230	AwayFromZero	4080	0	946
atan	307	230	Ceiling	4080	0	946
atan	307	230	Floor	4080	0	946
atan	307	230	HalfAwayFromZero	4080	0	946
atan	307	230	HalfToEven	4080	0	946
atan	307	230	HalfTowardZero	4080	0	946
atan	307	230	Trunc	4080	0	946
atan	307	230	ZeroFiveUp	4080	0	946
atan	307	290	AwayFromZero	3327	0	1699
atan	307	290	Ceiling	3327	0	1699
atan	307	290	Floor	3327	0	1699
atan	307	290	HalfAwayFromZero	3327	0	1699
atan	307	290	HalfToEven	3327	0	1699
atan	307	290	HalfTowardZero	3327	0	1699
atan	307	290	Trunc	3327	0	1699
atan	307	290	ZeroFiveUp	3327	0	1699
atan	307	30	AwayFromZero	4326	0	700
atan	307	30	Ceiling	4326	0	700
atan	307	30	Floor	4326	0	700
atan	307	30	HalfAwayFromZero	4326	0	700
atan	307	30	HalfToEven	4326	0	700
atan	307	30	HalfTowardZero	4326	0	700
atan	307	30	Trunc	4326	0	700
atan	307	30	ZeroFiveUp	4326	0	700
atan	307	306	AwayFromZero	2778	0	2248
atan	307	306	Ceiling	2778	0	2248
atan	307	306	Floor	2778	0	2248
atan	307	306	HalfAwayFromZero	2778	0	2248
atan	307	306	HalfToEven	2778	0	2248
atan	307	306	HalfTowardZero	2778	0	2248
atan	307	306	Trunc	2778	0	2248
atan	307	306	ZeroFiveUp	2778	0	2248
atan	307	50	AwayFromZero	4564	0	462
atan	307	50	Ceiling	4564	0	462
atan	307	50	Floor	4564	0	462
atan	307	50	HalfAwayFromZero	4564	0	462
atan	307	50	HalfToEven	4564	0	462
atan	307	50	HalfTowardZero	4564	0	462
atan	307	50	Trunc	4564	0	462
atan	307	50	ZeroFiveUp	4564	0	462
atan	307	70	AwayFromZero	4565	0	461
atan	307	70	Ceiling	4565	0	461
atan	307	70	Floor	4565	0	461
atan	307	70	HalfAwayFromZero	4565	0	461
atan	307	70	HalfToEven	4565	0	461
atan	307	70	HalfTowardZero	4565	0	461
atan	307	70	Trunc	4565	0	461
atan	307	70	ZeroFiveUp	4565	0	461
atan	307	76	AwayFromZero	4565	0	461
atan	307	76	Ceiling	4565	0	461
atan	307	76	Floor	4565	0	461
atan	307	76	HalfAwayFromZero	4565	0	461
atan	307	76	HalfToEven	4565	0	461
atan	307	76	HalfTowardZero	4565	0	461
atan	307	76	Trunc	4565	0	461
atan	307	76	ZeroFiveUp	4565	0	461
atan	38	0	AwayFromZero	348	0	4678
atan	38	0	Ceiling	348	0	4678
atan	38	0	Floor	348	0	4678
atan	38	0	HalfAwayFromZero	348	0	4678
atan	38	0	HalfToEven	348	0	4678
atan	38	0	HalfTowardZero	348	0	4678
atan	38	0	Trunc	348	0	4678
atan	38	0	ZeroFiveUp	348	0	4678
atan	38	10	AwayFromZero	769	0	4257
atan	38	10	Ceiling	769	0	4257
atan	38	10	Floor	769	0	4257
atan	38	10	HalfAwayFromZero	769	0	4257
atan	38	10	HalfToEven	769	0	4257
atan	38	10	HalfTowardZero	769	0	4257
atan	38	10	Trunc	769	0	4257
atan	38	10	ZeroFiveUp	769	0	4257
atan	38	12	AwayFromZero	743	0	4283
atan	38	12	Ceiling	743	0	4283
atan	38	12	Floor	743	0	4283
atan	38	12	HalfAwayFromZero	743	0	4283
atan	38	12	HalfToEven	743	0	4283
atan	38	12	HalfTowardZero	743	0	4283
atan	38	12	Trunc	743	0	4283
atan	38	12	ZeroFiveUp	743	0	4283
atan	38	17	AwayFromZero	1136	0	3890
atan	38	17	Ceiling	1136	0	3890
atan	38	17	Floor	1136	0	3890
atan	38	17	HalfAwayFromZero	1136	0	3890
atan	38	17	HalfToEven	1136	0	3890
atan	38	17	HalfTowardZero	1136	0	3890
atan	38	17	Trunc	1136	0	3890
atan	38	17	ZeroFiveUp	1136	0	3890
atan	38	18	AwayFromZero	1147	0	3879
atan	38	18	Ceiling	1147	0	3879
atan	38	18	Floor	1147	0	3879
atan	38	18	HalfAwayFromZero	1147	0	3879
atan	38	18	HalfToEven	1147	0	3879
atan	38	18	HalfTowardZero	1147	0	3879
atan	38	18	Trunc	1147	0	3879
atan	38	18	ZeroFiveUp	1147	0	3879
atan	38	19	AwayFromZero	1286	0	3740
atan	38	19	Ceiling	1286	0	3740
atan	38	19	Floor	1286	0	3740
atan	38	19	HalfAwayFromZero	1286	0	3740
atan	38	19	HalfToEven	1286	0	3740
atan	38	19	HalfTowardZero	1286	0	3740
atan	38	19	Trunc	1286	0	3740
atan	38	19	ZeroFiveUp	1286	0	3740
atan	38	2	AwayFromZero	352	0	4674
atan	38	2	Ceiling	352	0	4674
atan	38	2	Floor	352	0	4674
atan	38	2	HalfAwayFromZero	352	0	4674
atan	38	2	HalfToEven	352	0	4674
atan	38	2	HalfTowardZero	352	0	4674
atan	38	2	Trunc	352	0	4674
atan	38	2	ZeroFiveUp	352	0	4674
atan	38	28	AwayFromZero	2379	0	2647
atan	38	28	Ceiling	2379	0	2647
atan	38	28	Floor	2379	0	2647
atan	38	28	HalfAwayFromZero	2379	0	2647
atan	38	28	HalfToEven	2379	0	2647
atan	38	28	HalfTowardZero	2379	0	2647
atan	38	28	Trunc	2379	0	2647
atan	38	28	ZeroFiveUp	2379	0	2647
atan	38	37	AwayFromZero	2757	0	2269
atan	38	37	Ceiling	2757	0	2269
atan	38	37	Floor	2757	0	2269
atan	38	37	HalfAwayFromZero	2757	0	2269
atan	38	37	HalfToEven	2757	0	2269
atan	38	37	HalfTowardZero	2757	0	2269
atan	38	37	Trunc	2757	0	2269
atan	38	37	ZeroFiveUp	2757	0	2269
atan	38	6	AwayFromZero	518	0	4508
atan	38	6	Ceiling	518	0	4508
atan	38	6	Floor	518	0	4508
atan	38	6	HalfAwayFromZero	518	0	4508
atan	38	6	HalfToEven	518	0	4508
atan	38	6	HalfTowardZero	518	0	4508
atan	38	6	Trunc	518	0	4508
atan	38	6	ZeroFiveUp	518	0	4508
atan	38	9	AwayFromZero	740	0	4286
atan	38	9	Ceiling	740	0	4286
atan	38	9	Floor	740	0	4286
atan	38	9	HalfAwayFromZero	740	0	4286
atan	38	9	HalfToEven	740	0	4286
atan	38	9	HalfTowardZero	740	0	4286
atan	38	9	Trunc	740	0	4286
atan	38	9	ZeroFiveUp	740	0	4286
atan	462	0	AwayFromZero	1462	0	3564
atan	462	0	Ceiling	1462	0	3564
atan	462	0	Floor	1462	0	3564
atan	462	0	HalfAwayFromZero	1462	0	3564
atan	462	0	HalfToEven	1462	0	3564
atan	462	0	HalfTowardZero	1462	0	3564
atan	462	0	Trunc	1462	0	3564
atan	462	0	ZeroFiveUp	1462	0	3564
atan	462	100	AwayFromZero	4707	0	319
atan	462	100	Ceiling	4707	0	319
atan	462	100	Floor	4707	0	319
atan	462	100	HalfAwayFromZero	4707	0	319
atan	462	100	HalfToEven	4707	0	319
atan	462	100	HalfTowardZero	4707	0	319
atan	462	100	Trunc	4707	0	319
atan	462	100	ZeroFiveUp	4707	0	319
atan	462	115	AwayFromZero	4707	0	319
atan	462	115	Ceiling	4707	0	319
atan	462	115	Floor	4707	0	319
atan	462	115	HalfAwayFromZero	4707	0	319
atan	462	115	HalfToEven	4707	0	319
atan	462	115	HalfTowardZero	4707	0	319
atan	462	115	Trunc	4707	0	319
atan	462	115	ZeroFiveUp	4707	0	319
atan	462	180	AwayFromZero	4568	0	458
atan	462	180	Ceiling	4568	0	458
atan	462	180	Floor	4568	0	458
atan	462	180	HalfAwayFromZero	4568	0	458
atan	462	180	HalfToEven	4568	0	458
atan	462	180	HalfTowardZero	4568	0	458
atan	462	180	Trunc	4568	0	458
atan	462	180	ZeroFiveUp	4568	0	458
atan	462	231	AwayFromZero	4568	0	458
atan	462	231	Ceiling	4568	0	458
atan	462	231	Floor	4568	0	458
atan	462	231	HalfAwayFromZero	4568	0	458
atan	462	231	HalfToEven	4568	0	458
atan	462	231	HalfTowardZero	4568	0	458
atan	462	231	Trunc	4568	0	458
atan	462	231	ZeroFiveUp	4568	0	458
atan	462	30	AwayFromZero	4468	0	558
atan	462	30	Ceiling	4468	0	558
atan	462	30	Floor	4468	0	558
atan	462	30	HalfAwayFromZero	4468	0	558
atan	462	30	HalfToEven	4468	0	558
atan	462	30	HalfTowardZero	4468	0	558
atan	462	30	Trunc	4468	0	558
atan	462	30	ZeroFiveUp	4468	0	558
atan	462	346	AwayFromZero	4281	0	745
atan	462	346	Ceiling	4281	0	745
atan	462	346	Floor	4281	0	745
atan	462	346	HalfAwayFromZero	4281	0	745
atan	462	346	HalfToEven	4281	0	745
atan	462	346	HalfTowardZero	4281	0	745
atan	462	346	Trunc	4281	0	745
atan	462	346	ZeroFiveUp	4281	0	745
atan	462	461	AwayFromZero	2762	0	2264
atan	462	461	Ceiling	2762	0	2264
atan	462	461	Floor	2762	0	2264
atan	462	461	HalfAwayFromZero	2762	0	2264
atan	462	461	HalfToEven	2762	0	2264
atan	462	461	HalfTowardZero	2762	0	2264
atan	462	461	Trunc	2762	0	2264
atan	462	461	ZeroFiveUp	2762	0	2264
atan	57	0	AwayFromZero	597	0	4429
atan	57	0	Ceiling	597	0	4429
atan	57	0	Floor	597	0	4429
atan	57	0	HalfAwayFromZero	597	0	4429
atan	57	0	HalfToEven	597	0	4429
atan	57	0	HalfTowardZero	597	0	4429
atan	57	0	Trunc	597	0	4429
atan	57	0	ZeroFiveUp	597	0	4429
atan	57	14	AwayFromZero	1344	0	3682
atan	57	14	Ceiling	1344	0	3682
atan	57	14	Floor	1344	0	3682
atan	57	14	HalfAwayFromZero	1344	0	3682
atan	57	14	HalfToEven	1344	0	3682
atan	57	14	HalfTowardZero	1344	0	3682
atan	57	14	Trunc	1344	0	3682
atan	57	14	ZeroFiveUp	1344	0	3682
atan	57	20	AwayFromZero	1677	0	3349
atan	57	20	Ceiling	1677	0	3349
atan	57	20	Floor	1677	0	3349
atan	57	20	HalfAwayFromZero	1677	0	3349
atan	57	20	HalfToEven	1677	0	3349
atan	57	20	HalfTowardZero	1677	0	3349
atan	57	20	Trunc	1677	0	3349
atan	57	20	ZeroFiveUp	1677	0	3349
atan	57	28	AwayFromZero	2874	0	2152
atan	57	28	Ceiling	2874	0	2152
atan	57	28	Floor	2874	0	2152
atan	57	28	HalfAwayFromZero	2874	0	2152
atan	57	28	HalfToEven	2874	0	2152
atan	57	28	HalfTowardZero	2874	0	2152
atan	57	28	Trunc	2874	0	2152
atan	57	28	ZeroFiveUp	2874	0	2152
atan	57	30	AwayFromZero	3242	0	1784
atan	57	30	Ceiling	3242	0	1784
atan	57	30	Floor	3242	0	1784
atan	57	30	HalfAwayFromZero	3242	0	1784
atan	57	30	HalfToEven	3242	0	1784
atan	57	30	HalfTowardZero	3242	0	1784
atan	57	30	Trunc	3242	0	1784
atan	57	30	ZeroFiveUp	3242	0	1784
atan	57	42	AwayFromZero	3230	0	1796
atan	57	42	Ceiling	3230	0	1796
atan	57	42	Floor	3230	0	1796
atan	57	42	HalfAwayFromZero	3230	0	1796
atan	57	42	HalfToEven	3230	0	1796
atan	57	42	HalfTowardZero	3230	0	1796
atan	57	42	Trunc	3230	0	1796
atan	57	42	ZeroFiveUp	3230	0	1796
atan	57	56	AwayFromZero	2762	0	2264
atan	57	56	Ceiling	2762	0	2264
atan	57	56	Floor	2762	0	2264
atan	57	56	HalfAwayFromZero	2762	0	2264
atan	57	56	HalfToEven	2762	0	2264
atan	57	56	HalfTowardZero	2762	0	2264
atan	57	56	Trunc	2762	0	2264
atan	57	56	ZeroFiveUp	2762	0	2264
atan	616	0	AwayFromZero	1532	0	3494
atan	616	0	Ceiling	1532	0	3494
atan	616	0	Floor	1532	0	3494
atan	616	0	HalfAwayFromZero	1532	0	3494
atan	616	0	HalfToEven	1532	0	3494
atan	616	0	HalfTowardZero	1532	0	3494
atan	616	0	Trunc	1532	0	3494
atan	616	0	ZeroFiveUp	1532	0	3494
atan	616	130	AwayFromZero	4814	0	212
atan	616	130	Ceiling	4814	0	212
atan	616	130	Floor	4814	0	212
atan	616	130	HalfAwayFromZero	4814	0	212
atan	616	130	HalfToEven	4814	0	212
atan	616	130	HalfTowardZero	4814	0	212
atan	616	130	Trunc	4814	0	212
atan	616	130	ZeroFiveUp	4814	0	212
atan	616	154	AwayFromZero	4814	0	212
atan	616	154	Ceiling	4814	0	212
atan	616	154	Floor	4814	0	212
atan	616	154	HalfAwayFromZero	4814	0	212
atan	616	154	HalfToEven	4814	0	212
atan	616	154	HalfTowardZero	4814	0	212
atan	616	154	Trunc	4814	0	212
atan	616	154	ZeroFiveUp	4814	0	212
atan	616	240	AwayFromZero	4710	0	316
atan	616	240	Ceiling	4710	0	316
atan	616	240	Floor	4710	0	316
atan	616	240	HalfAwayFromZero	4710	0	316
atan	616	240	HalfToEven	4710	0	316
atan	616	240	HalfTowardZero	4710	0	316
atan	616	240	Trunc	4710	0	316
atan	616	240	ZeroFiveUp	4710	0	316
atan	616	30	AwayFromZero	4572	0	454
atan	616	30	Ceiling	4572	0	454
atan	616	30	Floor	4572	0	454
atan	616	30	HalfAwayFromZero	4572	0	454
atan	616	30	HalfToEven	4572	0	454
atan	616	30	HalfTowardZero	4572	0	454
atan	616	30	Trunc	4572	0	454
atan	616	30	ZeroFiveUp	4572	0	454
atan	616	308	AwayFromZero	4674	0	352
atan	616	308	Ceiling	4674	0	352
atan	616	308	Floor	4674	0	352
atan	616	308	HalfAwayFromZero	4674	0	352
atan	616	308	HalfToEven	4674	0	352
atan	616	308	HalfTowardZero	4674	0	352
atan	616	308	Trunc	4674	0	352
atan	616	308	ZeroFiveUp	4674	0	352
atan	616	462	AwayFromZero	4392	0	634
atan	616	462	Ceiling	4392	0	634
atan	616	462	Floor	4392	0	634
atan	616	462	HalfAwayFromZero	4392	0	634
atan	616	462	HalfToEven	4392	0	634
atan	616	462	HalfTowardZero	4392	0	634
atan	616	462	Trunc	4392	0	634
atan	616	462	ZeroFiveUp	4392	0	634
atan	616	590	AwayFromZero	3437	0	1589
atan	616	590	Ceiling	3437	0	1589
atan	616	590	Floor	3437	0	1589
atan	616	590	HalfAwayFromZero	3437	0	1589
atan	616	590	HalfToEven	3437	0	1589
atan	616	590	HalfTowardZero	3437	0	1589
atan	616	590	Trunc	3437	0	1589
atan	616	590	ZeroFiveUp	3437	0	1589
atan	616	615	AwayFromZero	2762	0	2264
atan	616	615	Ceiling	2762	0	2264
atan	616	615	Floor	2762	0	2264
atan	616	615	HalfAwayFromZero	2762	0	2264
atan	616	615	HalfToEven	2762	0	2264
atan	616	615	HalfTowardZero	2762	0	2264
atan	616	615	Trunc	2762	0	2264
atan	616	615	ZeroFiveUp	2762	0	2264
atan	76	0	AwayFromZero	728	0	4298
atan	76	0	Ceiling	728	0	4298
atan	76	0	Floor	728	0	4298
atan	76	0	HalfAwayFromZero	728	0	4298
atan	76	0	HalfToEven	728	0	4298
atan	76	0	HalfTowardZero	728	0	4298
atan	76	0	Trunc	728	0	4298
atan	76	0	ZeroFiveUp	728	0	4298
atan	76	18	AwayFromZero	1767	0	3259
atan	76	18	Ceiling	1767	0	3259
atan	76	18	Floor	1767	0	3259
atan	76	18	HalfAwayFromZero	1767	0	3259
atan	76	18	HalfToEven	1767	0	3259
atan	76	18	HalfTowardZero	1767	0	3259
atan	76	18	Trunc	1767	0	3259
atan	76	18	ZeroFiveUp	1767	0	3259
atan	76	19	AwayFromZero	1907	0	3119
atan	76	19	Ceiling	1907	0	3119
atan	76	19	Floor	1907	0	3119
atan	76	19	HalfAwayFromZero	1907	0	3119
atan	76	19	HalfToEven	1907	0	3119
atan	76	19	HalfTowardZero	1907	0	3119
atan	76	19	Trunc	1907	0	3119
atan	76	19	ZeroFiveUp	1907	0	3119
atan	76	38	AwayFromZero	3702	0	1324
atan	76	38	Ceiling	3702	0	1324
atan	76	38	Floor	3702	0	1324
atan	76	38	HalfAwayFromZero	3702	0	1324
atan	76	38	HalfToEven	3702	0	1324
atan	76	38	HalfTowardZero	3702	0	1324
atan	76	38	Trunc	3702	0	1324
atan	76	38	ZeroFiveUp	3702	0	1324
atan	76	40	AwayFromZero	3665	0	1361
atan	76	40	Ceiling	3665	0	1361
atan	76	40	Floor	3665	0	1361
atan	76	40	HalfAwayFromZero	3665	0	1361
atan	76	40	HalfToEven	3665	0	1361
atan	76	40	HalfTowardZero	3665	0	1361
atan	76	40	Trunc	3665	0	1361
atan	76	40	ZeroFiveUp	3665	0	1361
atan	76	57	AwayFromZero	3325	0	1701
atan	76	57	Ceiling	3325	0	1701
atan	76	57	Floor	3325	0	1701
atan	76	57	HalfAwayFromZero	3325	0	1701
atan	76	57	HalfToEven	3325	0	1701
atan	76	57	HalfTowardZero	3325	0	1701
atan	76	57	Trunc	3325	0	1701
atan	76	57	ZeroFiveUp	3325	0	1701
atan	76	75	AwayFromZero	2769	0	2257
atan	76	75	Ceiling	2769	0	2257
atan	76	75	Floor	2769	0	2257
atan	76	75	HalfAwayFromZero	2769	0	2257
atan	76	75	HalfToEven	2769	0	2257
atan	76	75	HalfTowardZero	2769	0	2257
atan	76	75	Trunc	2769	0	2257
atan	76	75	ZeroFiveUp	2769	0	2257
atan	924	0	AwayFromZero	1638	0	3388
atan	924	0	Ceiling	1638	0	3388
atan	924	0	Floor	1638	0	3388
atan	924	0	HalfAwayFromZero	1638	0	3388
atan	924	0	HalfToEven	1638	0	3388
atan	924	0	HalfTowardZero	1638	0	3388
atan	924	0	Trunc	1638	0	3388
atan	924	0	ZeroFiveUp	1638	0	3388
atan	924	180	AwayFromZero	4920	0	106
atan	924	180	Ceiling	4920	0	106
atan	924	180	Floor	4920	0	106
atan	924	180	HalfAwayFromZero	4920	0	106
atan	924	180	HalfToEven	4920	0	106
atan	924	180	HalfTowardZero	4920	0	106
atan	924	180	Trunc	4920	0	106
atan	924	180	ZeroFiveUp	4920	0	106
atan	924	231	AwayFromZero	4920	0	106
atan	924	231	Ceiling	4920	0	106
atan	924	231	Floor	4920	0	106
atan	924	231	HalfAwayFromZero	4920	0	106
atan	924	231	HalfToEven	4920	0	106
atan	924	231	HalfTowardZero	4920	0	106
atan	924	231	Trunc	4920	0	106
atan	924	231	ZeroFiveUp	4920	0	106
atan	924	30	AwayFromZero	4678	0	348
atan	924	30	Ceiling	4678	0	348
atan	924	30	Floor	4678	0	348
atan	924	30	HalfAwayFromZero	4678	0	348
atan	924	30	HalfToEven	4678	0	348
atan	924	30	HalfTowardZero	4678	0	348
atan	924	30	Trunc	4678	0	348
atan	924	30	ZeroFiveUp	4678	0	348
atan	924	350	AwayFromZero	4814	0	212
atan	924	350	Ceiling	4814	0	212
atan	924	350	Floor	4814	0	212
atan	924	350	HalfAwayFromZero	4814	0	212
atan	924	350	HalfToEven	4814	0	212
atan	924	350	HalfTowardZero	4814	0	212
atan	924	350	Trunc	4814	0	212
atan	924	350	ZeroFiveUp	4814	0	212
atan	924	462	AwayFromZero	4814	0	212
atan	924	462	Ceiling	4814	0	212
atan	924	462	Floor	4814	0	212
atan	924	462	HalfAwayFromZero	4814	0	212
atan	924	462	HalfToEven	4814	0	212
atan	924	462	HalfTowardZero	4814	0	212
atan	924	462	Trunc	4814	0	212
atan	924	462	ZeroFiveUp	4814	0	212
atan	924	693	AwayFromZero	4568	0	458
atan	924	693	Ceiling	4568	0	458
atan	924	693	Floor	4568	0	458
atan	924	693	HalfAwayFromZero	4568	0	458
atan	924	693	HalfToEven	4568	0	458
atan	924	693	HalfTowardZero	4568	0	458
atan	924	693	Trunc	4568	0	458
atan	924	693	ZeroFiveUp	4568	0	458
atan	924	900	AwayFromZero	3399	0	1627
atan	924	900	Ceiling	3399	0	1627
atan	924	900	Floor	3399	0	1627
atan	924	900	HalfAwayFromZero	3399	0	1627
atan	924	900	HalfToEven	3399	0	1627
atan	924	900	HalfTowardZero	3399	0	1627
atan	924	900	Trunc	3399	0	1627
atan	924	900	ZeroFiveUp	3399	0	1627
atan	924	923	AwayFromZero	2764	0	2262
atan	924	923	Ceiling	2764	0	2262
atan	924	923	Floor	2764	0	2262
atan	924	923	HalfAwayFromZero	2764	0	2262
atan	924	923	HalfToEven	2764	0	2262
atan	924	923	HalfTowardZero	2764	0	2262
atan	924	923	Trunc	2764	0	2262
atan	924	923	ZeroFiveUp	2764	0	2262
atan2	115	0	AwayFromZero	1115	0	3822
atan2	115	0	Ceiling	1115	0	3822
atan2	115	0	Floor	1115	0	3822
atan2	115	0	HalfAwayFromZero	1115	0	3822
atan2	115	0	HalfToEven	1115	0	3822
atan2	115	0	HalfTowardZero	1115	0	3822
atan2	115	0	Trunc	1115	0	3822
atan2	115	0	ZeroFiveUp	1115	0	3822
atan2	115	114	AwayFromZero	456	0	4481
atan2	115	114	Ceiling	456	0	4481
atan2	115	114	Floor	456	0	4481
atan2	115	114	HalfAwayFromZero	456	0	4481
atan2	115	114	HalfToEven	456	0	4481
atan2	115	114	HalfTowardZero	456	0	4481
atan2	115	114	Trunc	456	0	4481
atan2	115	114	ZeroFiveUp	456	0	4481
atan2	115	28	AwayFromZero	4786	0	151
atan2	115	28	Ceiling	4786	0	151
atan2	115	28	Floor	4786	0	151
atan2	115	28	HalfAwayFromZero	4786	0	151
atan2	115	28	HalfToEven	4786	0	151
atan2	115	28	HalfTowardZero	4786	0	151
atan2	115	28	Trunc	4786	0	151
atan2	115	28	ZeroFiveUp	4786	0	151
atan2	115	50	AwayFromZero	4840	0	97
atan2	115	50	Ceiling	4840	0	97
atan2	115	50	Floor	4840	0	97
atan2	115	50	HalfAwayFromZero	4840	0	97
atan2	115	50	HalfToEven	4840	0	97
atan2	115	50	HalfTowardZero	4840	0	97
atan2	115	50	Trunc	4840	0	97
atan2	115	50	ZeroFiveUp	4840	0	97
atan2	115	57	AwayFromZero	4846	0	91
atan2	115	57	Ceiling	4846	0	91
atan2	115	57	Floor	4846	0	91
atan2	115	57	HalfAwayFromZero	4846	0	91
atan2	115	57	HalfToEven	4846	0	91
atan2	115	57	HalfTowardZero	4846	0	91
atan2	115	57	Trunc	4846	0	91
atan2	115	57	ZeroFiveUp	4846	0	91
atan2	115	86	AwayFromZero	4858	0	79
atan2	115	86	Ceiling	4858	0	79
atan2	115	86	Floor	4858	0	79
atan2	115	86	HalfAwayFromZero	4858	0	79
atan2	115	86	HalfToEven	4858	0	79
atan2	115	86	HalfTowardZero	4858	0	79
atan2	115	86	Trunc	4858	0	79
atan2	115	86	ZeroFiveUp	4858	0	79
atan2	1232	0	AwayFromZero	1115	0	3822
atan2	1232	0	Ceiling	1115	0	3822
atan2	1232	0	Floor	1115	0	3822
atan2	1232	0	HalfAwayFromZero	1115	0	3822
atan2	1232	0	HalfToEven	1115	0	3822
atan2	1232	0	HalfTowardZero	1115	0	3822
atan2	1232	0	Trunc	1115	0	3822
atan2	1232	0	ZeroFiveUp	1115	0	3822
atan2	1232	1200	AwayFromZero	4937	0	0
atan2	1232	1200	Ceiling	4937	0	0
atan2	1232	1200	Floor	4937	0	0
atan2	1232	1200	HalfAwayFromZero	4937	0	0
atan2	1232	1200	HalfToEven	4937	0	0
atan2	1232	1200	HalfTowardZero	4937	0	0
atan2	1232	1200	Trunc	4937	0	0
atan2	1232	1200	ZeroFiveUp	4937	0	0
atan2	1232	1231	AwayFromZero	529	0	4408
atan2	1232	1231	Ceiling	529	0	4408
atan2	1232	1231	Floor	529	0	4408
atan2	1232	1231	HalfAwayFromZero	529	0	4408
atan2	1232	1231	HalfToEven	529	0	4408
atan2	1232	1231	HalfTowardZero	529	0	4408
atan2	1232	1231	Trunc	529	0	4408
atan2	1232	1231	ZeroFiveUp	529	0	4408
atan2	1232	250	AwayFromZero	4901	0	36
atan2	1232	250	Ceiling	4901	0	36
atan2	1232	250	Floor	4901	0	36
atan2	1232	250	HalfAwayFromZero	4901	0	36
atan2	1232	250	HalfToEven	4901	0	36
atan2	1232	250	HalfTowardZero	4901	0	36
atan2	1232	250	Trunc	4901	0	36
atan2	1232	250	ZeroFiveUp	4901	0	36
atan2	1232	30	AwayFromZero	4826	0	111
atan2	1232	30	Ceiling	4826	0	111
atan2	1232	30	Floor	4826	0	111
atan2	1232	30	HalfAwayFromZero	4826	0	111
atan2	1232	30	HalfToEven	4826	0	111
atan2	1232	30	HalfTowardZero	4826	0	111
atan2	1232	30	Trunc	4826	0	111
atan2	1232	30	ZeroFiveUp	4826	0	111
atan2	1232	308	AwayFromZero	4907	0	30
atan2	1232	308	Ceiling	4907	0	30
atan2	1232	308	Floor	4907	0	30
atan2	1232	308	HalfAwayFromZero	4907	0	30
atan2	1232	308	HalfToEven	4907	0	30
atan2	1232	308	HalfTowardZero	4907	0	30
atan2	1232	308	Trunc	4907	0	30
atan2	1232	308	ZeroFiveUp	4907	0	30
atan2	1232	470	AwayFromZero	4919	0	18
atan2	1232	470	Ceiling	4919	0	18
atan2	1232	470	Floor	4919	0	18
atan2	1232	470	HalfAwayFromZero	4919	0	18
atan2	1232	470	HalfToEven	4919	0	18
atan2	1232	470	HalfTowardZero	4919	0	18
atan2	1232	470	Trunc	4919	0	18
atan2	1232	470	ZeroFiveUp	4919	0	18
atan2	1232	616	AwayFromZero	4925	0	12
atan2	1232	616	Ceiling	4925	0	12
atan2	1232	616	Floor	4925	0	12
atan2	1232	616	HalfAwayFromZero	4925	0	12
atan2	1232	616	HalfToEven	4925	0	12
atan2	1232	616	HalfTowardZero	4925	0	12
atan2	1232	616	Trunc	4925	0	12
atan2	1232	616	ZeroFiveUp	4925	0	12
atan2	1232	924	AwayFromZero	4937	0	0
atan2	1232	924	Ceiling	4937	0	0
atan2	1232	924	Floor	4937	0	0
atan2	1232	924	HalfAwayFromZero	4937	0	0
atan2	1232	924	HalfToEven	4937	0	0
atan2	1232	924	HalfTowardZero	4937	0	0
atan2	1232	924	Trunc	4937	0	0
atan2	1232	924	ZeroFiveUp	4937	0	0
atan2	153	0	AwayFromZero	1115	0	3822
atan2	153	0	Ceiling	1115	0	3822
atan2	153	0	Floor	1115	0	3822
atan2	153	0	HalfAwayFromZero	1115	0	3822
atan2	153	0	HalfToEven	1115	0	3822
atan2	153	0	HalfTowardZero	1115	0	3822
atan2	153	0	Trunc	1115	0	3822
atan2	153	0	ZeroFiveUp	1115	0	3822
atan2	153	114	AwayFromZero	4864	0	73
atan2	153	114	Ceiling	4864	0	73
atan2	153	114	Floor	4864	0	73
atan2	153	114	HalfAwayFromZero	4864	0	73
atan2	153	114	HalfToEven	4864	0	73
atan2	153	114	HalfTowardZero	4864	0	73
atan2	153	114	Trunc	4864	0	73
atan2	153	114	ZeroFiveUp	4864	0	73
atan2	153	152	AwayFromZero	463	0	4474
atan2	153	152	Ceiling	463	0	4474
atan2	153	152	Floor	463	0	4474
atan2	153	152	HalfAwayFromZero	463	0	4474
atan2	153	152	HalfToEven	463	0	4474
atan2	153	152	HalfTowardZero	463	0	4474
atan2	153	152	Trunc	463	0	4474
atan2	153	152	ZeroFiveUp	463	0	4474
atan2	153	38	AwayFromZero	4834	0	103
atan2	153	38	Ceiling	4834	0	103
atan2	153	38	Floor	4834	0	103
atan2	153	38	HalfAwayFromZero	4834	0	103
atan2	153	38	HalfToEven	4834	0	103
atan2	153	38	HalfTowardZero	4834	0	103
atan2	153	38	Trunc	4834	0	103
atan2	153	38	ZeroFiveUp	4834	0	103
atan2	153	76	AwayFromZero	4852	0	85
atan2	153	76	Ceiling	4852	0	85
atan2	153	76	Floor	4852	0	85
atan2	153	76	HalfAwayFromZero	4852	0	85
atan2	153	76	HalfToEven	4852	0	85
atan2	153	76	HalfTowardZero	4852	0	85
atan2	153	76	Trunc	4852	0	85
atan2	153	76	ZeroFiveUp	4852	0	85
atan2	18	0	AwayFromZero	1115	0	3822
atan2	18	0	Ceiling	1115	0	3822
atan2	18	0	Floor	1115	0	3822
atan2	18	0	HalfAwayFromZero	1115	0	3822
atan2	18	0	HalfToEven	1115	0	3822
atan2	18	0	HalfTowardZero	1115	0	3822
atan2	18	0	Trunc	1115	0	3822
atan2	18	0	ZeroFiveUp	1115	0	3822
atan2	18	13	AwayFromZero	1779	0	3158
atan2	18	13	Ceiling	1779	0	3158
atan2	18	13	Floor	1779	0	3158
atan2	18	13	HalfAwayFromZero	1779	0	3158
atan2	18	13	HalfToEven	1779	0	3158
atan2	18	13	HalfTowardZero	1779	0	3158
atan2	18	13	Trunc	1779	0	3158
atan2	18	13	ZeroFiveUp	1779	0	3158
atan2	18	17	AwayFromZero	89	0	4848
atan2	18	17	Ceiling	89	0	4848
atan2	18	17	Floor	89	0	4848
atan2	18	17	HalfAwayFromZero	89	0	4848
atan2	18	17	HalfToEven	89	0	4848
atan2	18	17	HalfTowardZero	89	0	4848
atan2	18	17	Trunc	89	0	4848
atan2	18	17	ZeroFiveUp	89	0	4848
atan2	18	3	AwayFromZero	1115	0	3822
atan2	18	3	Ceiling	1115	0	3822
atan2	18	3	Floor	1115	0	3822
atan2	18	3	HalfAwayFromZero	1115	0	3822
atan2	18	3	HalfToEven	1115	0	3822
atan2	18	3	HalfTowardZero	1115	0	3822
atan2	18	3	Trunc	1115	0	3822
atan2	18	3	ZeroFiveUp	1115	0	3822
atan2	18	4	AwayFromZero	1287	0	3650
atan2	18	4	Ceiling	1287	0	3650
atan2	18	4	Floor	1287	0	3650
atan2	18	4	HalfAwayFromZero	1287	0	3650
atan2	18	4	HalfToEven	1287	0	3650
atan2	18	4	HalfTowardZero	1287	0	3650
atan2	18	4	Trunc	1287	0	3650
atan2	18	4	ZeroFiveUp	1287	0	3650
atan2	18	9	AwayFromZero	1606	0	3331
atan2	18	9	Ceiling	1606	0	3331
atan2	18	9	Floor	1606	0	3331
atan2	18	9	HalfAwayFromZero	1606	0	3331
atan2	18	9	HalfToEven	1606	0	3331
atan2	18	9	HalfTowardZero	1606	0	3331
atan2	18	9	Trunc	1606	0	3331
atan2	18	9	ZeroFiveUp	1606	0	3331
atan2	230	0	AwayFromZero	1115	0	3822
atan2	230	0	Ceiling	1115	0	3822
atan2	230	0	Floor	1115	0	3822
atan2	230	0	HalfAwayFromZero	1115	0	3822
atan2	230	0	HalfToEven	1115	0	3822
atan2	230	0	HalfTowardZero	1115	0	3822
atan2	230	0	Trunc	1115	0	3822
atan2	230	0	ZeroFiveUp	1115	0	3822
atan2	230	115	AwayFromZero	4870	0	67
atan2	230	115	Ceiling	4870	0	67
atan2	230	115	Floor	4870	0	67
atan2	230	115	HalfAwayFromZero	4870	0	67
atan2	230	115	HalfToEven	4870	0	67
atan2	230	115	HalfTowardZero	4870	0	67
atan2	230	115	Trunc	4870	0	67
atan2	230	115	ZeroFiveUp	4870	0	67
atan2	230	172	AwayFromZero	4889	0	48
atan2	230	172	Ceiling	4889	0	48
atan2	230	172	Floor	4889	0	48
atan2	230	172	HalfAwayFromZero	4889	0	48
atan2	230	172	HalfToEven	4889	0	48
atan2	230	172	HalfTowardZero	4889	0	48
atan2	230	172	Trunc	4889	0	48
atan2	230	172	ZeroFiveUp	4889	0	48
atan2	230	229	AwayFromZero	481	0	4456
atan2	230	229	Ceiling	481	0	4456
atan2	230	229	Floor	481	0	4456
atan2	230	229	HalfAwayFromZero	481	0	4456
atan2	230	229	HalfToEven	481	0	4456
atan2	230	229	HalfTowardZero	481	0	4456
atan2	230	229	Trunc	481	0	4456
atan2	230	229	ZeroFiveUp	481	0	4456
atan2	230	30	AwayFromZero	4826	0	111
atan2	230	30	Ceiling	4826	0	111
atan2	230	30	Floor	4826	0	111
atan2	230	30	HalfAwayFromZero	4826	0	111
atan2	230	30	HalfToEven	4826	0	111
atan2	230	30	HalfTowardZero	4826	0	111
atan2	230	30	Trunc	4826	0	111
atan2	230	30	ZeroFiveUp	4826	0	111
atan2	230	57	AwayFromZero	4846	0	91
atan2	230	57	Ceiling	4846	0	91
atan2	230	57	Floor	4846	0	91
atan2	230	57	HalfAwayFromZero	4846	0	91
atan2	230	57	HalfToEven	4846	0	91
atan2	230	57	HalfTowardZero	4846	0	91
atan2	230	57	Trunc	4846	0	91
atan2	230	57	ZeroFiveUp	4846	0	91
atan2	307	0	AwayFromZero	1115	0	3822
atan2	307	0	Ceiling	1115	0	3822
atan2	307	0	Floor	1115	0	3822
atan2	307	0	HalfAwayFromZero	1115	0	3822
atan2	307	0	HalfToEven	1115	0	3822
atan2	307	0	HalfTowardZero	1115	0	3822
atan2	307	0	Trunc	1115	0	3822
atan2	307	0	ZeroFiveUp	1115	0	3822
atan2	307	120	AwayFromZero	4871	0	66
atan2	307	120	Ceiling	4871	0	66
atan2	307	120	Floor	4871	0	66
atan2	307	120	HalfAwayFromZero	4871	0	66
atan2	307	120	HalfToEven	4871	0	66
atan2	307	120	HalfTowardZero	4871	0	66
atan2	307	120	Trunc	4871	0	66
atan2	307	120	ZeroFiveUp	4871	0	66
atan2	307	153	AwayFromZero	4877	0	60
atan2	307	153	Ceiling	4877	0	60
atan2	307	153	Floor	4877	0	60
atan2	307	153	HalfAwayFromZero	4877	0	60
atan2	307	153	HalfToEven	4877	0	60
atan2	307	153	HalfTowardZero	4877	0	60
atan2	307	153	Trunc	4877	0	60
atan2	307	153	ZeroFiveUp	4877	0	60
atan2	307	230	AwayFromZero	4895	0	42
atan2	307	230	Ceiling	4895	0	42
atan2	307	230	Floor	4895	0	42
atan2	307	230	HalfAwayFromZero	4895	0	42
atan2	307	230	HalfToEven	4895	0	42
atan2	307	230	HalfTowardZero	4895	0	42
atan2	307	230	Trunc	4895	0	42
atan2	307	230	ZeroFiveUp	4895	0	42
atan2	307	290	AwayFromZero	4901	0	36
atan2	307	290	Ceiling	4901	0	36
atan2	307	290	Floor	4901	0	36
atan2	307	290	HalfAwayFromZero	4901	0	36
atan2	307	290	HalfToEven	4901	0	36
atan2	307	290	HalfTowardZero	4901	0	36
atan2	307	290	Trunc	4901	0	36
atan2	307	290	ZeroFiveUp	4901	0	36
atan2	307	30	AwayFromZero	4826	0	111
atan2	307	30	Ceiling	4826	0	111
atan2	307	30	Floor	4826	0	111
atan2	307	30	HalfAwayFromZero	4826	0	111
atan2	307	30	HalfToEven	4826	0	111
atan2	307	30	HalfTowardZero	4826	0	111
atan2	307	30	Trunc	4826	0	111
atan2	307	30	ZeroFiveUp	4826	0	111
atan2	307	306	AwayFromZero	493	0	4444
atan2	307	306	Ceiling	493	0	4444
atan2	307	306	Floor	493	0	4444
atan2	307	306	HalfAwayFromZero	493	0	4444
atan2	307	306	HalfToEven	493	0	4444
atan2	307	306	HalfTowardZero	493	0	4444
atan2	307	306	Trunc	493	0	4444
atan2	307	306	ZeroFiveUp	493	0	4444
atan2	307	50	AwayFromZero	4840	0	97
atan2	307	50	Ceiling	4840	0	97
atan2	307	50	Floor	4840	0	97
atan2	307	50	HalfAwayFromZero	4840	0	97
atan2	307	50	HalfToEven	4840	0	97
atan2	307	50	HalfTowardZero	4840	0	97
atan2	307	50	Trunc	4840	0	97
atan2	307	50	ZeroFiveUp	4840	0	97
atan2	307	70	AwayFromZero	4846	0	91
atan2	307	70	Ceiling	4846	0	91
atan2	307	70	Floor	4846	0	91
atan2	307	70	HalfAwayFromZero	4846	0	91
atan2	307	70	HalfToEven	4846	0	91
atan2	307	70	HalfTowardZero	4846	0	91
atan2	307	70	Trunc	4846	0	91
atan2	307	70	ZeroFiveUp	4846	0	91
atan2	307	76	AwayFromZero	4852	0	85
atan2	307	76	Ceiling	4852	0	85
atan2	307	76	Floor	4852	0	85
atan2	307	76	HalfAwayFromZero	4852	0	85
atan2	307	76	HalfToEven	4852	0	85
atan2	307	76	HalfTowardZero	4852	0	85
atan2	307	76	Trunc	4852	0	85
atan2	307	76	ZeroFiveUp	4852	0	85
atan2	38	0	AwayFromZero	1115	0	3822
atan2	38	0	Ceiling	1115	0	3822
atan2	38	0	Floor	1115	0	3822
atan2	38	0	HalfAwayFromZero	1115	0	3822
atan2	38	0	HalfToEven	1115	0	3822
atan2	38	0	HalfTowardZero	1115	0	3822
atan2	38	0	Trunc	1115	0	3822
atan2	38	0	ZeroFiveUp	1115	0	3822
atan2	38	10	AwayFromZero	1606	0	3331
atan2	38	10	Ceiling	1606	0	3331
atan2	38	10	Floor	1606	0	3331
atan2	38	10	HalfAwayFromZero	1606	0	3331
atan2	38	10	HalfToEven	1606	0	3331
atan2	38	10	HalfTowardZero	1606	0	3331
atan2	38	10	Trunc	1606	0	3331
atan2	38	10	ZeroFiveUp	1606	0	3331
atan2	38	12	AwayFromZero	1611	0	3326
atan2	38	12	Ceiling	1611	0	3326
atan2	38	12	Floor	1611	0	3326
atan2	38	12	HalfAwayFromZero	1611	0	3326
atan2	38	12	HalfToEven	1611	0	3326
atan2	38	12	HalfTowardZero	1611	0	3326
atan2	38	12	Trunc	1611	0	3326
atan2	38	12	ZeroFiveUp	1611	0	3326
atan2	38	17	AwayFromZero	1961	0	2976
atan2	38	17	Ceiling	1961	0	2976
atan2	38	17	Floor	1961	0	2976
atan2	38	17	HalfAwayFromZero	1961	0	2976
atan2	38	17	HalfToEven	1961	0	2976
atan2	38	17	HalfTowardZero	1961	0	2976
atan2	38	17	Trunc	1961	0	2976
atan2	38	17	ZeroFiveUp	1961	0	2976
atan2	38	18	AwayFromZero	1963	0	2974
atan2	38	18	Ceiling	1963	0	2974
atan2	38	18	Floor	1963	0	2974
atan2	38	18	HalfAwayFromZero	1963	0	2974
atan2	38	18	HalfToEven	1963	0	2974
atan2	38	18	HalfTowardZero	1963	0	2974
atan2	38	18	Trunc	1963	0	2974
atan2	38	18	ZeroFiveUp	1963	0	2974
atan2	38	19	AwayFromZero	2219	0	2718
atan2	38	19	Ceiling	2219	0	2718
atan2	38	19	Floor	2219	0	2718
atan2	38	19	HalfAwayFromZero	2219	0	2718
atan2	38	19	HalfToEven	2219	0	2718
atan2	38	19	HalfTowardZero	2219	0	2718
atan2	38	19	Trunc	2219	0	2718
atan2	38	19	ZeroFiveUp	2219	0	2718
atan2	38	2	AwayFromZero	1115	0	3822
atan2	38	2	Ceiling	1115	0	3822
atan2	38	2	Floor	1115	0	3822
atan2	38	2	HalfAwayFromZero	1115	0	3822
atan2	38	2	HalfToEven	1115	0	3822
atan2	38	2	HalfTowardZero	1115	0	3822
atan2	38	2	Trunc	1115	0	3822
atan2	38	2	ZeroFiveUp	1115	0	3822
atan2	38	28	AwayFromZero	4786	0	151
atan2	38	28	Ceiling	4786	0	151
atan2	38	28	Floor	4786	0	151
atan2	38	28	HalfAwayFromZero	4786	0	151
atan2	38	28	HalfToEven	4786	0	151
atan2	38	28	HalfTowardZero	4786	0	151
atan2	38	28	Trunc	4786	0	151
atan2	38	28	ZeroFiveUp	4786	0	151
atan2	38	37	AwayFromZero	419	0	4518
atan2	38	37	Ceiling	419	0	4518
atan2	38	37	Floor	419	0	4518
atan2	38	37	HalfAwayFromZero	419	0	4518
atan2	38	37	HalfToEven	419	0	4518
atan2	38	37	HalfTowardZero	419	0	4518
atan2	38	37	Trunc	419	0	4518
atan2	38	37	ZeroFiveUp	419	0	4518
atan2	38	6	AwayFromZero	1287	0	3650
atan2	38	6	Ceiling	1287	0	3650
atan2	38	6	Floor	1287	0	3650
atan2	38	6	HalfAwayFromZero	1287	0	3650
atan2	38	6	HalfToEven	1287	0	3650
atan2	38	6	HalfTowardZero	1287	0	3650
atan2	38	6	Trunc	1287	0	3650
atan2	38	6	ZeroFiveUp	1287	0	3650
atan2	38	9	AwayFromZero	1606	0	3331
atan2	38	9	Ceiling	1606	0	3331
atan2	38	9	Floor	1606	0	3331
atan2	38	9	HalfAwayFromZero	1606	0	3331
atan2	38	9	HalfToEven	1606	0	3331
atan2	38	9	HalfTowardZero	1606	0	3331
atan2	38	9	Trunc	1606	0	3331
atan2	38	9	ZeroFiveUp	1606	0	3331
atan2	462	0	AwayFromZero	1115	0	3822
atan2	462	0	Ceiling	1115	0	3822
atan2	462	0	Floor	1115	0	3822
atan2	462	0	HalfAwayFromZero	1115	0	3822
atan2	462	0	HalfToEven	1115	0	3822
atan2	462	0	HalfTowardZero	1115	0	3822
atan2	462	0	Trunc	1115	0	3822
atan2	462	0	ZeroFiveUp	1115	0	3822
atan2	462	100	AwayFromZero	4858	0	79
atan2	462	100	Ceiling	4858	0	79
atan2	462	100	Floor	4858	0	79
atan2	462	100	HalfAwayFromZero	4858	0	79
atan2	462	100	HalfToEven	4858	0	79
atan2	462	100	HalfTowardZero	4858	0	79
atan2	462	100	Trunc	4858	0	79
atan2	462	100	ZeroFiveUp	4858	0	79
atan2	462	115	AwayFromZero	4870	0	67
atan2	462	115	Ceiling	4870	0	67
atan2	462	115	Floor	4870	0	67
atan2	462	115	HalfAwayFromZero	4870	0	67
atan2	462	115	HalfToEven	4870	0	67
atan2	462	115	HalfTowardZero	4870	0	67
atan2	462	115	Trunc	4870	0	67
atan2	462	115	ZeroFiveUp	4870	0	67
atan2	462	180	AwayFromZero	4889	0	48
atan2	462	180	Ceiling	4889	0	48
atan2	462	180	Floor	4889	0	48
atan2	462	180	HalfAwayFromZero	4889	0	48
atan2	462	180	HalfToEven	4889	0	48
atan2	462	180	HalfTowardZero	4889	0	48
atan2	462	180	Trunc	4889	0	48
atan2	462	180	ZeroFiveUp	4889	0	48
atan2	462	231	AwayFromZero	4901	0	36
atan2	462	231	Ceiling	4901	0	36
atan2	462	231	Floor	4901	0	36
atan2	462	231	HalfAwayFromZero	4901	0	36
atan2	462	231	HalfToEven	4901	0	36
atan2	462	231	HalfTowardZero	4901	0	36
atan2	462	231	Trunc	4901	0	36
atan2	462	231	ZeroFiveUp	4901	0	36
atan2	462	30	AwayFromZero	4826	0	111
atan2	462	30	Ceiling	4826	0	111
atan2	462	30	Floor	4826	0	111
atan2	462	30	HalfAwayFromZero	4826	0	111
atan2	462	30	HalfToEven	4826	0	111
atan2	462	30	HalfTowardZero	4826	0	111
atan2	462	30	Trunc	4826	0	111
atan2	462	30	ZeroFiveUp	4826	0	111
atan2	462	346	AwayFromZero	4913	0	24
atan2	462	346	Ceiling	4913	0	24
atan2	462	346	Floor	4913	0	24
atan2	462	346	HalfAwayFromZero	4913	0	24
atan2	462	346	HalfToEven	4913	0	24
atan2	462	346	HalfTowardZero	4913	0	24
atan2	462	346	Trunc	4913	0	24
atan2	462	346	ZeroFiveUp	4913	0	24
atan2	462	461	AwayFromZero	505	0	4432
atan2	462	461	Ceiling	505	0	4432
atan2	462	461	Floor	505	0	4432
atan2	462	461	HalfAwayFromZero	505	0	4432
atan2	462	461	HalfToEven	505	0	4432
atan2	462	461	HalfTowardZero	505	0	4432
atan2	462	461	Trunc	505	0	4432
atan2	462	461	ZeroFiveUp	505	0	4432
atan2	57	0	AwayFromZero	1115	0	3822
atan2	57	0	Ceiling	1115	0	3822
atan2	57	0	Floor	1115	0	3822
atan2	57	0	HalfAwayFromZero	1115	0	3822
atan2	57	0	HalfToEven	1115	0	3822
atan2	57	0	HalfTowardZero	1115	0	3822
atan2	57	0	Trunc	1115	0	3822
atan2	57	0	ZeroFiveUp	1115	0	3822
atan2	57	14	AwayFromZero	1910	0	3027
atan2	57	14	Ceiling	1910	0	3027
atan2	57	14	Floor	1910	0	3027
atan2	57	14	HalfAwayFromZero	1910	0	3027
atan2	57	14	HalfToEven	1910	0	3027
atan2	57	14	HalfTowardZero	1910	0	3027
atan2	57	14	Trunc	1910	0	3027
atan2	57	14	ZeroFiveUp	1910	0	3027
atan2	57	20	AwayFromZero	2219	0	2718
atan2	57	20	Ceiling	2219	0	2718
atan2	57	20	Floor	2219	0	2718
atan2	57	20	HalfAwayFromZero	2219	0	2718
atan2	57	20	HalfToEven	2219	0	2718
atan2	57	20	HalfTowardZero	2219	0	2718
atan2	57	20	Trunc	2219	0	2718
atan2	57	20	ZeroFiveUp	2219	0	2718
atan2	57	28	AwayFromZero	4786	0	151
atan2	57	28	Ceiling	4786	0	151
atan2	57	28	Floor	4786	0	151
atan2	57	28	HalfAwayFromZero	4786	0	151
atan2	57	28	HalfToEven	4786	0	151
atan2	57	28	HalfTowardZero	4786	0	151
atan2	57	28	Trunc	4786	0	151
atan2	57	28	ZeroFiveUp	4786	0	151
atan2	57	30	AwayFromZero	4826	0	111
atan2	57	30	Ceiling	4826	0	111
atan2	57	30	Floor	4826	0	111
atan2	57	30	HalfAwayFromZero	4826	0	111
atan2	57	30	HalfToEven	4826	0	111
atan2	57	30	HalfTowardZero	4826	0	111
atan2	57	30	Trunc	4826	0	111
atan2	57	30	ZeroFiveUp	4826	0	111
atan2	57	42	AwayFromZero	4840	0	97
atan2	57	42	Ceiling	4840	0	97
atan2	57	42	Floor	4840	0	97
atan2	57	42	HalfAwayFromZero	4840	0	97
atan2	57	42	HalfToEven	4840	0	97
atan2	57	42	HalfTowardZero	4840	0	97
atan2	57	42	Trunc	4840	0	97
atan2	57	42	ZeroFiveUp	4840	0	97
atan2	57	56	AwayFromZero	432	0	4505
atan2	57	56	Ceiling	432	0	4505
atan2	57	56	Floor	432	0	4505
atan2	57	56	HalfAwayFromZero	432	0	4505
atan2	57	56	HalfToEven	432	0	4505
atan2	57	56	HalfTowardZero	432	0	4505
atan2	57	56	Trunc	432	0	4505
atan2	57	56	ZeroFiveUp	432	0	4505
atan2	616	0	AwayFromZero	1115	0	3822
atan2	616	0	Ceiling	1115	0	3822
atan2	616	0	Floor	1115	0	3822
atan2	616	0	HalfAwayFromZero	1115	0	3822
atan2	616	0	HalfToEven	1115	0	3822
atan2	616	0	HalfTowardZero	1115	0	3822
atan2	616	0	Trunc	1115	0	3822
atan2	616	0	ZeroFiveUp	1115	0	3822
atan2	616	130	AwayFromZero	4871	0	66
atan2	616	130	Ceiling	4871	0	66
atan2	616	130	Floor	4871	0	66
atan2	616	130	HalfAwayFromZero	4871	0	66
atan2	616	130	HalfToEven	4871	0	66
atan2	616	130	HalfTowardZero	4871	0	66
atan2	616	130	Trunc	4871	0	66
atan2	616	130	ZeroFiveUp	4871	0	66
atan2	616	154	AwayFromZero	4883	0	54
atan2	616	154	Ceiling	4883	0	54
atan2	616	154	Floor	4883	0	54
atan2	616	154	HalfAwayFromZero	4883	0	54
atan2	616	154	HalfToEven	4883	0	54
atan2	616	154	HalfTowardZero	4883	0	54
atan2	616	154	Trunc	4883	0	54
atan2	616	154	ZeroFiveUp	4883	0	54
atan2	616	240	AwayFromZero	4901	0	36
atan2	616	240	Ceiling	4901	0	36
atan2	616	240	Floor	4901	0	36
atan2	616	240	HalfAwayFromZero	4901	0	36
atan2	616	240	HalfToEven	4901	0	36
atan2	616	240	HalfTowardZero	4901	0	36
atan2	616	240	Trunc	4901	0	36
atan2	616	240	ZeroFiveUp	4901	0	36
atan2	616	30	AwayFromZero	4826	0	111
atan2	616	30	Ceiling	4826	0	111
atan2	616	30	Floor	4826	0	111
atan2	616	30	HalfAwayFromZero	4826	0	111
atan2	616	30	HalfToEven	4826	0	111
atan2	616	30	HalfTowardZero	4826	0	111
atan2	616	30	Trunc	4826	0	111
atan2	616	30	ZeroFiveUp	4826	0	111
atan2	616	308	AwayFromZero	4907	0	30
atan2	616	308	Ceiling	4907	0	30
atan2	616	308	Floor	4907	0	30
atan2	616	308	HalfAwayFromZero	4907	0	30
atan2	616	308	HalfToEven	4907	0	30
atan2	616	308	HalfTowardZero	4907	0	30
atan2	616	308	Trunc	4907	0	30
atan2	616	308	ZeroFiveUp	4907	0	30
atan2	616	462	AwayFromZero	4919	0	18
atan2	616	462	Ceiling	4919	0	18
atan2	616	462	Floor	4919	0	18
atan2	616	462	HalfAwayFromZero	4919	0	18
atan2	616	462	HalfToEven	4919	0	18
atan2	616	462	HalfTowardZero	4919	0	18
atan2	616	462	Trunc	4919	0	18
atan2	616	462	ZeroFiveUp	4919	0	18
atan2	616	590	AwayFromZero	4919	0	18
atan2	616	590	Ceiling	4919	0	18
atan2	616	590	Floor	4919	0	18
atan2	616	590	HalfAwayFromZero	4919	0	18
atan2	616	590	HalfToEven	4919	0	18
atan2	616	590	HalfTowardZero	4919	0	18
atan2	616	590	Trunc	4919	0	18
atan2	616	590	ZeroFiveUp	4919	0	18
atan2	616	615	AwayFromZero	511	0	4426
atan2	616	615	Ceiling	511	0	4426
atan2	616	615	Floor	511	0	4426
atan2	616	615	HalfAwayFromZero	511	0	4426
atan2	616	615	HalfToEven	511	0	4426
atan2	616	615	HalfTowardZero	511	0	4426
atan2	616	615	Trunc	511	0	4426
atan2	616	615	ZeroFiveUp	511	0	4426
atan2	76	0	AwayFromZero	1115	0	3822
atan2	76	0	Ceiling	1115	0	3822
atan2	76	0	Floor	1115	0	3822
atan2	76	0	HalfAwayFromZero	1115	0	3822
atan2	76	0	HalfToEven	1115	0	3822
atan2	76	0	HalfTowardZero	1115	0	3822
atan2	76	0	Trunc	1115	0	3822
atan2	76	0	ZeroFiveUp	1115	0	3822
atan2	76	18	AwayFromZero	1963	0	2974
atan2	76	18	Ceiling	1963	0	2974
atan2	76	18	Floor	1963	0	2974
atan2	76	18	HalfAwayFromZero	1963	0	2974
atan2	76	18	HalfToEven	1963	0	2974
atan2	76	18	HalfTowardZero	1963	0	2974
atan2	76	18	Trunc	1963	0	2974
atan2	76	18	ZeroFiveUp	1963	0	2974
atan2	76	19	AwayFromZero	2219	0	2718
atan2	76	19	Ceiling	2219	0	2718
atan2	76	19	Floor	2219	0	2718
atan2	76	19	HalfAwayFromZero	2219	0	2718
atan2	76	19	HalfToEven	2219	0	2718
atan2	76	19	HalfTowardZero	2219	0	2718
atan2	76	19	Trunc	2219	0	2718
atan2	76	19	ZeroFiveUp	2219	0	2718
atan2	76	38	AwayFromZero	4834	0	103
atan2	76	38	Ceiling	4834	0	103
atan2	76	38	Floor	4834	0	103
atan2	76	38	HalfAwayFromZero	4834	0	103
atan2	76	38	HalfToEven	4834	0	103
atan2	76	38	HalfTowardZero	4834	0	103
atan2	76	38	Trunc	4834	0	103
atan2	76	38	ZeroFiveUp	4834	0	103
atan2	76	40	AwayFromZero	4834	0	103
atan2	76	40	Ceiling	4834	0	103
atan2	76	40	Floor	4834	0	103
atan2	76	40	HalfAwayFromZero	4834	0	103
atan2	76	40	HalfToEven	4834	0	103
atan2	76	40	HalfTowardZero	4834	0	103
atan2	76	40	Trunc	4834	0	103
atan2	76	40	ZeroFiveUp	4834	0	103
atan2	76	57	AwayFromZero	4846	0	91
atan2	76	57	Ceiling	4846	0	91
atan2	76	57	Floor	4846	0	91
atan2	76	57	HalfAwayFromZero	4846	0	91
atan2	76	57	HalfToEven	4846	0	91
atan2	76	57	HalfTowardZero	4846	0	91
atan2	76	57	Trunc	4846	0	91
atan2	76	57	ZeroFiveUp	4846	0	91
atan2	76	75	AwayFromZero	438	0	4499
atan2	76	75	Ceiling	438	0	4499
atan2	76	75	Floor	438	0	4499
atan2	76	75	HalfAwayFromZero	438	0	4499
atan2	76	75	HalfToEven	438	0	4499
atan2	76	75	HalfTowardZero	438	0	4499
atan2	76	75	Trunc	438	0	4499
atan2	76	75	ZeroFiveUp	438	0	4499
atan2	924	0	AwayFromZero	1115	0	3822
atan2	924	0	Ceiling	1115	0	3822
atan2	924	0	Floor	1115	0	3822
atan2	924	0	HalfAwayFromZero	1115	0	3822
atan2	924	0	HalfToEven	1115	0	3822
atan2	924	0	HalfTowardZero	1115	0	3822
atan2	924	0	Trunc	1115	0	3822
atan2	924	0	ZeroFiveUp	1115	0	3822
atan2	924	180	AwayFromZero	4889	0	48
atan2	924	180	Ceiling	4889	0	48
atan2	924	180	Floor	4889	0	48
atan2	924	180	HalfAwayFromZero	4889	0	48
atan2	924	180	HalfToEven	4889	0	48
atan2	924	180	HalfTowardZero	4889	0	48
atan2	924	180	Trunc	4889	0	48
atan2	924	180	ZeroFiveUp	4889	0	48
atan2	924	231	AwayFromZero	4901	0	36
atan2	924	231	Ceiling	4901	0	36
atan2	924	231	Floor	4901	0	36
atan2	924	231	HalfAwayFromZero	4901	0	36
atan2	924	231	HalfToEven	4901	0	36
atan2	924	231	HalfTowardZero	4901	0	36
atan2	924	231	Trunc	4901	0	36
atan2	924	231	ZeroFiveUp	4901	0	36
atan2	924	30	AwayFromZero	4826	0	111
atan2	924	30	Ceiling	4826	0	111
atan2	924	30	Floor	4826	0	111
atan2	924	30	HalfAwayFromZero	4826	0	111
atan2	924	30	HalfToEven	4826	0	111
atan2	924	30	HalfTowardZero	4826	0	111
atan2	924	30	Trunc	4826	0	111
atan2	924	30	ZeroFiveUp	4826	0	111
atan2	924	350	AwayFromZero	4913	0	24
atan2	924	350	Ceiling	4913	0	24
atan2	924	350	Floor	4913	0	24
atan2	924	350	HalfAwayFromZero	4913	0	24
atan2	924	350	HalfToEven	4913	0	24
atan2	924	350	HalfTowardZero	4913	0	24
atan2	924	350	Trunc	4913	0	24
atan2	924	350	ZeroFiveUp	4913	0	24
atan2	924	462	AwayFromZero	4919	0	18
atan2	924	462	Ceiling	4919	0	18
atan2	924	462	Floor	4919	0	18
atan2	924	462	HalfAwayFromZero	4919	0	18
atan2	924	462	HalfToEven	4919	0	18
atan2	924	462	HalfTowardZero	4919	0	18
atan2	924	462	Trunc	4919	0	18
atan2	924	462	ZeroFiveUp	4919	0	18
atan2	924	693	AwayFromZero	4931	0	6
atan2	924	693	Ceiling	4931	0	6
atan2	924	693	Floor	4931	0	6
atan2	924	693	HalfAwayFromZero	4931	0	6
atan2	924	693	HalfToEven	4931	0	6
atan2	924	693	HalfTowardZero	4931	0	6
atan2	924	693	Trunc	4931	0	6
atan2	924	693	ZeroFiveUp	4931	0	6
atan2	924	900	AwayFromZero	4931	0	6
atan2	924	900	Ceiling	4931	0	6
atan2	924	900	Floor	4931	0	6
atan2	924	900	HalfAwayFromZero	4931	0	6
atan2	924	900	HalfToEven	4931	0	6
atan2	924	900	HalfTowardZero	4931	0	6
atan2	924	900	Trunc	4931	0	6
atan2	924	900	ZeroFiveUp	4931	0	6
atan2	924	923	AwayFromZero	523	0	4414
atan2	924	923	Ceiling	523	0	4414
atan2	924	923	Floor	523	0	4414
atan2	924	923	HalfAwayFromZero	523	0	4414
atan2	924	923	HalfToEven	523	0	4414
atan2	924	923	HalfTowardZero	523	0	4414
atan2	924	923	Trunc	523	0	4414
atan2	924	923	ZeroFiveUp	523	0	4414
atanh	115	0	AwayFromZero	1	0	4149
atanh	115	0	Ceiling	1	0	4149
atanh	115	0	Floor	1	0	4149
atanh	115	0	HalfAwayFromZero	1	0	4149
atanh	115	0	HalfToEven	1	0	4149
atanh	115	0	HalfTowardZero	1	0	4149
atanh	115	0	Trunc	1	0	4149
atanh	115	0	ZeroFiveUp	1	0	4149
atanh	115	114	AwayFromZero	4145	0	5
atanh	115	114	Ceiling	4145	0	5
atanh	115	114	Floor	4145	0	5
atanh	115	114	HalfAwayFromZero	4145	0	5
atanh	115	114	HalfToEven	4145	0	5
atanh	115	114	HalfTowardZero	4145	0	5
atanh	115	114	Trunc	4145	0	5
atanh	115	114	ZeroFiveUp	4145	0	5
atanh	115	28	AwayFromZero	3692	0	458
atanh	115	28	Ceiling	3692	0	458
atanh	115	28	Floor	3692	0	458
atanh	115	28	HalfAwayFromZero	3692	0	458
atanh	115	28	HalfToEven	3692	0	458
atanh	115	28	HalfTowardZero	3692	0	458
atanh	115	28	Trunc	3692	0	458
atanh	115	28	ZeroFiveUp	3692	0	458
atanh	115	50	AwayFromZero	4143	0	7
atanh	115	50	Ceiling	4143	0	7
atanh	115	50	Floor	4143	0	7
atanh	115	50	HalfAwayFromZero	4143	0	7
atanh	115	50	HalfToEven	4143	0	7
atanh	115	50	HalfTowardZero	4143	0	7
atanh	115	50	Trunc	4143	0	7
atanh	115	50	ZeroFiveUp	4143	0	7
atanh	115	57	AwayFromZero	4143	0	7
atanh	115	57	Ceiling	4143	0	7
atanh	115	57	Floor	4143	0	7
atanh	115	57	HalfAwayFromZero	4143	0	7
atanh	115	57	HalfToEven	4143	0	7
atanh	115	57	HalfTowardZero	4143	0	7
atanh	115	57	Trunc	4143	0	7
atanh	115	57	ZeroFiveUp	4143	0	7
atanh	115	86	AwayFromZero	4145	0	5
atanh	115	86	Ceiling	4145	0	5
atanh	115	86	Floor	4145	0	5
atanh	115	86	HalfAwayFromZero	4145	0	5
atanh	115	86	HalfToEven	4145	0	5
atanh	115	86	HalfTowardZero	4145	0	5
atanh	115	86	Trunc	4145	0	5
atanh	115	86	ZeroFiveUp	4145	0	5
atanh	1232	0	AwayFromZero	1	0	4149
atanh	1232	0	Ceiling	1	0	4149
atanh	1232	0	Floor	1	0	4149
atanh	1232	0	HalfAwayFromZero	1	0	4149
atanh	1232	0	HalfToEven	1	0	4149
atanh	1232	0	HalfTowardZero	1	0	4149
atanh	1232	0	Trunc	1	0	4149
atanh	1232	0	ZeroFiveUp	1	0	4149
atanh	1232	1200	AwayFromZero	4150	0	0
atanh	1232	1200	Ceiling	4150	0	0
atanh	1232	1200	Floor	4150	0	0
atanh	1232	1200	HalfAwayFromZero	4150	0	0
atanh	1232	1200	HalfToEven	4150	0	0
atanh	1232	1200	HalfTowardZero	4150	0	0
atanh	1232	1200	Trunc	4150	0	0
atanh	1232	1200	ZeroFiveUp	4150	0	0
atanh	1232	1231	AwayFromZero	4150	0	0
atanh	1232	1231	Ceiling	4150	0	0
atanh	1232	1231	Floor	4150	0	0
atanh	1232	1231	HalfAwayFromZero	4150	0	0
atanh	1232	1231	HalfToEven	4150	0	0
atanh	1232	1231	HalfTowardZero	4150	0	0
atanh	1232	1231	Trunc	4150	0	0
atanh	1232	1231	ZeroFiveUp	4150	0	0
atanh	1232	250	AwayFromZero	4150	0	0
atanh	1232	250	Ceiling	4150	0	0
atanh	1232	250	Floor	4150	0	0
atanh	1232	250	HalfAwayFromZero	4150	0	0
atanh	1232	250	HalfToEven	4150	0	0
atanh	1232	250	HalfTowardZero	4150	0	0
atanh	1232	250	Trunc	4150	0	0
atanh	1232	250	ZeroFiveUp	4150	0	0
atanh	1232	30	AwayFromZero	4116	0	34
atanh	1232	30	Ceiling	4116	0	34
atanh	1232	30	Floor	4116	0	34
atanh	1232	30	HalfAwayFromZero	4116	0	34
atanh	1232	30	HalfToEven	4116	0	34
atanh	1232	30	HalfTowardZero	4116	0	34
atanh	1232	30	Trunc	4116	0	34
atanh	1232	30	ZeroFiveUp	4116	0	34
atanh	1232	308	AwayFromZero	4150	0	0
atanh	1232	308	Ceiling	4150	0	0
atanh	1232	308	Floor	4150	0	0
atanh	1232	308	HalfAwayFromZero	4150	0	0
atanh	1232	308	HalfToEven	4150	0	0
atanh	1232	308	HalfTowardZero	4150	0	0
atanh	1232	308	Trunc	4150	0	0
atanh	1232	308	ZeroFiveUp	4150	0	0
atanh	1232	470	AwayFromZero	4150	0	0
atanh	1232	470	Ceiling	4150	0	0
atanh	1232	470	Floor	4150	0	0
atanh	1232	470	HalfAwayFromZero	4150	0	0
atanh	1232	470	HalfToEven	4150	0	0
atanh	1232	470	HalfTowardZero	4150	0	0
atanh	1232	470	Trunc	4150	0	0
atanh	1232	470	ZeroFiveUp	4150	0	0
atanh	1232	616	AwayFromZero	4150	0	0
atanh	1232	616	Ceiling	4150	0	0
atanh	1232	616	Floor	4150	0	0
atanh	1232	616	HalfAwayFromZero	4150	0	0
atanh	1232	616	HalfToEven	4150	0	0
atanh	1232	616	HalfTowardZero	4150	0	0
atanh	1232	616	Trunc	4150	0	0
atanh	1232	616	ZeroFiveUp	4150	0	0
atanh	1232	924	AwayFromZero	4150	0	0
atanh	1232	924	Ceiling	4150	0	0
atanh	1232	924	Floor	4150	0	0
atanh	1232	924	HalfAwayFromZero	4150	0	0
atanh	1232	924	HalfToEven	4150	0	0
atanh	1232	924	HalfTowardZero	4150	0	0
atanh	1232	924	Trunc	4150	0	0
atanh	1232	924	ZeroFiveUp	4150	0	0
atanh	153	0	AwayFromZero	1	0	4149
atanh	153	0	Ceiling	1	0	4149
atanh	153	0	Floor	1	0	4149
atanh	153	0	HalfAwayFromZero	1	0	4149
atanh	153	0	HalfToEven	1	0	4149
atanh	153	0	HalfTowardZero	1	0	4149
atanh	153	0	Trunc	1	0	4149
atanh	153	0	ZeroFiveUp	1	0	4149
atanh	153	114	AwayFromZero	4145	0	5
atanh	153	114	Ceiling	4145	0	5
atanh	153	114	Floor	4145	0	5
atanh	153	114	HalfAwayFromZero	4145	0	5
atanh	153	114	HalfToEven	4145	0	5
atanh	153	114	HalfTowardZero	4145	0	5
atanh	153	114	Trunc	4145	0	5
atanh	153	114	ZeroFiveUp	4145	0	5
atanh	153	152	AwayFromZero	4148	0	2
atanh	153	152	Ceiling	4148	0	2
atanh	153	152	Floor	4148	0	2
atanh	153	152	HalfAwayFromZero	4148	0	2
atanh	153	152	HalfToEven	4148	0	2
atanh	153	152	HalfTowardZero	4148	0	2
atanh	153	152	Trunc	4148	0	2
atanh	153	152	ZeroFiveUp	4148	0	2
atanh	153	38	AwayFromZero	4143	0	7
atanh	153	38	Ceiling	4143	0	7
atanh	153	38	Floor	4143	0	7
atanh	153	38	HalfAwayFromZero	4143	0	7
atanh	153	38	HalfToEven	4143	0	7
atanh	153	38	HalfTowardZero	4143	0	7
atanh	153	38	Trunc	4143	0	7
atanh	153	38	ZeroFiveUp	4143	0	7
atanh	153	76	AwayFromZero	4145	0	5
atanh	153	76	Ceiling	4145	0	5
atanh	153	76	Floor	4145	0	5
atanh	153	76	HalfAwayFromZero	4145	0	5
atanh	153	76	HalfToEven	4145	0	5
atanh	153	76	HalfTowardZero	4145	0	5
atanh	153	76	Trunc	4145	0	5
atanh	153	76	ZeroFiveUp	4145	0	5
atanh	18	0	AwayFromZero	1	0	4149
atanh	18	0	Ceiling	1	0	4149
atanh	18	0	Floor	1	0	4149
atanh	18	0	HalfAwayFromZero	1	0	4149
atanh	18	0	HalfToEven	1	0	4149
atanh	18	0	HalfTowardZero	1	0	4149
atanh	18	0	Trunc	1	0	4149
atanh	18	0	ZeroFiveUp	1	0	4149
atanh	18	13	AwayFromZero	713	0	3437
atanh	18	13	Ceiling	713	0	3437
atanh	18	13	Floor	713	0	3437
atanh	18	13	HalfAwayFromZero	713	0	3437
atanh	18	13	HalfToEven	713	0	3437
atanh	18	13	HalfTowardZero	713	0	3437
atanh	18	13	Trunc	713	0	3437
atanh	18	13	ZeroFiveUp	713	0	3437
atanh	18	17	AwayFromZero	963	0	3187
atanh	18	17	Ceiling	963	0	3187
atanh	18	17	Floor	963	0	3187
atanh	18	17	HalfAwayFromZero	963	0	3187
atanh	18	17	HalfToEven	963	0	3187
atanh	18	17	HalfTowardZero	963	0	3187
atanh	18	17	Trunc	963	0	3187
atanh	18	17	ZeroFiveUp	963	0	3187
atanh	18	3	AwayFromZero	30	0	4120
atanh	18	3	Ceiling	30	0	4120
atanh	18	3	Floor	30	0	4120
atanh	18	3	HalfAwayFromZero	30	0	4120
atanh	18	3	HalfToEven	30	0	4120
atanh	18	3	HalfTowardZero	30	0	4120
atanh	18	3	Trunc	30	0	4120
atanh	18	3	ZeroFiveUp	30	0	4120
atanh	18	4	AwayFromZero	182	0	3968
atanh	18	4	Ceiling	182	0	3968
atanh	18	4	Floor	182	0	3968
atanh	18	4	HalfAwayFromZero	182	0	3968
atanh	18	4	HalfToEven	182	0	3968
atanh	18	4	HalfTowardZero	182	0	3968
atanh	18	4	Trunc	182	0	3968
atanh	18	4	ZeroFiveUp	182	0	3968
atanh	18	9	AwayFromZero	519	0	3631
atanh	18	9	Ceiling	519	0	3631
atanh	18	9	Floor	519	0	3631
atanh	18	9	HalfAwayFromZero	519	0	3631
atanh	18	9	HalfToEven	519	0	3631
atanh	18	9	HalfTowardZero	519	0	3631
atanh	18	9	Trunc	519	0	3631
atanh	18	9	ZeroFiveUp	519	0	3631
atanh	230	0	AwayFromZero	1	0	4149
atanh	230	0	Ceiling	1	0	4149
atanh	230	0	Floor	1	0	4149
atanh	230	0	HalfAwayFromZero	1	0	4149
atanh	230	0	HalfToEven	1	0	4149
atanh	230	0	HalfTowardZero	1	0	4149
atanh	230	0	Trunc	1	0	4149
atanh	230	0	ZeroFiveUp	1	0	4149
atanh	230	115	AwayFromZero	4145	0	5
atanh	230	115	Ceiling	4145	0	5
atanh	230	115	Floor	4145	0	5
atanh	230	115	HalfAwayFromZero	4145	0	5
atanh	230	115	HalfToEven	4145	0	5
atanh	230	115	HalfTowardZero	4145	0	5
atanh	230	115	Trunc	4145	0	5
atanh	230	115	ZeroFiveUp	4145	0	5
atanh	230	172	AwayFromZero	4150	0	0
atanh	230	172	Ceiling	4150	0	0
atanh	230	172	Floor	4150	0	0
atanh	230	172	HalfAwayFromZero	4150	0	0
atanh	230	172	HalfToEven	4150	0	0
atanh	230	172	HalfTowardZero	4150	0	0
atanh	230	172	Trunc	4150	0	0
atanh	230	172	ZeroFiveUp	4150	0	0
atanh	230	229	AwayFromZero	4150	0	0
atanh	230	229	Ceiling	4150	0	0
atanh	230	229	Floor	4150	0	0
atanh	230	229	HalfAwayFromZero	4150	0	0
atanh	230	229	HalfToEven	4150	0	0
atanh	230	229	HalfTowardZero	4150	0	0
atanh	230	229	Trunc	4150	0	0
atanh	230	229	ZeroFiveUp	4150	0	0
atanh	230	30	AwayFromZero	4116	0	34
atanh	230	30	Ceiling	4116	0	34
atanh	230	30	Floor	4116	0	34
atanh	230	30	HalfAwayFromZero	4116	0	34
atanh	230	30	HalfToEven	4116	0	34
atanh	230	30	HalfTowardZero	4116	0	34
atanh	230	30	Trunc	4116	0	34
atanh	230	30	ZeroFiveUp	4116	0	34
atanh	230	57	AwayFromZero	4143	0	7
atanh	230	57	Ceiling	4143	0	7
atanh	230	57	Floor	4143	0	7
atanh	230	57	HalfAwayFromZero	4143	0	7
atanh	230	57	HalfToEven	4143	0	7
atanh	230	57	HalfTowardZero	4143	0	7
atanh	230	57	Trunc	4143	0	7
atanh	230	57	ZeroFiveUp	4143	0	7
atanh	307	0	AwayFromZero	1	0	4149
atanh	307	0	Ceiling	1	0	4149
atanh	307	0	Floor	1	0	4149
atanh	307	0	HalfAwayFromZero	1	0	4149
atanh	307	0	HalfToEven	1	0	4149
atanh	307	0	HalfTowardZero	1	0	4149
atanh	307	0	Trunc	1	0	4149
atanh	307	0	ZeroFiveUp	1	0	4149
atanh	307	120	AwayFromZero	4148	0	2
atanh	307	120	Ceiling	4148	0	2
atanh	307	120	Floor	4148	0	2
atanh	307	120	HalfAwayFromZero	4148	0	2
atanh	307	120	HalfToEven	4148	0	2
atanh	307	120	HalfTowardZero	4148	0	2
atanh	307	120	Trunc	4148	0	2
atanh	307	120	ZeroFiveUp	4148	0	2
atanh	307	153	AwayFromZero	4148	0	2
atanh	307	153	Ceiling	4148	0	2
atanh	307	153	Floor	4148	0	2
atanh	307	153	HalfAwayFromZero	4148	0	2
atanh	307	153	HalfToEven	4148	0	2
atanh	307	153	HalfTowardZero	4148	0	2
atanh	307	153	Trunc	4148	0	2
atanh	307	153	ZeroFiveUp	4148	0	2
atanh	307	230	AwayFromZero	4150	0	0
atanh	307	230	Ceiling	4150	0	0
atanh	307	230	Floor	4150	0	0
atanh	307	230	HalfAwayFromZero	4150	0	0
atanh	307	230	HalfToEven	4150	0	0
atanh	307	230	HalfTowardZero	4150	0	0
atanh	307	230	Trunc	4150	0	0
atanh	307	230	ZeroFiveUp	4150	0	0
atanh	307	290	AwayFromZero	4150	0	0
atanh	307	290	Ceiling	4150	0	0
atanh	307	290	Floor	4150	0	0
atanh	307	290	HalfAwayFromZero	4150	0	0
atanh	307	290	HalfToEven	4150	0	0
atanh	307	290	HalfTowardZero	4150	0	0
atanh	307	290	Trunc	4150	0	0
atanh	307	290	ZeroFiveUp	4150	0	0
atanh	307	30	AwayFromZero	4116	0	34
atanh	307	30	Ceiling	4116	0	34
atanh	307	30	Floor	4116	0	34
atanh	307	30	HalfAwayFromZero	4116	0	34
atanh	307	30	HalfToEven	4116	0	34
atanh	307	30	HalfTowardZero	4116	0	34
atanh	307	30	Trunc	4116	0	34
atanh	307	30	ZeroFiveUp	4116	0	34
atanh	307	306	AwayFromZero	4150	0	0
atanh	307	306	Ceiling	4150	0	0
atanh	307	306	Floor	4150	0	0
atanh	307	306	HalfAwayFromZero	4150	0	0
atanh	307	306	HalfToEven	4150	0	0
atanh	307	306	HalfTowardZero	4150	0	0
atanh	307	306	Trunc	4150	0	0
atanh	307	306	ZeroFiveUp	4150	0	0
atanh	307	50	AwayFromZero	4143	0	7
atanh	307	50	Ceiling	4143	0	7
atanh	307	50	Floor	4143	0	7
atanh	307	50	HalfAwayFromZero	4143	0	7
atanh	307	50	HalfToEven	4143	0	7
atanh	307	50	HalfTowardZero	4143	0	7
atanh	307	50	Trunc	4143	0	7
atanh	307	50	ZeroFiveUp	4143	0	7
atanh	307	70	AwayFromZero	4144	0	6
atanh	307	70	Ceiling	4144	0	6
atanh	307	70	Floor	4144	0	6
atanh	307	70	HalfAwayFromZero	4144	0	6
atanh	307	70	HalfToEven	4144	0	6
atanh	307	70	HalfTowardZero	4144	0	6
atanh	307	70	Trunc	4144	0	6
atanh	307	70	ZeroFiveUp	4144	0	6
atanh	307	76	AwayFromZero	4145	0	5
atanh	307	76	Ceiling	4145	0	5
atanh	307	76	Floor	4145	0	5
atanh	307	76	HalfAwayFromZero	4145	0	5
atanh	307	76	HalfToEven	4145	0	5
atanh	307	76	HalfTowardZero	4145	0	5
atanh	307	76	Trunc	4145	0	5
atanh	307	76	ZeroFiveUp	4145	0	5
atanh	38	0	AwayFromZero	1	0	4149
atanh	38	0	Ceiling	1	0	4149
atanh	38	0	Floor	1	0	4149
atanh	38	0	HalfAwayFromZero	1	0	4149
atanh	38	0	HalfToEven	1	0	4149
atanh	38	0	HalfTowardZero	1	0	4149
atanh	38	0	Trunc	1	0	4149
atanh	38	0	ZeroFiveUp	1	0	4149
atanh	38	10	AwayFromZero	521	0	3629
atanh	38	10	Ceiling	521	0	3629
atanh	38	10	Floor	521	0	3629
atanh	38	10	HalfAwayFromZero	521	0	3629
atanh	38	10	HalfToEven	521	0	3629
atanh	38	10	HalfTowardZero	521	0	3629
atanh	38	10	Trunc	521	0	3629
atanh	38	10	ZeroFiveUp	521	0	3629
atanh	38	12	AwayFromZero	542	0	3608
atanh	38	12	Ceiling	542	0	3608
atanh	38	12	Floor	542	0	3608
atanh	38	12	HalfAwayFromZero	542	0	3608
atanh	38	12	HalfToEven	542	0	3608
atanh	38	12	HalfTowardZero	542	0	3608
atanh	38	12	Trunc	542	0	3608
atanh	38	12	ZeroFiveUp	542	0	3608
atanh	38	17	AwayFromZero	963	0	3187
atanh	38	17	Ceiling	963	0	3187
atanh	38	17	Floor	963	0	3187
atanh	38	17	HalfAwayFromZero	963	0	3187
atanh	38	17	HalfToEven	963	0	3187
atanh	38	17	HalfTowardZero	963	0	3187
atanh	38	17	Trunc	963	0	3187
atanh	38	17	ZeroFiveUp	963	0	3187
atanh	38	18	AwayFromZero	998	0	3152
atanh	38	18	Ceiling	998	0	3152
atanh	38	18	Floor	998	0	3152
atanh	38	18	HalfAwayFromZero	998	0	3152
atanh	38	18	HalfToEven	998	0	3152
atanh	38	18	HalfTowardZero	998	0	3152
atanh	38	18	Trunc	998	0	3152
atanh	38	18	ZeroFiveUp	998	0	3152
atanh	38	19	AwayFromZero	1231	0	2919
atanh	38	19	Ceiling	1231	0	2919
atanh	38	19	Floor	1231	0	2919
atanh	38	19	HalfAwayFromZero	1231	0	2919
atanh	38	19	HalfToEven	1231	0	2919
atanh	38	19	HalfTowardZero	1231	0	2919
atanh	38	19	Trunc	1231	0	2919
atanh	38	19	ZeroFiveUp	1231	0	2919
atanh	38	2	AwayFromZero	12	0	4138
atanh	38	2	Ceiling	12	0	4138
atanh	38	2	Floor	12	0	4138
atanh	38	2	HalfAwayFromZero	12	0	4138
atanh	38	2	HalfToEven	12	0	4138
atanh	38	2	HalfTowardZero	12	0	4138
atanh	38	2	Trunc	12	0	4138
atanh	38	2	ZeroFiveUp	12	0	4138
atanh	38	28	AwayFromZero	3692	0	458
atanh	38	28	Ceiling	3692	0	458
atanh	38	28	Floor	3692	0	458
atanh	38	28	HalfAwayFromZero	3692	0	458
atanh	38	28	HalfToEven	3692	0	458
atanh	38	28	HalfTowardZero	3692	0	458
atanh	38	28	Trunc	3692	0	458
atanh	38	28	ZeroFiveUp	3692	0	458
atanh	38	37	AwayFromZero	4142	0	8
atanh	38	37	Ceiling	4142	0	8
atanh	38	37	Floor	4142	0	8
atanh	38	37	HalfAwayFromZero	4142	0	8
atanh	38	37	HalfToEven	4142	0	8
atanh	38	37	HalfTowardZero	4142	0	8
atanh	38	37	Trunc	4142	0	8
atanh	38	37	ZeroFiveUp	4142	0	8
atanh	38	6	AwayFromZero	186	0	3964
atanh	38	6	Ceiling	186	0	3964
atanh	38	6	Floor	186	0	3964
atanh	38	6	HalfAwayFromZero	186	0	3964
atanh	38	6	HalfToEven	186	0	3964
atanh	38	6	HalfTowardZero	186	0	3964
atanh	38	6	Trunc	186	0	3964
atanh	38	6	ZeroFiveUp	186	0	3964
atanh	38	9	AwayFromZero	519	0	3631
atanh	38	9	Ceiling	519	0	3631
atanh	38	9	Floor	519	0	3631
atanh	38	9	HalfAwayFromZero	519	0	3631
atanh	38	9	HalfToEven	519	0	3631
atanh	38	9	HalfTowardZero	519	0	3631
atanh	38	9	Trunc	519	0	3631
atanh	38	9	ZeroFiveUp	519	0	3631
atanh	462	0	AwayFromZero	1	0	4149
atanh	462	0	Ceiling	1	0	4149
atanh	462	0	Floor	1	0	4149
atanh	462	0	HalfAwayFromZero	1	0	4149
atanh	462	0	HalfToEven	1	0	4149
atanh	462	0	HalfTowardZero	1	0	4149
atanh	462	0	Trunc	1	0	4149
atanh	462	0	ZeroFiveUp	1	0	4149
atanh	462	100	AwayFromZero	4145	0	5
atanh	462	100	Ceiling	4145	0	5
atanh	462	100	Floor	4145	0	5
atanh	462	100	HalfAwayFromZero	4145	0	5
atanh	462	100	HalfToEven	4145	0	5
atanh	462	100	HalfTowardZero	4145	0	5
atanh	462	100	Trunc	4145	0	5
atanh	462	100	ZeroFiveUp	4145	0	5
atanh	462	115	AwayFromZero	4145	0	5
atanh	462	115	Ceiling	4145	0	5
atanh	462	115	Floor	4145	0	5
atanh	462	115	HalfAwayFromZero	4145	0	5
atanh	462	115	HalfToEven	4145	0	5
atanh	462	115	HalfTowardZero	4145	0	5
atanh	462	115	Trunc	4145	0	5
atanh	462	115	ZeroFiveUp	4145	0	5
atanh	462	180	AwayFromZero	4150	0	0
atanh	462	180	Ceiling	4150	0	0
atanh	462	180	Floor	4150	0	0
atanh	462	180	HalfAwayFromZero	4150	0	0
atanh	462	180	HalfToEven	4150	0	0
atanh	462	180	HalfTowardZero	4150	0	0
atanh	462	180	Trunc	4150	0	0
atanh	462	180	ZeroFiveUp	4150	0	0
atanh	462	231	AwayFromZero	4150	0	0
atanh	462	231	Ceiling	4150	0	0
atanh	462	231	Floor	4150	0	0
atanh	462	231	HalfAwayFromZero	4150	0	0
atanh	462	231	HalfToEven	4150	0	0
atanh	462	231	HalfTowardZero	4150	0	0
atanh	462	231	Trunc	4150	0	0
atanh	462	231	ZeroFiveUp	4150	0	0
atanh	462	30	AwayFromZero	4116	0	34
atanh	462	30	Ceiling	4116	0	34
atanh	462	30	Floor	4116	0	34
atanh	462	30	HalfAwayFromZero	4116	0	34
atanh	462	30	HalfToEven	4116	0	34
atanh	462	30	HalfTowardZero	4116	0	34
atanh	462	30	Trunc	4116	0	34
atanh	462	30	ZeroFiveUp	4116	0	34
atanh	462	346	AwayFromZero	4150	0	0
atanh	462	346	Ceiling	4150	0	0
atanh	462	346	Floor	4150	0	0
atanh	462	346	HalfAwayFromZero	4150	0	0
atanh	462	346	HalfToEven	4150	0	0
atanh	462	346	HalfTowardZero	4150	0	0
atanh	462	346	Trunc	4150	0	0
atanh	462	346	ZeroFiveUp	4150	0	0
atanh	462	461	AwayFromZero	4150	0	0
atanh	462	461	Ceiling	4150	0	0
atanh	462	461	Floor	4150	0	0
atanh	462	461	HalfAwayFromZero	4150	0	0
atanh	462	461	HalfToEven	4150	0	0
atanh	462	461	HalfTowardZero	4150	0	0
atanh	462	461	Trunc	4150	0	0
atanh	462	461	ZeroFiveUp	4150	0	0
atanh	57	0	AwayFromZero	1	0	4149
atanh	57	0	Ceiling	1	0	4149
atanh	57	0	Floor	1	0	4149
atanh	57	0	HalfAwayFromZero	1	0	4149
atanh	57	0	HalfToEven	1	0	4149
atanh	57	0	HalfTowardZero	1	0	4149
atanh	57	0	Trunc	1	0	4149
atanh	57	0	ZeroFiveUp	1	0	4149
atanh	57	14	AwayFromZero	837	0	3313
atanh	57	14	Ceiling	837	0	3313
atanh	57	14	Floor	837	0	3313
atanh	57	14	HalfAwayFromZero	837	0	3313
atanh	57	14	HalfToEven	837	0	3313
atanh	57	14	HalfTowardZero	837	0	3313
atanh	57	14	Trunc	837	0	3313
atanh	57	14	ZeroFiveUp	837	0	3313
atanh	57	20	AwayFromZero	1233	0	2917
atanh	57	20	Ceiling	1233	0	2917
atanh	57	20	Floor	1233	0	2917
atanh	57	20	HalfAwayFromZero	1233	0	2917
atanh	57	20	HalfToEven	1233	0	2917
atanh	57	20	HalfTowardZero	1233	0	2917
atanh	57	20	Trunc	1233	0	2917
atanh	57	20	ZeroFiveUp	1233	0	2917
atanh	57	28	AwayFromZero	3692	0	458
atanh	57	28	Ceiling	3692	0	458
atanh	57	28	Floor	3692	0	458
atanh	57	28	HalfAwayFromZero	3692	0	458
atanh	57	28	HalfToEven	3692	0	458
atanh	57	28	HalfTowardZero	3692	0	458
atanh	57	28	Trunc	3692	0	458
atanh	57	28	ZeroFiveUp	3692	0	458
atanh	57	30	AwayFromZero	4116	0	34
atanh	57	30	Ceiling	4116	0	34
atanh	57	30	Floor	4116	0	34
atanh	57	30	HalfAwayFromZero	4116	0	34
atanh	57	30	HalfToEven	4116	0	34
atanh	57	30	HalfTowardZero	4116	0	34
atanh	57	30	Trunc	4116	0	34
atanh	57	30	ZeroFiveUp	4116	0	34
atanh	57	42	AwayFromZero	4143	0	7
atanh	57	42	Ceiling	4143	0	7
atanh	57	42	Floor	4143	0	7
atanh	57	42	HalfAwayFromZero	4143	0	7
atanh	57	42	HalfToEven	4143	0	7
atanh	57	42	HalfTowardZero	4143	0	7
atanh	57	42	Trunc	4143	0	7
atanh	57	42	ZeroFiveUp	4143	0	7
atanh	57	56	AwayFromZero	4143	0	7
atanh	57	56	Ceiling	4143	0	7
atanh	57	56	Floor	4143	0	7
atanh	57	56	HalfAwayFromZero	4143	0	7
atanh	57	56	HalfToEven	4143	0	7
atanh	57	56	HalfTowardZero	4143	0	7
atanh	57	56	Trunc	4143	0	7
atanh	57	56	ZeroFiveUp	4143	0	7
atanh	616	0	AwayFromZero	1	0	4149
atanh	616	0	Ceiling	1	0	4149
atanh	616	0	Floor	1	0	4149
atanh	616	0	HalfAwayFromZero	1	0	4149
atanh	616	0	HalfToEven	1	0	4149
atanh	616	0	HalfTowardZero	1	0	4149
atanh	616	0	Trunc	1	0	4149
atanh	616	0	ZeroFiveUp	1	0	4149
atanh	616	130	AwayFromZero	4148	0	2
atanh	616	130	Ceiling	4148	0	2
atanh	616	130	Floor	4148	0	2
atanh	616	130	HalfAwayFromZero	4148	0	2
atanh	616	130	HalfToEven	4148	0	2
atanh	616	130	HalfTowardZero	4148	0	2
atanh	616	130	Trunc	4148	0	2
atanh	616	130	ZeroFiveUp	4148	0	2
atanh	616	154	AwayFromZero	4148	0	2
atanh	616	154	Ceiling	4148	0	2
atanh	616	154	Floor	4148	0	2
atanh	616	154	HalfAwayFromZero	4148	0	2
atanh	616	154	HalfToEven	4148	0	2
atanh	616	154	HalfTowardZero	4148	0	2
atanh	616	154	Trunc	4148	0	2
atanh	616	154	ZeroFiveUp	4148	0	2
atanh	616	240	AwayFromZero	4150	0	0
atanh	616	240	Ceiling	4150	0	0
atanh	616	240	Floor	4150	0	0
atanh	616	240	HalfAwayFromZero	4150	0	0
atanh	616	240	HalfToEven	4150	0	0
atanh	616	240	HalfTowardZero	4150	0	0
atanh	616	240	Trunc	4150	0	0
atanh	616	240	ZeroFiveUp	4150	0	0
atanh	616	30	AwayFromZero	4116	0	34
atanh	616	30	Ceiling	4116	0	34
atanh	616	30	Floor	4116	0	34
atanh	616	30	HalfAwayFromZero	4116	0	34
atanh	616	30	HalfToEven	4116	0	34
atanh	616	30	HalfTowardZero	4116	0	34
atanh	616	30	Trunc	4116	0	34
atanh	616	30	ZeroFiveUp	4116	0	34
atanh	616	308	AwayFromZero	4150	0	0
atanh	616	308	Ceiling	4150	0	0
atanh	616	308	Floor	4150	0	0
atanh	616	308	HalfAwayFromZero	4150	0	0
atanh	616	308	HalfToEven	4150	0	0
atanh	616	308	HalfTowardZero	4150	0	0
atanh	616	308	Trunc	4150	0	0
atanh	616	308	ZeroFiveUp	4150	0	0
atanh	616	462	AwayFromZero	4150	0	0
atanh	616	462	Ceiling	4150	0	0
atanh	616	462	Floor	4150	0	0
atanh	616	462	HalfAwayFromZero	4150	0	0
atanh	616	462	HalfToEven	4150	0	0
atanh	616	462	HalfTowardZero	4150	0	0
atanh	616	462	Trunc	4150	0	0
atanh	616	462	ZeroFiveUp	4150	0	0
atanh	616	590	AwayFromZero	4150	0	0
atanh	616	590	Ceiling	4150	0	0
atanh	616	590	Floor	4150	0	0
atanh	616	590	HalfAwayFromZero	4150	0	0
atanh	616	590	HalfToEven	4150	0	0
atanh	616	590	HalfTowardZero	4150	0	0
atanh	616	590	Trunc	4150	0	0
atanh	616	590	ZeroFiveUp	4150	0	0
atanh	616	615	AwayFromZero	4150	0	0
atanh	616	615	Ceiling	4150	0	0
atanh	616	615	Floor	4150	0	0
atanh	616	615	HalfAwayFromZero	4150	0	0
atanh	616	615	HalfToEven	4150	0	0
atanh	616	615	HalfTowardZero	4150	0	0
atanh	616	615	Trunc	4150	0	0
atanh	616	615	ZeroFiveUp	4150	0	0
atanh	76	0	AwayFromZero	1	0	4149
atanh	76	0	Ceiling	1	0	4149
atanh	76	0	Floor	1	0	4149
atanh	76	0	HalfAwayFromZero	1	0	4149
atanh	76	0	HalfToEven	1	0	4149
atanh	76	0	HalfTowardZero	1	0	4149
atanh	76	0	Trunc	1	0	4149
atanh	76	0	ZeroFiveUp	1	0	4149
atanh	76	18	AwayFromZero	998	0	3152
atanh	76	18	Ceiling	998	0	3152
atanh	76	18	Floor	998	0	3152
atanh	76	18	HalfAwayFromZero	998	0	3152
atanh	76	18	HalfToEven	998	0	3152
atanh	76	18	HalfTowardZero	998	0	3152
atanh	76	18	Trunc	998	0	3152
atanh	76	18	ZeroFiveUp	998	0	3152
atanh	76	19	AwayFromZero	1231	0	2919
atanh	76	19	Ceiling	1231	0	2919
atanh	76	19	Floor	1231	0	2919
atanh	76	19	HalfAwayFromZero	1231	0	2919
atanh	76	19	HalfToEven	1231	0	2919
atanh	76	19	HalfTowardZero	1231	0	2919
atanh	76	19	Trunc	1231	0	2919
atanh	76	19	ZeroFiveUp	1231	0	2919
atanh	76	38	AwayFromZero	4143	0	7
atanh	76	38	Ceiling	4143	0	7
atanh	76	38	Floor	4143	0	7
atanh	76	38	HalfAwayFromZero	4143	0	7
atanh	76	38	HalfToEven	4143	0	7
atanh	76	38	HalfTowardZero	4143	0	7
atanh	76	38	Trunc	4143	0	7
atanh	76	38	ZeroFiveUp	4143	0	7
atanh	76	40	AwayFromZero	4143	0	7
atanh	76	40	Ceiling	4143	0	7
atanh	76	40	Floor	4143	0	7
atanh	76	40	HalfAwayFromZero	4143	0	7
atanh	76	40	HalfToEven	4143	0	7
atanh	76	40	HalfTowardZero	4143	0	7
atanh	76	40	Trunc	4143	0	7
atanh	76	40	ZeroFiveUp	4143	0	7
atanh	76	57	AwayFromZero	4143	0	7
atanh	76	57	Ceiling	4143	0	7
atanh	76	57	Floor	4143	0	7
atanh	76	57	HalfAwayFromZero	4143	0	7
atanh	76	57	HalfToEven	4143	0	7
atanh	76	57	HalfTowardZero	4143	0	7
atanh	76	57	Trunc	4143	0	7
atanh	76	57	ZeroFiveUp	4143	0	7
atanh	76	75	AwayFromZero	4145	0	5
atanh	76	75	Ceiling	4145	0	5
atanh	76	75	Floor	4145	0	5
atanh	76	75	HalfAwayFromZero	4145	0	5
atanh	76	75	HalfToEven	4145	0	5
atanh	76	75	HalfTowardZero	4145	0	5
atanh	76	75	Trunc	4145	0	5
atanh	76	75	ZeroFiveUp	4145	0	5
atanh	924	0	AwayFromZero	1	0	4149
atanh	924	0	Ceiling	1	0	4149
atanh	924	0	Floor	1	0	4149
atanh	924	0	HalfAwayFromZero	1	0	4149
atanh	924	0	HalfToEven	1	0	4149
atanh	924	0	HalfTowardZero	1	0	4149
atanh	924	0	Trunc	1	0	4149
atanh	924	0	ZeroFiveUp	1	0	4149
atanh	924	180	AwayFromZero	4150	0	0
atanh	924	180	Ceiling	4150	0	0
atanh	924	180	Floor	4150	0	0
atanh	924	180	HalfAwayFromZero	4150	0	0
atanh	924	180	HalfToEven	4150	0	0
atanh	924	180	HalfTowardZero	4150	0	0
atanh	924	180	Trunc	4150	0	0
atanh	924	180	ZeroFiveUp	4150	0	0
atanh	924	231	AwayFromZero	4150	0	0
atanh	924	231	Ceiling	4150	0	0
atanh	924	231	Floor	4150	0	0
atanh	924	231	HalfAwayFromZero	4150	0	0
atanh	924	231	HalfToEven	4150	0	0
atanh	924	231	HalfTowardZero	4150	0	0
atanh	924	231	Trunc	4150	0	0
atanh	924	231	ZeroFiveUp	4150	0	0
atanh	924	30	AwayFromZero	4116	0	34
atanh	924	30	Ceiling	4116	0	34
atanh	924	30	Floor	4116	0	34
atanh	924	30	HalfAwayFromZero	4116	0	34
atanh	924	30	HalfToEven	4116	0	34
atanh	924	30	HalfTowardZero	4116	0	34
atanh	924	30	Trunc	4116	0	34
atanh	924	30	ZeroFiveUp	4116	0	34
atanh	924	350	AwayFromZero	4150	0	0
atanh	924	350	Ceiling	4150	0	0
atanh	924	350	Floor	4150	0	0
atanh	924	350	HalfAwayFromZero	4150	0	0
atanh	924	350	HalfToEven	4150	0	0
atanh	924	350	HalfTowardZero	4150	0	0
atanh	924	350	Trunc	4150	0	0
atanh	924	350	ZeroFiveUp	4150	0	0
atanh	924	462	AwayFromZero	4150	0	0
atanh	924	462	Ceiling	4150	0	0
atanh	924	462	Floor	4150	0	0
atanh	924	462	HalfAwayFromZero	4150	0	0
atanh	924	462	HalfToEven	4150	0	0
atanh	924	462	HalfTowardZero	4150	0	0
atanh	924	462	Trunc	4150	0	0
atanh	924	462	ZeroFiveUp	4150	0	0
atanh	924	693	AwayFromZero	4150	0	0
atanh	924	693	Ceiling	4150	0	0
atanh	924	693	Floor	4150	0	0
atanh	924	693	HalfAwayFromZero	4150	0	0
atanh	924	693	HalfToEven	4150	0	0
atanh	924	693	HalfTowardZero	4150	0	0
atanh	924	693	Trunc	4150	0	0
atanh	924	693	ZeroFiveUp	4150	0	0
atanh	924	900	AwayFromZero	4150	0	0
atanh	924	900	Ceiling	4150	0	0
atanh	924	900	Floor	4150	0	0
atanh	924	900	HalfAwayFromZero	4150	0	0
atanh	924	900	HalfToEven	4150	0	0
atanh	924	900	HalfTowardZero	4150	0	0
atanh	924	900	Trunc	4150	0	0
atanh	924	900	ZeroFiveUp	4150	0	0
atanh	924	923	AwayFromZero	4150	0	0
atanh	924	923	Ceiling	4150	0	0
atanh	924	923	Floor	4150	0	0
atanh	924	923	HalfAwayFromZero	4150	0	0
atanh	924	923	HalfToEven	4150	0	0
atanh	924	923	HalfTowardZero	4150	0	0
atanh	924	923	Trunc	4150	0	0
atanh	924	923	ZeroFiveUp	4150	0	0
cbrt	115	0	AwayFromZero	1639	0	4041
cbrt	115	0	Ceiling	1639	0	4041
cbrt	115	0	Floor	1639	0	4041
cbrt	115	0	HalfAwayFromZero	1639	0	4041
cbrt	115	0	HalfToEven	1639	0	4041
cbrt	115	0	HalfTowardZero	1639	0	4041
cbrt	115	0	Trunc	1639	0	4041
cbrt	115	0	ZeroFiveUp	1639	0	4041
cbrt	115	114	AwayFromZero	943	0	4737
cbrt	115	114	Ceiling	943	0	4737
cbrt	115	114	Floor	943	0	4737
cbrt	115	114	HalfAwayFromZero	943	0	4737
cbrt	115	114	HalfToEven	943	0	4737
cbrt	115	114	HalfTowardZero	943	0	4737
cbrt	115	114	Trunc	943	0	4737
cbrt	115	114	ZeroFiveUp	943	0	4737
cbrt	115	28	AwayFromZero	4617	0	1063
cbrt	115	28	Ceiling	4617	0	1063
cbrt	115	28	Floor	4617	0	1063
cbrt	115	28	HalfAwayFromZero	4617	0	1063
cbrt	115	28	HalfToEven	4617	0	1063
cbrt	115	28	HalfTowardZero	4617	0	1063
cbrt	115	28	Trunc	4617	0	1063
cbrt	115	28	ZeroFiveUp	4617	0	1063
cbrt	115	50	AwayFromZero	4517	0	1163
cbrt	115	50	Ceiling	4517	0	1163
cbrt	115	50	Floor	4517	0	1163
cbrt	115	50	HalfAwayFromZero	4517	0	1163
cbrt	115	50	HalfToEven	4517	0	1163
cbrt	115	50	HalfTowardZero	4517	0	1163
cbrt	115	50	Trunc	4517	0	1163
cbrt	115	50	ZeroFiveUp	4517	0	1163
cbrt	115	57	AwayFromZero	4521	0	1159
cbrt	115	57	Ceiling	4521	0	1159
cbrt	115	57	Floor	4521	0	1159
cbrt	115	57	HalfAwayFromZero	4521	0	1159
cbrt	115	57	HalfToEven	4521	0	1159
cbrt	115	57	HalfTowardZero	4521	0	1159
cbrt	115	57	Trunc	4521	0	1159
cbrt	115	57	ZeroFiveUp	4521	0	1159
cbrt	115	86	AwayFromZero	4080	0	1600
cbrt	115	86	Ceiling	4080	0	1600
cbrt	115	86	Floor	4080	0	1600
cbrt	115	86	HalfAwayFromZero	4080	0	1600
cbrt	115	86	HalfToEven	4080	0	1600
cbrt	115	86	HalfTowardZero	4080	0	1600
cbrt	115	86	Trunc	4080	0	1600
cbrt	115	86	ZeroFiveUp	4080	0	1600
cbrt	1232	0	AwayFromZero	2410	0	3270
cbrt	1232	0	Ceiling	2410	0	3270
cbrt	1232	0	Floor	2410	0	3270
cbrt	1232	0	HalfAwayFromZero	2410	0	3270
cbrt	1232	0	HalfToEven	2410	0	3270
cbrt	1232	0	HalfTowardZero	2410	0	3270
cbrt	1232	0	Trunc	2410	0	3270
cbrt	1232	0	ZeroFiveUp	2410	0	3270
cbrt	1232	1200	AwayFromZero	4118	0	1562
cbrt	1232	1200	Ceiling	4118	0	1562
cbrt	1232	1200	Floor	4118	0	1562
cbrt	1232	1200	HalfAwayFromZero	4118	0	1562
cbrt	1232	1200	HalfToEven	4118	0	1562
cbrt	1232	1200	HalfTowardZero	4118	0	1562
cbrt	1232	1200	Trunc	4118	0	1562
cbrt	1232	1200	ZeroFiveUp	4118	0	1562
cbrt	1232	1231	AwayFromZero	1010	0	4670
cbrt	1232	1231	Ceiling	1010	0	4670
cbrt	1232	1231	Floor	1010	0	4670
cbrt	1232	1231	HalfAwayFromZero	1010	0	4670
cbrt	1232	1231	HalfToEven	1010	0	4670
cbrt	1232	1231	HalfTowardZero	1010	0	4670
cbrt	1232	1231	Trunc	1010	0	4670
cbrt	1232	1231	ZeroFiveUp	1010	0	4670
cbrt	1232	250	AwayFromZero	5620	0	60
cbrt	1232	250	Ceiling	5620	0	60
cbrt	1232	250	Floor	5620	0	60
cbrt	1232	250	HalfAwayFromZero	5620	0	60
cbrt	1232	250	HalfToEven	5620	0	60
cbrt	1232	250	HalfTowardZero	5620	0	60
cbrt	1232	250	Trunc	5620	0	60
cbrt	1232	250	ZeroFiveUp	5620	0	60
cbrt	1232	30	AwayFromZero	5585	0	95
cbrt	1232	30	Ceiling	5585	0	95
cbrt	1232	30	Floor	5585	0	95
cbrt	1232	30	HalfAwayFromZero	5585	0	95
cbrt	1232	30	HalfToEven	5585	0	95
cbrt	1232	30	HalfTowardZero	5585	0	95
cbrt	1232	30	Trunc	5585	0	95
cbrt	1232	30	ZeroFiveUp	5585	0	95
cbrt	1232	308	AwayFromZero	5624	0	56
cbrt	1232	308	Ceiling	5624	0	56
cbrt	1232	308	Floor	5624	0	56
cbrt	1232	308	HalfAwayFromZero	5624	0	56
cbrt	1232	308	HalfToEven	5624	0	56
cbrt	1232	308	HalfTowardZero	5624	0	56
cbrt	1232	308	Trunc	5624	0	56
cbrt	1232	308	ZeroFiveUp	5624	0	56
cbrt	1232	470	AwayFromZero	5558	0	122
cbrt	1232	470	Ceiling	5558	0	122
cbrt	1232	470	Floor	5558	0	122
cbrt	1232	470	HalfAwayFromZero	5558	0	122
cbrt	1232	470	HalfToEven	5558	0	122
cbrt	1232	470	HalfTowardZero	5558	0	122
cbrt	1232	470	Trunc	5558	0	122
cbrt	1232	470	ZeroFiveUp	5558	0	122
cbrt	1232	616	AwayFromZero	5524	0	156
cbrt	1232	616	Ceiling	5524	0	156
cbrt	1232	616	Floor	5524	0	156
cbrt	1232	616	HalfAwayFromZero	5524	0	156
cbrt	1232	616	HalfToEven	5524	0	156
cbrt	1232	616	HalfTowardZero	5524	0	156
cbrt	1232	616	Trunc	5524	0	156
cbrt	1232	616	ZeroFiveUp	5524	0	156
cbrt	1232	924	AwayFromZero	5314	0	366
cbrt	1232	924	Ceiling	5314	0	366
cbrt	1232	924	Floor	5314	0	366
cbrt	1232	924	HalfAwayFromZero	5314	0	366
cbrt	1232	924	HalfToEven	5314	0	366
cbrt	1232	924	HalfTowardZero	5314	0	366
cbrt	1232	924	Trunc	5314	0	366
cbrt	1232	924	ZeroFiveUp	5314	0	366
cbrt	153	0	AwayFromZero	1754	0	3926
cbrt	153	0	Ceiling	1754	0	3926
cbrt	153	0	Floor	1754	0	3926
cbrt	153	0	HalfAwayFromZero	1754	0	3926
cbrt	153	0	HalfToEven	1754	0	3926
cbrt	153	0	HalfTowardZero	1754	0	3926
cbrt	153	0	Trunc	1754	0	3926
cbrt	153	0	ZeroFiveUp	1754	0	3926
cbrt	153	114	AwayFromZero	4258	0	1422
cbrt	153	114	Ceiling	4258	0	1422
cbrt	153	114	Floor	4258	0	1422
cbrt	153	114	HalfAwayFromZero	4258	0	1422
cbrt	153	114	HalfToEven	4258	0	1422
cbrt	153	114	HalfTowardZero	4258	0	1422
cbrt	153	114	Trunc	4258	0	1422
cbrt	153	114	ZeroFiveUp	4258	0	1422
cbrt	153	152	AwayFromZero	1010	0	4670
cbrt	153	152	Ceiling	1010	0	4670
cbrt	153	152	Floor	1010	0	4670
cbrt	153	152	HalfAwayFromZero	1010	0	4670
cbrt	153	152	HalfToEven	1010	0	4670
cbrt	153	152	HalfTowardZero	1010	0	4670
cbrt	153	152	Trunc	1010	0	4670
cbrt	153	152	ZeroFiveUp	1010	0	4670
cbrt	153	38	AwayFromZero	4857	0	823
cbrt	153	38	Ceiling	4857	0	823
cbrt	153	38	Floor	4857	0	823
cbrt	153	38	HalfAwayFromZero	4857	0	823
cbrt	153	38	HalfToEven	4857	0	823
cbrt	153	38	HalfTowardZero	4857	0	823
cbrt	153	38	Trunc	4857	0	823
cbrt	153	38	ZeroFiveUp	4857	0	823
cbrt	153	76	AwayFromZero	4660	0	1020
cbrt	153	76	Ceiling	4660	0	1020
cbrt	153	76	Floor	4660	0	1020
cbrt	153	76	HalfAwayFromZero	4660	0	1020
cbrt	153	76	HalfToEven	4660	0	1020
cbrt	153	76	HalfTowardZero	4660	0	1020
cbrt	153	76	Trunc	4660	0	1020
cbrt	153	76	ZeroFiveUp	4660	0	1020
cbrt	18	0	AwayFromZero	680	0	5000
cbrt	18	0	Ceiling	680	0	5000
cbrt	18	0	Floor	680	0	5000
cbrt	18	0	HalfAwayFromZero	680	0	5000
cbrt	18	0	HalfToEven	680	0	5000
cbrt	18	0	HalfTowardZero	680	0	5000
cbrt	18	0	Trunc	680	0	5000
cbrt	18	0	ZeroFiveUp	680	0	5000
cbrt	18	13	AwayFromZero	1013	0	4667
cbrt	18	13	Ceiling	1013	0	4667
cbrt	18	13	Floor	1013	0	4667
cbrt	18	13	HalfAwayFromZero	1013	0	4667
cbrt	18	13	HalfToEven	1013	0	4667
cbrt	18	13	HalfTowardZero	1013	0	4667
cbrt	18	13	Trunc	1013	0	4667
cbrt	18	13	ZeroFiveUp	1013	0	4667
cbrt	18	17	AwayFromZero	223	0	5457
cbrt	18	17	Ceiling	223	0	5457
cbrt	18	17	Floor	223	0	5457
cbrt	18	17	HalfAwayFromZero	223	0	5457
cbrt	18	17	HalfToEven	223	0	5457
cbrt	18	17	HalfTowardZero	223	0	5457
cbrt	18	17	Trunc	223	0	5457
cbrt	18	17	ZeroFiveUp	223	0	5457
cbrt	18	3	AwayFromZero	613	0	5067
cbrt	18	3	Ceiling	613	0	5067
cbrt	18	3	Floor	613	0	5067
cbrt	18	3	HalfAwayFromZero	613	0	5067
cbrt	18	3	HalfToEven	613	0	5067
cbrt	18	3	HalfTowardZero	613	0	5067
cbrt	18	3	Trunc	613	0	5067
cbrt	18	3	ZeroFiveUp	613	0	5067
cbrt	18	4	AwayFromZero	790	0	4890
cbrt	18	4	Ceiling	790	0	4890
cbrt	18	4	Floor	790	0	4890
cbrt	18	4	HalfAwayFromZero	790	0	4890
cbrt	18	4	HalfToEven	790	0	4890
cbrt	18	4	HalfTowardZero	790	0	4890
cbrt	18	4	Trunc	790	0	4890
cbrt	18	4	ZeroFiveUp	790	0	4890
cbrt	18	9	AwayFromZero	977	0	4703
cbrt	18	9	Ceiling	977	0	4703
cbrt	18	9	Floor	977	0	4703
cbrt	18	9	HalfAwayFromZero	977	0	4703
cbrt	18	9	HalfToEven	977	0	4703
cbrt	18	9	HalfTowardZero	977	0	4703
cbrt	18	9	Trunc	977	0	4703
cbrt	18	9	ZeroFiveUp	977	0	4703
cbrt	230	0	AwayFromZero	1936	0	3744
cbrt	230	0	Ceiling	1936	0	3744
cbrt	230	0	Floor	1936	0	3744
cbrt	230	0	HalfAwayFromZero	1936	0	3744
cbrt	230	0	HalfToEven	1936	0	3744
cbrt	230	0	HalfTowardZero	1936	0	3744
cbrt	230	0	Trunc	1936	0	3744
cbrt	230	0	ZeroFiveUp	1936	0	3744
cbrt	230	115	AwayFromZero	4873	0	807
cbrt	230	115	Ceiling	4873	0	807
cbrt	230	115	Floor	4873	0	807
cbrt	230	115	HalfAwayFromZero	4873	0	807
cbrt	230	115	HalfToEven	4873	0	807
cbrt	230	115	HalfTowardZero	4873	0	807
cbrt	230	115	Trunc	4873	0	807
cbrt	230	115	ZeroFiveUp	4873	0	807
cbrt	230	172	AwayFromZero	4539	0	1141
cbrt	230	172	Ceiling	4539	0	1141
cbrt	230	172	Floor	4539	0	1141
cbrt	230	172	HalfAwayFromZero	4539	0	1141
cbrt	230	172	HalfToEven	4539	0	1141
cbrt	230	172	HalfTowardZero	4539	0	1141
cbrt	230	172	Trunc	4539	0	1141
cbrt	230	172	ZeroFiveUp	4539	0	1141
cbrt	230	229	AwayFromZero	1018	0	4662
cbrt	230	229	Ceiling	1018	0	4662
cbrt	230	229	Floor	1018	0	4662
cbrt	230	229	HalfAwayFromZero	1018	0	4662
cbrt	230	229	HalfToEven	1018	0	4662
cbrt	230	229	HalfTowardZero	1018	0	4662
cbrt	230	229	Trunc	1018	0	4662
cbrt	230	229	ZeroFiveUp	1018	0	4662
cbrt	230	30	AwayFromZero	5005	0	675
cbrt	230	30	Ceiling	5005	0	675
cbrt	230	30	Floor	5005	0	675
cbrt	230	30	HalfAwayFromZero	5005	0	675
cbrt	230	30	HalfToEven	5005	0	675
cbrt	230	30	HalfTowardZero	5005	0	675
cbrt	230	30	Trunc	5005	0	675
cbrt	230	30	ZeroFiveUp	5005	0	675
cbrt	230	57	AwayFromZero	5016	0	664
cbrt	230	57	Ceiling	5016	0	664
cbrt	230	57	Floor	5016	0	664
cbrt	230	57	HalfAwayFromZero	5016	0	664
cbrt	230	57	HalfToEven	5016	0	664
cbrt	230	57	HalfTowardZero	5016	0	664
cbrt	230	57	Trunc	5016	0	664
cbrt	230	57	ZeroFiveUp	5016	0	664
cbrt	307	0	AwayFromZero	2046	0	3634
cbrt	307	0	Ceiling	2046	0	3634
cbrt	307	0	Floor	2046	0	3634
cbrt	307	0	HalfAwayFromZero	2046	0	3634
cbrt	307	0	HalfToEven	2046	0	3634
cbrt	307	0	HalfTowardZero	2046	0	3634
cbrt	307	0	Trunc	2046	0	3634
cbrt	307	0	ZeroFiveUp	2046	0	3634
cbrt	307	120	AwayFromZero	5026	0	654
cbrt	307	120	Ceiling	5026	0	654
cbrt	307	120	Floor	5026	0	654
cbrt	307	120	HalfAwayFromZero	5026	0	654
cbrt	307	120	HalfToEven	5026	0	654
cbrt	307	120	HalfTowardZero	5026	0	654
cbrt	307	120	Trunc	5026	0	654
cbrt	307	120	ZeroFiveUp	5026	0	654
cbrt	307	153	AwayFromZero	4992	0	688
cbrt	307	153	Ceiling	4992	0	688
cbrt	307	153	Floor	4992	0	688
cbrt	307	153	HalfAwayFromZero	4992	0	688
cbrt	307	153	HalfToEven	4992	0	688
cbrt	307	153	HalfTowardZero	4992	0	688
cbrt	307	153	Trunc	4992	0	688
cbrt	307	153	ZeroFiveUp	4992	0	688
cbrt	307	230	AwayFromZero	4678	0	1002
cbrt	307	230	Ceiling	4678	0	1002
cbrt	307	230	Floor	4678	0	1002
cbrt	307	230	HalfAwayFromZero	4678	0	1002
cbrt	307	230	HalfToEven	4678	0	1002
cbrt	307	230	HalfTowardZero	4678	0	1002
cbrt	307	230	Trunc	4678	0	1002
cbrt	307	230	ZeroFiveUp	4678	0	1002
cbrt	307	290	AwayFromZero	3896	0	1784
cbrt	307	290	Ceiling	3896	0	1784
cbrt	307	290	Floor	3896	0	1784
cbrt	307	290	HalfAwayFromZero	3896	0	1784
cbrt	307	290	HalfToEven	3896	0	1784
cbrt	307	290	HalfTowardZero	3896	0	1784
cbrt	307	290	Trunc	3896	0	1784
cbrt	307	290	ZeroFiveUp	3896	0	1784
cbrt	307	30	AwayFromZero	5149	0	531
cbrt	307	30	Ceiling	5149	0	531
cbrt	307	30	Floor	5149	0	531
cbrt	307	30	HalfAwayFromZero	5149	0	531
cbrt	307	30	HalfToEven	5149	0	531
cbrt	307	30	HalfTowardZero	5149	0	531
cbrt	307	30	Trunc	5149	0	531
cbrt	307	30	ZeroFiveUp	5149	0	531
cbrt	307	306	AwayFromZero	1024	0	4656
cbrt	307	306	Ceiling	1024	0	4656
cbrt	307	306	Floor	1024	0	4656
cbrt	307	306	HalfAwayFromZero	1024	0	4656
cbrt	307	306	HalfToEven	1024	0	4656
cbrt	307	306	HalfTowardZero	1024	0	4656
cbrt	307	306	Trunc	1024	0	4656
cbrt	307	306	ZeroFiveUp	1024	0	4656
cbrt	307	50	AwayFromZero	5156	0	524
cbrt	307	50	Ceiling	5156	0	524
cbrt	307	50	Floor	5156	0	524
cbrt	307	50	HalfAwayFromZero	5156	0	524
cbrt	307	50	HalfToEven	5156	0	524
cbrt	307	50	HalfTowardZero	5156	0	524
cbrt	307	50	Trunc	5156	0	524
cbrt	307	50	ZeroFiveUp	5156	0	524
cbrt	307	70	AwayFromZero	5160	0	520
cbrt	307	70	Ceiling	5160	0	520
cbrt	307	70	Floor	5160	0	520
cbrt	307	70	HalfAwayFromZero	5160	0	520
cbrt	307	70	HalfToEven	5160	0	520
cbrt	307	70	HalfTowardZero	5160	0	520
cbrt	307	70	Trunc	5160	0	520
cbrt	307	70	ZeroFiveUp	5160	0	520
cbrt	307	76	AwayFromZero	5164	0	516
cbrt	307	76	Ceiling	5164	0	516
cbrt	307	76	Floor	5164	0	516
cbrt	307	76	HalfAwayFromZero	5164	0	516
cbrt	307	76	HalfToEven	5164	0	516
cbrt	307	76	HalfTowardZero	5164	0	516
cbrt	307	76	Trunc	5164	0	516
cbrt	307	76	ZeroFiveUp	5164	0	516
cbrt	38	0	AwayFromZero	1025	0	4655
cbrt	38	0	Ceiling	1025	0	4655
cbrt	38	0	Floor	1025	0	4655
cbrt	38	0	HalfAwayFromZero	1025	0	4655
cbrt	38	0	HalfToEven	1025	0	4655
cbrt	38	0	HalfTowardZero	1025	0	4655
cbrt	38	0	Trunc	1025	0	4655
cbrt	38	0	ZeroFiveUp	1025	0	4655
cbrt	38	10	AwayFromZero	1471	0	4209
cbrt	38	10	Ceiling	1471	0	4209
cbrt	38	10	Floor	1471	0	4209
cbrt	38	10	HalfAwayFromZero	1471	0	4209
cbrt	38	10	HalfToEven	1471	0	4209
cbrt	38	10	HalfTowardZero	1471	0	4209
cbrt	38	10	Trunc	1471	0	4209
cbrt	38	10	ZeroFiveUp	1471	0	4209
cbrt	38	12	AwayFromZero	1313	0	4367
cbrt	38	12	Ceiling	1313	0	4367
cbrt	38	12	Floor	1313	0	4367
cbrt	38	12	HalfAwayFromZero	1313	0	4367
cbrt	38	12	HalfToEven	1313	0	4367
cbrt	38	12	HalfTowardZero	1313	0	4367
cbrt	38	12	Trunc	1313	0	4367
cbrt	38	12	ZeroFiveUp	1313	0	4367
cbrt	38	17	AwayFromZero	1746	0	3934
cbrt	38	17	Ceiling	1746	0	3934
cbrt	38	17	Floor	1746	0	3934
cbrt	38	17	HalfAwayFromZero	1746	0	3934
cbrt	38	17	HalfToEven	1746	0	3934
cbrt	38	17	HalfTowardZero	1746	0	3934
cbrt	38	17	Trunc	1746	0	3934
cbrt	38	17	ZeroFiveUp	1746	0	3934
cbrt	38	18	AwayFromZero	1761	0	3919
cbrt	38	18	Ceiling	1761	0	3919
cbrt	38	18	Floor	1761	0	3919
cbrt	38	18	HalfAwayFromZero	1761	0	3919
cbrt	38	18	HalfToEven	1761	0	3919
cbrt	38	18	HalfTowardZero	1761	0	3919
cbrt	38	18	Trunc	1761	0	3919
cbrt	38	18	ZeroFiveUp	1761	0	3919
cbrt	38	19	AwayFromZero	1976	0	3704
cbrt	38	19	Ceiling	1976	0	3704
cbrt	38	19	Floor	1976	0	3704
cbrt	38	19	HalfAwayFromZero	1976	0	3704
cbrt	38	19	HalfToEven	1976	0	3704
cbrt	38	19	HalfTowardZero	1976	0	3704
cbrt	38	19	Trunc	1976	0	3704
cbrt	38	19	ZeroFiveUp	1976	0	3704
cbrt	38	2	AwayFromZero	885	0	4795
cbrt	38	2	Ceiling	885	0	4795
cbrt	38	2	Floor	885	0	4795
cbrt	38	2	HalfAwayFromZero	885	0	4795
cbrt	38	2	HalfToEven	885	0	4795
cbrt	38	2	HalfTowardZero	885	0	4795
cbrt	38	2	Trunc	885	0	4795
cbrt	38	2	ZeroFiveUp	885	0	4795
cbrt	38	28	AwayFromZero	3421	0	2259
cbrt	38	28	Ceiling	3421	0	2259
cbrt	38	28	Floor	3421	0	2259
cbrt	38	28	HalfAwayFromZero	3421	0	2259
cbrt	38	28	HalfToEven	3421	0	2259
cbrt	38	28	HalfTowardZero	3421	0	2259
cbrt	38	28	Trunc	3421	0	2259
cbrt	38	28	ZeroFiveUp	3421	0	2259
cbrt	38	37	AwayFromZero	927	0	4753
cbrt	38	37	Ceiling	927	0	4753
cbrt	38	37	Floor	927	0	4753
cbrt	38	37	HalfAwayFromZero	927	0	4753
cbrt	38	37	HalfToEven	927	0	4753
cbrt	38	37	HalfTowardZero	927	0	4753
cbrt	38	37	Trunc	927	0	4753
cbrt	38	37	ZeroFiveUp	927	0	4753
cbrt	38	6	AwayFromZero	1069	0	4611
cbrt	38	6	Ceiling	1069	0	4611
cbrt	38	6	Floor	1069	0	4611
cbrt	38	6	HalfAwayFromZero	1069	0	4611
cbrt	38	6	HalfToEven	1069	0	4611
cbrt	38	6	HalfTowardZero	1069	0	4611
cbrt	38	6	Trunc	1069	0	4611
cbrt	38	6	ZeroFiveUp	1069	0	4611
cbrt	38	9	AwayFromZero	1364	0	4316
cbrt	38	9	Ceiling	1364	0	4316
cbrt	38	9	Floor	1364	0	4316
cbrt	38	9	HalfAwayFromZero	1364	0	4316
cbrt	38	9	HalfToEven	1364	0	4316
cbrt	38	9	HalfTowardZero	1364	0	4316
cbrt	38	9	Trunc	1364	0	4316
cbrt	38	9	ZeroFiveUp	1364	0	4316
cbrt	462	0	AwayFromZero	2190	0	3490
cbrt	462	0	Ceiling	2190	0	3490
cbrt	462	0	Floor	2190	0	3490
cbrt	462	0	HalfAwayFromZero	2190	0	3490
cbrt	462	0	HalfToEven	2190	0	3490
cbrt	462	0	HalfTowardZero	2190	0	3490
cbrt	462	0	Trunc	2190	0	3490
cbrt	462	0	ZeroFiveUp	2190	0	3490
cbrt	462	100	AwayFromZero	5314	0	366
cbrt	462	100	Ceiling	5314	0	366
cbrt	462	100	Floor	5314	0	366
cbrt	462	100	HalfAwayFromZero	5314	0	366
cbrt	462	100	HalfToEven	5314	0	366
cbrt	462	100	HalfTowardZero	5314	0	366
cbrt	462	100	Trunc	5314	0	366
cbrt	462	100	ZeroFiveUp	5314	0	366
cbrt	462	115	AwayFromZero	5318	0	362
cbrt	462	115	Ceiling	5318	0	362
cbrt	462	115	Floor	5318	0	362
cbrt	462	115	HalfAwayFromZero	5318	0	362
cbrt	462	115	HalfToEven	5318	0	362
cbrt	462	115	HalfTowardZero	5318	0	362
cbrt	462	115	Trunc	5318	0	362
cbrt	462	115	ZeroFiveUp	5318	0	362
cbrt	462	180	AwayFromZero	5178	0	502
cbrt	462	180	Ceiling	5178	0	502
cbrt	462	180	Floor	5178	0	502
cbrt	462	180	HalfAwayFromZero	5178	0	502
cbrt	462	180	HalfToEven	5178	0	502
cbrt	462	180	HalfTowardZero	5178	0	502
cbrt	462	180	Trunc	5178	0	502
cbrt	462	180	ZeroFiveUp	5178	0	502
cbrt	462	231	AwayFromZero	5184	0	496
cbrt	462	231	Ceiling	5184	0	496
cbrt	462	231	Floor	5184	0	496
cbrt	462	231	HalfAwayFromZero	5184	0	496
cbrt	462	231	HalfToEven	5184	0	496
cbrt	462	231	HalfTowardZero	5184	0	496
cbrt	462	231	Trunc	5184	0	496
cbrt	462	231	ZeroFiveUp	5184	0	496
cbrt	462	30	AwayFromZero	5297	0	383
cbrt	462	30	Ceiling	5297	0	383
cbrt	462	30	Floor	5297	0	383
cbrt	462	30	HalfAwayFromZero	5297	0	383
cbrt	462	30	HalfToEven	5297	0	383
cbrt	462	30	HalfTowardZero	5297	0	383
cbrt	462	30	Trunc	5297	0	383
cbrt	462	30	ZeroFiveUp	5297	0	383
cbrt	462	346	AwayFromZero	4893	0	787
cbrt	462	346	Ceiling	4893	0	787
cbrt	462	346	Floor	4893	0	787
cbrt	462	346	HalfAwayFromZero	4893	0	787
cbrt	462	346	HalfToEven	4893	0	787
cbrt	462	346	HalfTowardZero	4893	0	787
cbrt	462	346	Trunc	4893	0	787
cbrt	462	346	ZeroFiveUp	4893	0	787
cbrt	462	461	AwayFromZero	967	0	4713
cbrt	462	461	Ceiling	967	0	4713
cbrt	462	461	Floor	967	0	4713
cbrt	462	461	HalfAwayFromZero	967	0	4713
cbrt	462	461	HalfToEven	967	0	4713
cbrt	462	461	HalfTowardZero	967	0	4713
cbrt	462	461	Trunc	967	0	4713
cbrt	462	461	ZeroFiveUp	967	0	4713
cbrt	57	0	AwayFromZero	1297	0	4383
cbrt	57	0	Ceiling	1297	0	4383
cbrt	57	0	Floor	1297	0	4383
cbrt	57	0	HalfAwayFromZero	1297	0	4383
cbrt	57	0	HalfToEven	1297	0	4383
cbrt	57	0	HalfTowardZero	1297	0	4383
cbrt	57	0	Trunc	1297	0	4383
cbrt	57	0	ZeroFiveUp	1297	0	4383
cbrt	57	14	AwayFromZero	2043	0	3637
cbrt	57	14	Ceiling	2043	0	3637
cbrt	57	14	Floor	2043	0	3637
cbrt	57	14	HalfAwayFromZero	2043	0	3637
cbrt	57	14	HalfToEven	2043	0	3637
cbrt	57	14	HalfTowardZero	2043	0	3637
cbrt	57	14	Trunc	2043	0	3637
cbrt	57	14	ZeroFiveUp	2043	0	3637
cbrt	57	20	AwayFromZero	2325	0	3355
cbrt	57	20	Ceiling	2325	0	3355
cbrt	57	20	Floor	2325	0	3355
cbrt	57	20	HalfAwayFromZero	2325	0	3355
cbrt	57	20	HalfToEven	2325	0	3355
cbrt	57	20	HalfTowardZero	2325	0	3355
cbrt	57	20	Trunc	2325	0	3355
cbrt	57	20	ZeroFiveUp	2325	0	3355
cbrt	57	28	AwayFromZero	3987	0	1693
cbrt	57	28	Ceiling	3987	0	1693
cbrt	57	28	Floor	3987	0	1693
cbrt	57	28	HalfAwayFromZero	3987	0	1693
cbrt	57	28	HalfToEven	3987	0	1693
cbrt	57	28	HalfTowardZero	3987	0	1693
cbrt	57	28	Trunc	3987	0	1693
cbrt	57	28	ZeroFiveUp	3987	0	1693
cbrt	57	30	AwayFromZero	3942	0	1738
cbrt	57	30	Ceiling	3942	0	1738
cbrt	57	30	Floor	3942	0	1738
cbrt	57	30	HalfAwayFromZero	3942	0	1738
cbrt	57	30	HalfToEven	3942	0	1738
cbrt	57	30	HalfTowardZero	3942	0	1738
cbrt	57	30	Trunc	3942	0	1738
cbrt	57	30	ZeroFiveUp	3942	0	1738
cbrt	57	42	AwayFromZero	3663	0	2017
cbrt	57	42	Ceiling	3663	0	2017
cbrt	57	42	Floor	3663	0	2017
cbrt	57	42	HalfAwayFromZero	3663	0	2017
cbrt	57	42	HalfToEven	3663	0	2017
cbrt	57	42	HalfTowardZero	3663	0	2017
cbrt	57	42	Trunc	3663	0	2017
cbrt	57	42	ZeroFiveUp	3663	0	2017
cbrt	57	56	AwayFromZero	962	0	4718
cbrt	57	56	Ceiling	962	0	4718
cbrt	57	56	Floor	962	0	4718
cbrt	57	56	HalfAwayFromZero	962	0	4718
cbrt	57	56	HalfToEven	962	0	4718
cbrt	57	56	HalfTowardZero	962	0	4718
cbrt	57	56	Trunc	962	0	4718
cbrt	57	56	ZeroFiveUp	962	0	4718
cbrt	616	0	AwayFromZero	2262	0	3418
cbrt	616	0	Ceiling	2262	0	3418
cbrt	616	0	Floor	2262	0	3418
cbrt	616	0	HalfAwayFromZero	2262	0	3418
cbrt	616	0	HalfToEven	2262	0	3418
cbrt	616	0	HalfTowardZero	2262	0	3418
cbrt	616	0	Trunc	2262	0	3418
cbrt	616	0	ZeroFiveUp	2262	0	3418
cbrt	616	130	AwayFromZero	5424	0	256
cbrt	616	130	Ceiling	5424	0	256
cbrt	616	130	Floor	5424	0	256
cbrt	616	130	HalfAwayFromZero	5424	0	256
cbrt	616	130	HalfToEven	5424	0	256
cbrt	616	130	HalfTowardZero	5424	0	256
cbrt	616	130	Trunc	5424	0	256
cbrt	616	130	ZeroFiveUp	5424	0	256
cbrt	616	154	AwayFromZero	5430	0	250
cbrt	616	154	Ceiling	5430	0	250
cbrt	616	154	Floor	5430	0	250
cbrt	616	154	HalfAwayFromZero	5430	0	250
cbrt	616	154	HalfToEven	5430	0	250
cbrt	616	154	HalfTowardZero	5430	0	250
cbrt	616	154	Trunc	5430	0	250
cbrt	616	154	ZeroFiveUp	5430	0	250
cbrt	616	240	AwayFromZero	5332	0	348
cbrt	616	240	Ceiling	5332	0	348
cbrt	616	240	Floor	5332	0	348
cbrt	616	240	HalfAwayFromZero	5332	0	348
cbrt	616	240	HalfToEven	5332	0	348
cbrt	616	240	HalfTowardZero	5332	0	348
cbrt	616	240	Trunc	5332	0	348
cbrt	616	240	ZeroFiveUp	5332	0	348
cbrt	616	30	AwayFromZero	5403	0	277
cbrt	616	30	Ceiling	5403	0	277
cbrt	616	30	Floor	5403	0	277
cbrt	616	30	HalfAwayFromZero	5403	0	277
cbrt	616	30	HalfToEven	5403	0	277
cbrt	616	30	HalfTowardZero	5403	0	277
cbrt	616	30	Trunc	5403	0	277
cbrt	616	30	ZeroFiveUp	5403	0	277
cbrt	616	308	AwayFromZero	5298	0	382
cbrt	616	308	Ceiling	5298	0	382
cbrt	616	308	Floor	5298	0	382
cbrt	616	308	HalfAwayFromZero	5298	0	382
cbrt	616	308	HalfToEven	5298	0	382
cbrt	616	308	HalfTowardZero	5298	0	382
cbrt	616	308	Trunc	5298	0	382
cbrt	616	308	ZeroFiveUp	5298	0	382
cbrt	616	462	AwayFromZero	5012	0	668
cbrt	616	462	Ceiling	5012	0	668
cbrt	616	462	Floor	5012	0	668
cbrt	616	462	HalfAwayFromZero	5012	0	668
cbrt	616	462	HalfToEven	5012	0	668
cbrt	616	462	HalfTowardZero	5012	0	668
cbrt	616	462	Trunc	5012	0	668
cbrt	616	462	ZeroFiveUp	5012	0	668
cbrt	616	590	AwayFromZero	3925	0	1755
cbrt	616	590	Ceiling	3925	0	1755
cbrt	616	590	Floor	3925	0	1755
cbrt	616	590	HalfAwayFromZero	3925	0	1755
cbrt	616	590	HalfToEven	3925	0	1755
cbrt	616	590	HalfTowardZero	3925	0	1755
cbrt	616	590	Trunc	3925	0	1755
cbrt	616	590	ZeroFiveUp	3925	0	1755
cbrt	616	615	AwayFromZero	971	0	4709
cbrt	616	615	Ceiling	971	0	4709
cbrt	616	615	Floor	971	0	4709
cbrt	616	615	HalfAwayFromZero	971	0	4709
cbrt	616	615	HalfToEven	971	0	4709
cbrt	616	615	HalfTowardZero	971	0	4709
cbrt	616	615	Trunc	971	0	4709
cbrt	616	615	ZeroFiveUp	971	0	4709
cbrt	76	0	AwayFromZero	1432	0	4248
cbrt	76	0	Ceiling	1432	0	4248
cbrt	76	0	Floor	1432	0	4248
cbrt	76	0	HalfAwayFromZero	1432	0	4248
cbrt	76	0	HalfToEven	1432	0	4248
cbrt	76	0	HalfTowardZero	1432	0	4248
cbrt	76	0	Trunc	1432	0	4248
cbrt	76	0	ZeroFiveUp	1432	0	4248
cbrt	76	18	AwayFromZero	2394	0	3286
cbrt	76	18	Ceiling	2394	0	3286
cbrt	76	18	Floor	2394	0	3286
cbrt	76	18	HalfAwayFromZero	2394	0	3286
cbrt	76	18	HalfToEven	2394	0	3286
cbrt	76	18	HalfTowardZero	2394	0	3286
cbrt	76	18	Trunc	2394	0	3286
cbrt	76	18	ZeroFiveUp	2394	0	3286
cbrt	76	19	AwayFromZero	2609	0	3071
cbrt	76	19	Ceiling	2609	0	3071
cbrt	76	19	Floor	2609	0	3071
cbrt	76	19	HalfAwayFromZero	2609	0	3071
cbrt	76	19	HalfToEven	2609	0	3071
cbrt	76	19	HalfTowardZero	2609	0	3071
cbrt	76	19	Trunc	2609	0	3071
cbrt	76	19	ZeroFiveUp	2609	0	3071
cbrt	76	38	AwayFromZero	4243	0	1437
cbrt	76	38	Ceiling	4243	0	1437
cbrt	76	38	Floor	4243	0	1437
cbrt	76	38	HalfAwayFromZero	4243	0	1437
cbrt	76	38	HalfToEven	4243	0	1437
cbrt	76	38	HalfTowardZero	4243	0	1437
cbrt	76	38	Trunc	4243	0	1437
cbrt	76	38	ZeroFiveUp	4243	0	1437
cbrt	76	40	AwayFromZero	4139	0	1541
cbrt	76	40	Ceiling	4139	0	1541
cbrt	76	40	Floor	4139	0	1541
cbrt	76	40	HalfAwayFromZero	4139	0	1541
cbrt	76	40	HalfToEven	4139	0	1541
cbrt	76	40	HalfTowardZero	4139	0	1541
cbrt	76	40	Trunc	4139	0	1541
cbrt	76	40	ZeroFiveUp	4139	0	1541
cbrt	76	57	AwayFromZero	3888	0	1792
cbrt	76	57	Ceiling	3888	0	1792
cbrt	76	57	Floor	3888	0	1792
cbrt	76	57	HalfAwayFromZero	3888	0	1792
cbrt	76	57	HalfToEven	3888	0	1792
cbrt	76	57	HalfTowardZero	3888	0	1792
cbrt	76	57	Trunc	3888	0	1792
cbrt	76	57	ZeroFiveUp	3888	0	1792
cbrt	76	75	AwayFromZero	966	0	4714
cbrt	76	75	Ceiling	966	0	4714
cbrt	76	75	Floor	966	0	4714
cbrt	76	75	HalfAwayFromZero	966	0	4714
cbrt	76	75	HalfToEven	966	0	4714
cbrt	76	75	HalfTowardZero	966	0	4714
cbrt	76	75	Trunc	966	0	4714
cbrt	76	75	ZeroFiveUp	966	0	4714
cbrt	924	0	AwayFromZero	2372	0	3308
cbrt	924	0	Ceiling	2372	0	3308
cbrt	924	0	Floor	2372	0	3308
cbrt	924	0	HalfAwayFromZero	2372	0	3308
cbrt	924	0	HalfToEven	2372	0	3308
cbrt	924	0	HalfTowardZero	2372	0	3308
cbrt	924	0	Trunc	2372	0	3308
cbrt	924	0	ZeroFiveUp	2372	0	3308
cbrt	924	180	AwayFromZero	5542	0	138
cbrt	924	180	Ceiling	5542	0	138
cbrt	924	180	Floor	5542	0	138
cbrt	924	180	HalfAwayFromZero	5542	0	138
cbrt	924	180	HalfToEven	5542	0	138
cbrt	924	180	HalfTowardZero	5542	0	138
cbrt	924	180	Trunc	5542	0	138
cbrt	924	180	ZeroFiveUp	5542	0	138
cbrt	924	231	AwayFromZero	5548	0	132
cbrt	924	231	Ceiling	5548	0	132
cbrt	924	231	Floor	5548	0	132
cbrt	924	231	HalfAwayFromZero	5548	0	132
cbrt	924	231	HalfToEven	5548	0	132
cbrt	924	231	HalfTowardZero	5548	0	132
cbrt	924	231	Trunc	5548	0	132
cbrt	924	231	ZeroFiveUp	5548	0	132
cbrt	924	30	AwayFromZero	5513	0	167
cbrt	924	30	Ceiling	5513	0	167
cbrt	924	30	Floor	5513	0	167
cbrt	924	30	HalfAwayFromZero	5513	0	167
cbrt	924	30	HalfToEven	5513	0	167
cbrt	924	30	HalfTowardZero	5513	0	167
cbrt	924	30	Trunc	5513	0	167
cbrt	924	30	ZeroFiveUp	5513	0	167
cbrt	924	350	AwayFromZero	5444	0	236
cbrt	924	350	Ceiling	5444	0	236
cbrt	924	350	Floor	5444	0	236
cbrt	924	350	HalfAwayFromZero	5444	0	236
cbrt	924	350	HalfToEven	5444	0	236
cbrt	924	350	HalfTowardZero	5444	0	236
cbrt	924	350	Trunc	5444	0	236
cbrt	924	350	ZeroFiveUp	5444	0	236
cbrt	924	462	AwayFromZero	5448	0	232
cbrt	924	462	Ceiling	5448	0	232
cbrt	924	462	Floor	5448	0	232
cbrt	924	462	HalfAwayFromZero	5448	0	232
cbrt	924	462	HalfToEven	5448	0	232
cbrt	924	462	HalfTowardZero	5448	0	232
cbrt	924	462	Trunc	5448	0	232
cbrt	924	462	ZeroFiveUp	5448	0	232
cbrt	924	693	AwayFromZero	5200	0	480
cbrt	924	693	Ceiling	5200	0	480
cbrt	924	693	Floor	5200	0	480
cbrt	924	693	HalfAwayFromZero	5200	0	480
cbrt	924	693	HalfToEven	5200	0	480
cbrt	924	693	HalfTowardZero	5200	0	480
cbrt	924	693	Trunc	5200	0	480
cbrt	924	693	ZeroFiveUp	5200	0	480
cbrt	924	900	AwayFromZero	3928	0	1752
cbrt	924	900	Ceiling	3928	0	1752
cbrt	924	900	Floor	3928	0	1752
cbrt	924	900	HalfAwayFromZero	3928	0	1752
cbrt	924	900	HalfToEven	3928	0	1752
cbrt	924	900	HalfTowardZero	3928	0	1752
cbrt	924	900	Trunc	3928	0	1752
cbrt	924	900	ZeroFiveUp	3928	0	1752
cbrt	924	923	AwayFromZero	1006	0	4674
cbrt	924	923	Ceiling	1006	0	4674
cbrt	924	923	Floor	1006	0	4674
cbrt	924	923	HalfAwayFromZero	1006	0	4674
cbrt	924	923	HalfToEven	1006	0	4674
cbrt	924	923	HalfTowardZero	1006	0	4674
cbrt	924	923	Trunc	1006	0	4674
cbrt	924	923	ZeroFiveUp	1006	0	4674
cos	115	0	AwayFromZero	83	0	4295
cos	115	0	Ceiling	83	0	4295
cos	115	0	Floor	83	0	4295
cos	115	0	HalfAwayFromZero	83	0	4295
cos	115	0	HalfToEven	83	0	4295
cos	115	0	HalfTowardZero	83	0	4295
cos	115	0	Trunc	83	0	4295
cos	115	0	ZeroFiveUp	83	0	4295
cos	115	114	AwayFromZero	3447	0	931
cos	115	114	Ceiling	3447	0	931
cos	115	114	Floor	3447	0	931
cos	115	114	HalfAwayFromZero	3447	0	931
cos	115	114	HalfToEven	3447	0	931
cos	115	114	HalfTowardZero	3447	0	931
cos	115	114	Trunc	3447	0	931
cos	115	114	ZeroFiveUp	3447	0	931
cos	115	28	AwayFromZero	4198	0	180
cos	115	28	Ceiling	4198	0	180
cos	115	28	Floor	4198	0	180
cos	115	28	HalfAwayFromZero	4198	0	180
cos	115	28	HalfToEven	4198	0	180
cos	115	28	HalfTowardZero	4198	0	180
cos	115	28	Trunc	4198	0	180
cos	115	28	ZeroFiveUp	4198	0	180
cos	115	50	AwayFromZero	4374	0	4
cos	115	50	Ceiling	4374	0	4
cos	115	50	Floor	4374	0	4
cos	115	50	HalfAwayFromZero	4374	0	4
cos	115	50	HalfToEven	4374	0	4
cos	115	50	HalfTowardZero	4374	0	4
cos	115	50	Trunc	4374	0	4
cos	115	50	ZeroFiveUp	4374	0	4
cos	115	57	AwayFromZero	4374	0	4
cos	115	57	Ceiling	4374	0	4
cos	115	57	Floor	4374	0	4
cos	115	57	HalfAwayFromZero	4374	0	4
cos	115	57	HalfToEven	4374	0	4
cos	115	57	HalfTowardZero	4374	0	4
cos	115	57	Trunc	4374	0	4
cos	115	57	ZeroFiveUp	4374	0	4
cos	115	86	AwayFromZero	4376	0	2
cos	115	86	Ceiling	4376	0	2
cos	115	86	Floor	4376	0	2
cos	115	86	HalfAwayFromZero	4376	0	2
cos	115	86	HalfToEven	4376	0	2
cos	115	86	HalfTowardZero	4376	0	2
cos	115	86	Trunc	4376	0	2
cos	115	86	ZeroFiveUp	4376	0	2
cos	1232	0	AwayFromZero	83	0	4295
cos	1232	0	Ceiling	83	0	4295
cos	1232	0	Floor	83	0	4295
cos	1232	0	HalfAwayFromZero	83	0	4295
cos	1232	0	HalfToEven	83	0	4295
cos	1232	0	HalfTowardZero	83	0	4295
cos	1232	0	Trunc	83	0	4295
cos	1232	0	ZeroFiveUp	83	0	4295
cos	1232	1200	AwayFromZero	4378	0	0
cos	1232	1200	Ceiling	4378	0	0
cos	1232	1200	Floor	4378	0	0
cos	1232	1200	HalfAwayFromZero	4378	0	0
cos	1232	1200	HalfToEven	4378	0	0
cos	1232	1200	HalfTowardZero	4378	0	0
cos	1232	1200	Trunc	4378	0	0
cos	1232	1200	ZeroFiveUp	4378	0	0
cos	1232	1231	AwayFromZero	4322	0	56
cos	1232	1231	Ceiling	4322	0	56
cos	1232	1231	Floor	4322	0	56
cos	1232	1231	HalfAwayFromZero	4322	0	56
cos	1232	1231	HalfToEven	4322	0	56
cos	1232	1231	HalfTowardZero	4322	0	56
cos	1232	1231	Trunc	4322	0	56
cos	1232	1231	ZeroFiveUp	4322	0	56
cos	1232	250	AwayFromZero	4378	0	0
cos	1232	250	Ceiling	4378	0	0
cos	1232	250	Floor	4378	0	0
cos	1232	250	HalfAwayFromZero	4378	0	0
cos	1232	250	HalfToEven	4378	0	0
cos	1232	250	HalfTowardZero	4378	0	0
cos	1232	250	Trunc	4378	0	0
cos	1232	250	ZeroFiveUp	4378	0	0
cos	1232	30	AwayFromZero	4265	0	113
cos	1232	30	Ceiling	4265	0	113
cos	1232	30	Floor	4265	0	113
cos	1232	30	HalfAwayFromZero	4265	0	113
cos	1232	30	HalfToEven	4265	0	113
cos	1232	30	HalfTowardZero	4265	0	113
cos	1232	30	Trunc	4265	0	113
cos	1232	30	ZeroFiveUp	4265	0	113
cos	1232	308	AwayFromZero	4378	0	0
cos	1232	308	Ceiling	4378	0	0
cos	1232	308	Floor	4378	0	0
cos	1232	308	HalfAwayFromZero	4378	0	0
cos	1232	308	HalfToEven	4378	0	0
cos	1232	308	HalfTowardZero	4378	0	0
cos	1232	308	Trunc	4378	0	0
cos	1232	308	ZeroFiveUp	4378	0	0
cos	1232	470	AwayFromZero	4378	0	0
cos	1232	470	Ceiling	4378	0	0
cos	1232	470	Floor	4378	0	0
cos	1232	470	HalfAwayFromZero	4378	0	0
cos	1232	470	HalfToEven	4378	0	0
cos	1232	470	HalfTowardZero	4378	0	0
cos	1232	470	Trunc	4378	0	0
cos	1232	470	ZeroFiveUp	4378	0	0
cos	1232	616	AwayFromZero	4378	0	0
cos	1232	616	Ceiling	4378	0	0
cos	1232	616	Floor	4378	0	0
cos	1232	616	HalfAwayFromZero	4378	0	0
cos	1232	616	HalfToEven	4378	0	0
cos	1232	616	HalfTowardZero	4378	0	0
cos	1232	616	Trunc	4378	0	0
cos	1232	616	ZeroFiveUp	4378	0	0
cos	1232	924	AwayFromZero	4378	0	0
cos	1232	924	Ceiling	4378	0	0
cos	1232	924	Floor	4378	0	0
cos	1232	924	HalfAwayFromZero	4378	0	0
cos	1232	924	HalfToEven	4378	0	0
cos	1232	924	HalfTowardZero	4378	0	0
cos	1232	924	Trunc	4378	0	0
cos	1232	924	ZeroFiveUp	4378	0	0
cos	153	0	AwayFromZero	83	0	4295
cos	153	0	Ceiling	83	0	4295
cos	153	0	Floor	83	0	4295
cos	153	0	HalfAwayFromZero	83	0	4295
cos	153	0	HalfToEven	83	0	4295
cos	153	0	HalfTowardZero	83	0	4295
cos	153	0	Trunc	83	0	4295
cos	153	0	ZeroFiveUp	83	0	4295
cos	153	114	AwayFromZero	4376	0	2
cos	153	114	Ceiling	4376	0	2
cos	153	114	Floor	4376	0	2
cos	153	114	HalfAwayFromZero	4376	0	2
cos	153	114	HalfToEven	4376	0	2
cos	153	114	HalfTowardZero	4376	0	2
cos	153	114	Trunc	4376	0	2
cos	153	114	ZeroFiveUp	4376	0	2
cos	153	152	AwayFromZero	4322	0	56
cos	153	152	Ceiling	4322	0	56
cos	153	152	Floor	4322	0	56
cos	153	152	HalfAwayFromZero	4322	0	56
cos	153	152	HalfToEven	4322	0	56
cos	153	152	HalfTowardZero	4322	0	56
cos	153	152	Trunc	4322	0	56
cos	153	152	ZeroFiveUp	4322	0	56
cos	153	38	AwayFromZero	4374	0	4
cos	153	38	Ceiling	4374	0	4
cos	153	38	Floor	4374	0	4
cos	153	38	HalfAwayFromZero	4374	0	4
cos	153	38	HalfToEven	4374	0	4
cos	153	38	HalfTowardZero	4374	0	4
cos	153	38	Trunc	4374	0	4
cos	153	38	ZeroFiveUp	4374	0	4
cos	153	76	AwayFromZero	4376	0	2
cos	153	76	Ceiling	4376	0	2
cos	153	76	Floor	4376	0	2
cos	153	76	HalfAwayFromZero	4376	0	2
cos	153	76	HalfToEven	4376	0	2
cos	153	76	HalfTowardZero	4376	0	2
cos	153	76	Trunc	4376	0	2
cos	153	76	ZeroFiveUp	4376	0	2
cos	18	0	AwayFromZero	83	0	4295
cos	18	0	Ceiling	83	0	4295
cos	18	0	Floor	83	0	4295
cos	18	0	HalfAwayFromZero	83	0	4295
cos	18	0	HalfToEven	83	0	4295
cos	18	0	HalfTowardZero	83	0	4295
cos	18	0	Trunc	83	0	4295
cos	18	0	ZeroFiveUp	83	0	4295
cos	18	13	AwayFromZero	820	0	3558
cos	18	13	Ceiling	820	0	3558
cos	18	13	Floor	820	0	3558
cos	18	13	HalfAwayFromZero	820	0	3558
cos	18	13	HalfToEven	820	0	3558
cos	18	13	HalfTowardZero	820	0	3558
cos	18	13	Trunc	820	0	3558
cos	18	13	ZeroFiveUp	820	0	3558
cos	18	17	AwayFromZero	1037	0	3341
cos	18	17	Ceiling	1037	0	3341
cos	18	17	Floor	1037	0	3341
cos	18	17	HalfAwayFromZero	1037	0	3341
cos	18	17	HalfToEven	1037	0	3341
cos	18	17	HalfTowardZero	1037	0	3341
cos	18	17	Trunc	1037	0	3341
cos	18	17	ZeroFiveUp	1037	0	3341
cos	18	3	AwayFromZero	102	0	4276
cos	18	3	Ceiling	102	0	4276
cos	18	3	Floor	102	0	4276
cos	18	3	HalfAwayFromZero	102	0	4276
cos	18	3	HalfToEven	102	0	4276
cos	18	3	HalfTowardZero	102	0	4276
cos	18	3	Trunc	102	0	4276
cos	18	3	ZeroFiveUp	102	0	4276
cos	18	4	AwayFromZero	264	0	4114
cos	18	4	Ceiling	264	0	4114
cos	18	4	Floor	264	0	4114
cos	18	4	HalfAwayFromZero	264	0	4114
cos	18	4	HalfToEven	264	0	4114
cos	18	4	HalfTowardZero	264	0	4114
cos	18	4	Trunc	264	0	4114
cos	18	4	ZeroFiveUp	264	0	4114
cos	18	9	AwayFromZero	613	0	3765
cos	18	9	Ceiling	613	0	3765
cos	18	9	Floor	613	0	3765
cos	18	9	HalfAwayFromZero	613	0	3765
cos	18	9	HalfToEven	613	0	3765
cos	18	9	HalfTowardZero	613	0	3765
cos	18	9	Trunc	613	0	3765
cos	18	9	ZeroFiveUp	613	0	3765
cos	230	0	AwayFromZero	83	0	4295
cos	230	0	Ceiling	83	0	4295
cos	230	0	Floor	83	0	4295
cos	230	0	HalfAwayFromZero	83	0	4295
cos	230	0	HalfToEven	83	0	4295
cos	230	0	HalfTowardZero	83	0	4295
cos	230	0	Trunc	83	0	4295
cos	230	0	ZeroFiveUp	83	0	4295
cos	230	115	AwayFromZero	4376	0	2
cos	230	115	Ceiling	4376	0	2
cos	230	115	Floor	4376	0	2
cos	230	115	HalfAwayFromZero	4376	0	2
cos	230	115	HalfToEven	4376	0	2
cos	230	115	HalfTowardZero	4376	0	2
cos	230	115	Trunc	4376	0	2
cos	230	115	ZeroFiveUp	4376	0	2
cos	230	172	AwayFromZero	4378	0	0
cos	230	172	Ceiling	4378	0	0
cos	230	172	Floor	4378	0	0
cos	230	172	HalfAwayFromZero	4378	0	0
cos	230	172	HalfToEven	4378	0	0
cos	230	172	HalfTowardZero	4378	0	0
cos	230	172	Trunc	4378	0	0
cos	230	172	ZeroFiveUp	4378	0	0
cos	230	229	AwayFromZero	4322	0	56
cos	230	229	Ceiling	4322	0	56
cos	230	229	Floor	4322	0	56
cos	230	229	HalfAwayFromZero	4322	0	56
cos	230	229	HalfToEven	4322	0	56
cos	230	229	HalfTowardZero	4322	0	56
cos	230	229	Trunc	4322	0	56
cos	230	229	ZeroFiveUp	4322	0	56
cos	230	30	AwayFromZero	4265	0	113
cos	230	30	Ceiling	4265	0	113
cos	230	30	Floor	4265	0	113
cos	230	30	HalfAwayFromZero	4265	0	113
cos	230	30	HalfToEven	4265	0	113
cos	230	30	HalfTowardZero	4265	0	113
cos	230	30	Trunc	4265	0	113
cos	230	30	ZeroFiveUp	4265	0	113
cos	230	57	AwayFromZero	4374	0	4
cos	230	57	Ceiling	4374	0	4
cos	230	57	Floor	4374	0	4
cos	230	57	HalfAwayFromZero	4374	0	4
cos	230	57	HalfToEven	4374	0	4
cos	230	57	HalfTowardZero	4374	0	4
cos	230	57	Trunc	4374	0	4
cos	230	57	ZeroFiveUp	4374	0	4
cos	307	0	AwayFromZero	83	0	4295
cos	307	0	Ceiling	83	0	4295
cos	307	0	Floor	83	0	4295
cos	307	0	HalfAwayFromZero	83	0	4295
cos	307	0	HalfToEven	83	0	4295
cos	307	0	HalfTowardZero	83	0	4295
cos	307	0	Trunc	83	0	4295
cos	307	0	ZeroFiveUp	83	0	4295
cos	307	120	AwayFromZero	4378	0	0
cos	307	120	Ceiling	4378	0	0
cos	307	120	Floor	4378	0	0
cos	307	120	HalfAwayFromZero	4378	0	0
cos	307	120	HalfToEven	4378	0	0
cos	307	120	HalfTowardZero	4378	0	0
cos	307	120	Trunc	4378	0	0
cos	307	120	ZeroFiveUp	4378	0	0
cos	307	153	AwayFromZero	4378	0	0
cos	307	153	Ceiling	4378	0	0
cos	307	153	Floor	4378	0	0
cos	307	153	HalfAwayFromZero	4378	0	0
cos	307	153	HalfToEven	4378	0	0
cos	307	153	HalfTowardZero	4378	0	0
cos	307	153	Trunc	4378	0	0
cos	307	153	ZeroFiveUp	4378	0	0
cos	307	230	AwayFromZero	4378	0	0
cos	307	230	Ceiling	4378	0	0
cos	307	230	Floor	4378	0	0
cos	307	230	HalfAwayFromZero	4378	0	0
cos	307	230	HalfToEven	4378	0	0
cos	307	230	HalfTowardZero	4378	0	0
cos	307	230	Trunc	4378	0	0
cos	307	230	ZeroFiveUp	4378	0	0
cos	307	290	AwayFromZero	4378	0	0
cos	307	290	Ceiling	4378	0	0
cos	307	290	Floor	4378	0	0
cos	307	290	HalfAwayFromZero	4378	0	0
cos	307	290	HalfToEven	4378	0	0
cos	307	290	HalfTowardZero	4378	0	0
cos	307	290	Trunc	4378	0	0
cos	307	290	ZeroFiveUp	4378	0	0
cos	307	30	AwayFromZero	4265	0	113
cos	307	30	Ceiling	4265	0	113
cos	307	30	Floor	4265	0	113
cos	307	30	HalfAwayFromZero	4265	0	113
cos	307	30	HalfToEven	4265	0	113
cos	307	30	HalfTowardZero	4265	0	113
cos	307	30	Trunc	4265	0	113
cos	307	30	ZeroFiveUp	4265	0	113
cos	307	306	AwayFromZero	4322	0	56
cos	307	306	Ceiling	4322	0	56
cos	307	306	Floor	4322	0	56
cos	307	306	HalfAwayFromZero	4322	0	56
cos	307	306	HalfToEven	4322	0	56
cos	307	306	HalfTowardZero	4322	0	56
cos	307	306	Trunc	4322	0	56
cos	307	306	ZeroFiveUp	4322	0	56
cos	307	50	AwayFromZero	4374	0	4
cos	307	50	Ceiling	4374	0	4
cos	307	50	Floor	4374	0	4
cos	307	50	HalfAwayFromZero	4374	0	4
cos	307	50	HalfToEven	4374	0	4
cos	307	50	HalfTowardZero	4374	0	4
cos	307	50	Trunc	4374	0	4
cos	307	50	ZeroFiveUp	4374	0	4
cos	307	70	AwayFromZero	4376	0	2
cos	307	70	Ceiling	4376	0	2
cos	307	70	Floor	4376	0	2
cos	307	70	HalfAwayFromZero	4376	0	2
cos	307	70	HalfToEven	4376	0	2
cos	307	70	HalfTowardZero	4376	0	2
cos	307	70	Trunc	4376	0	2
cos	307	70	ZeroFiveUp	4376	0	2
cos	307	76	AwayFromZero	4376	0	2
cos	307	76	Ceiling	4376	0	2
cos	307	76	Floor	4376	0	2
cos	307	76	HalfAwayFromZero	4376	0	2
cos	307	76	HalfToEven	4376	0	2
cos	307	76	HalfTowardZero	4376	0	2
cos	307	76	Trunc	4376	0	2
cos	307	76	ZeroFiveUp	4376	0	2
cos	38	0	AwayFromZero	83	0	4295
cos	38	0	Ceiling	83	0	4295
cos	38	0	Floor	83	0	4295
cos	38	0	HalfAwayFromZero	83	0	4295
cos	38	0	HalfToEven	83	0	4295
cos	38	0	HalfTowardZero	83	0	4295
cos	38	0	Trunc	83	0	4295
cos	38	0	ZeroFiveUp	83	0	4295
cos	38	10	AwayFromZero	613	0	3765
cos	38	10	Ceiling	613	0	3765
cos	38	10	Floor	613	0	3765
cos	38	10	HalfAwayFromZero	613	0	3765
cos	38	10	HalfToEven	613	0	3765
cos	38	10	HalfTowardZero	613	0	3765
cos	38	10	Trunc	613	0	3765
cos	38	10	ZeroFiveUp	613	0	3765
cos	38	12	AwayFromZero	638	0	3740
cos	38	12	Ceiling	638	0	3740
cos	38	12	Floor	638	0	3740
cos	38	12	HalfAwayFromZero	638	0	3740
cos	38	12	HalfToEven	638	0	3740
cos	38	12	HalfTowardZero	638	0	3740
cos	38	12	Trunc	638	0	3740
cos	38	12	ZeroFiveUp	638	0	3740
cos	38	17	AwayFromZero	1077	0	3301
cos	38	17	Ceiling	1077	0	3301
cos	38	17	Floor	1077	0	3301
cos	38	17	HalfAwayFromZero	1077	0	3301
cos	38	17	HalfToEven	1077	0	3301
cos	38	17	HalfTowardZero	1077	0	3301
cos	38	17	Trunc	1077	0	3301
cos	38	17	ZeroFiveUp	1077	0	3301
cos	38	18	AwayFromZero	1104	0	3274
cos	38	18	Ceiling	1104	0	3274
cos	38	18	Floor	1104	0	3274
cos	38	18	HalfAwayFromZero	1104	0	3274
cos	38	18	HalfToEven	1104	0	3274
cos	38	18	HalfTowardZero	1104	0	3274
cos	38	18	Trunc	1104	0	3274
cos	38	18	ZeroFiveUp	1104	0	3274
cos	38	19	AwayFromZero	1365	0	3013
cos	38	19	Ceiling	1365	0	3013
cos	38	19	Floor	1365	0	3013
cos	38	19	HalfAwayFromZero	1365	0	3013
cos	38	19	HalfToEven	1365	0	3013
cos	38	19	HalfTowardZero	1365	0	3013
cos	38	19	Trunc	1365	0	3013
cos	38	19	ZeroFiveUp	1365	0	3013
cos	38	2	AwayFromZero	85	0	4293
cos	38	2	Ceiling	85	0	4293
cos	38	2	Floor	85	0	4293
cos	38	2	HalfAwayFromZero	85	0	4293
cos	38	2	HalfToEven	85	0	4293
cos	38	2	HalfTowardZero	85	0	4293
cos	38	2	Trunc	85	0	4293
cos	38	2	ZeroFiveUp	85	0	4293
cos	38	28	AwayFromZero	4198	0	180
cos	38	28	Ceiling	4198	0	180
cos	38	28	Floor	4198	0	180
cos	38	28	HalfAwayFromZero	4198	0	180
cos	38	28	HalfToEven	4198	0	180
cos	38	28	HalfTowardZero	4198	0	180
cos	38	28	Trunc	4198	0	180
cos	38	28	ZeroFiveUp	4198	0	180
cos	38	37	AwayFromZero	3322	0	1056
cos	38	37	Ceiling	3322	0	1056
cos	38	37	Floor	3322	0	1056
cos	38	37	HalfAwayFromZero	3322	0	1056
cos	38	37	HalfToEven	3322	0	1056
cos	38	37	HalfTowardZero	3322	0	1056
cos	38	37	Trunc	3322	0	1056
cos	38	37	ZeroFiveUp	3322	0	1056
cos	38	6	AwayFromZero	265	0	4113
cos	38	6	Ceiling	265	0	4113
cos	38	6	Floor	265	0	4113
cos	38	6	HalfAwayFromZero	265	0	4113
cos	38	6	HalfToEven	265	0	4113
cos	38	6	HalfTowardZero	265	0	4113
cos	38	6	Trunc	265	0	4113
cos	38	6	ZeroFiveUp	265	0	4113
cos	38	9	AwayFromZero	613	0	3765
cos	38	9	Ceiling	613	0	3765
cos	38	9	Floor	613	0	3765
cos	38	9	HalfAwayFromZero	613	0	3765
cos	38	9	HalfToEven	613	0	3765
cos	38	9	HalfTowardZero	613	0	3765
cos	38	9	Trunc	613	0	3765
cos	38	9	ZeroFiveUp	613	0	3765
cos	462	0	AwayFromZero	83	0	4295
cos	462	0	Ceiling	83	0	4295
cos	462	0	Floor	83	0	4295
cos	462	0	HalfAwayFromZero	83	0	4295
cos	462	0	HalfToEven	83	0	4295
cos	462	0	HalfTowardZero	83	0	4295
cos	462	0	Trunc	83	0	4295
cos	462	0	ZeroFiveUp	83	0	4295
cos	462	100	AwayFromZero	4376	0	2
cos	462	100	Ceiling	4376	0	2
cos	462	100	Floor	4376	0	2
cos	462	100	HalfAwayFromZero	4376	0	2
cos	462	100	HalfToEven	4376	0	2
cos	462	100	HalfTowardZero	4376	0	2
cos	462	100	Trunc	4376	0	2
cos	462	100	ZeroFiveUp	4376	0	2
cos	462	115	AwayFromZero	4376	0	2
cos	462	115	Ceiling	4376	0	2
cos	462	115	Floor	4376	0	2
cos	462	115	HalfAwayFromZero	4376	0	2
cos	462	115	HalfToEven	4376	0	2
cos	462	115	HalfTowardZero	4376	0	2
cos	462	115	Trunc	4376	0	2
cos	462	115	ZeroFiveUp	4376	0	2
cos	462	180	AwayFromZero	4378	0	0
cos	462	180	Ceiling	4378	0	0
cos	462	180	Floor	4378	0	0
cos	462	180	HalfAwayFromZero	4378	0	0
cos	462	180	HalfToEven	4378	0	0
cos	462	180	HalfTowardZero	4378	0	0
cos	462	180	Trunc	4378	0	0
cos	462	180	ZeroFiveUp	4378	0	0
cos	462	231	AwayFromZero	4378	0	0
cos	462	231	Ceiling	4378	0	0
cos	462	231	Floor	4378	0	0
cos	462	231	HalfAwayFromZero	4378	0	0
cos	462	231	HalfToEven	4378	0	0
cos	462	231	HalfTowardZero	4378	0	0
cos	462	231	Trunc	4378	0	0
cos	462	231	ZeroFiveUp	4378	0	0
cos	462	30	AwayFromZero	4265	0	113
cos	462	30	Ceiling	4265	0	113
cos	462	30	Floor	4265	0	113
cos	462	30	HalfAwayFromZero	4265	0	113
cos	462	30	HalfToEven	4265	0	113
cos	462	30	HalfTowardZero	4265	0	113
cos	462	30	Trunc	4265	0	113
cos	462	30	ZeroFiveUp	4265	0	113
cos	462	346	AwayFromZero	4378	0	0
cos	462	346	Ceiling	4378	0	0
cos	462	346	Floor	4378	0	0
cos	462	346	HalfAwayFromZero	4378	0	0
cos	462	346	HalfToEven	4378	0	0
cos	462	346	HalfTowardZero	4378	0	0
cos	462	346	Trunc	4378	0	0
cos	462	346	ZeroFiveUp	4378	0	0
cos	462	461	AwayFromZero	3087	0	1291
cos	462	461	Ceiling	3087	0	1291
cos	462	461	Floor	3087	0	1291
cos	462	461	HalfAwayFromZero	3087	0	1291
cos	462	461	HalfToEven	3087	0	1291
cos	462	461	HalfTowardZero	3087	0	1291
cos	462	461	Trunc	3087	0	1291
cos	462	461	ZeroFiveUp	3087	0	1291
cos	57	0	AwayFromZero	83	0	4295
cos	57	0	Ceiling	83	0	4295
cos	57	0	Floor	83	0	4295
cos	57	0	HalfAwayFromZero	83	0	4295
cos	57	0	HalfToEven	83	0	4295
cos	57	0	HalfTowardZero	83	0	4295
cos	57	0	Trunc	83	0	4295
cos	57	0	ZeroFiveUp	83	0	4295
cos	57	14	AwayFromZero	958	0	3420
cos	57	14	Ceiling	958	0	3420
cos	57	14	Floor	958	0	3420
cos	57	14	HalfAwayFromZero	958	0	3420
cos	57	14	HalfToEven	958	0	3420
cos	57	14	HalfTowardZero	958	0	3420
cos	57	14	Trunc	958	0	3420
cos	57	14	ZeroFiveUp	958	0	3420
cos	57	20	AwayFromZero	1366	0	3012
cos	57	20	Ceiling	1366	0	3012
cos	57	20	Floor	1366	0	3012
cos	57	20	HalfAwayFromZero	1366	0	3012
cos	57	20	HalfToEven	1366	0	3012
cos	57	20	HalfTowardZero	1366	0	3012
cos	57	20	Trunc	1366	0	3012
cos	57	20	ZeroFiveUp	1366	0	3012
cos	57	28	AwayFromZero	4198	0	180
cos	57	28	Ceiling	4198	0	180
cos	57	28	Floor	4198	0	180
cos	57	28	HalfAwayFromZero	4198	0	180
cos	57	28	HalfToEven	4198	0	180
cos	57	28	HalfTowardZero	4198	0	180
cos	57	28	Trunc	4198	0	180
cos	57	28	ZeroFiveUp	4198	0	180
cos	57	30	AwayFromZero	4265	0	113
cos	57	30	Ceiling	4265	0	113
cos	57	30	Floor	4265	0	113
cos	57	30	HalfAwayFromZero	4265	0	113
cos	57	30	HalfToEven	4265	0	113
cos	57	30	HalfTowardZero	4265	0	113
cos	57	30	Trunc	4265	0	113
cos	57	30	ZeroFiveUp	4265	0	113
cos	57	42	AwayFromZero	4374	0	4
cos	57	42	Ceiling	4374	0	4
cos	57	42	Floor	4374	0	4
cos	57	42	HalfAwayFromZero	4374	0	4
cos	57	42	HalfToEven	4374	0	4
cos	57	42	HalfTowardZero	4374	0	4
cos	57	42	Trunc	4374	0	4
cos	57	42	ZeroFiveUp	4374	0	4
cos	57	56	AwayFromZero	4012	0	366
cos	57	56	Ceiling	4012	0	366
cos	57	56	Floor	4012	0	366
cos	57	56	HalfAwayFromZero	4012	0	366
cos	57	56	HalfToEven	4012	0	366
cos	57	56	HalfTowardZero	4012	0	366
cos	57	56	Trunc	4012	0	366
cos	57	56	ZeroFiveUp	4012	0	366
cos	616	0	AwayFromZero	83	0	4295
cos	616	0	Ceiling	83	0	4295
cos	616	0	Floor	83	0	4295
cos	616	0	HalfAwayFromZero	83	0	4295
cos	616	0	HalfToEven	83	0	4295
cos	616	0	HalfTowardZero	83	0	4295
cos	616	0	Trunc	83	0	4295
cos	616	0	ZeroFiveUp	83	0	4295
cos	616	130	AwayFromZero	4378	0	0
cos	616	130	Ceiling	4378	0	0
cos	616	130	Floor	4378	0	0
cos	616	130	HalfAwayFromZero	4378	0	0
cos	616	130	HalfToEven	4378	0	0
cos	616	130	HalfTowardZero	4378	0	0
cos	616	130	Trunc	4378	0	0
cos	616	130	ZeroFiveUp	4378	0	0
cos	616	154	AwayFromZero	4378	0	0
cos	616	154	Ceiling	4378	0	0
cos	616	154	Floor	4378	0	0
cos	616	154	HalfAwayFromZero	4378	0	0
cos	616	154	HalfToEven	4378	0	0
cos	616	154	HalfTowardZero	4378	0	0
cos	616	154	Trunc	4378	0	0
cos	616	154	ZeroFiveUp	4378	0	0
cos	616	240	AwayFromZero	4378	0	0
cos	616	240	Ceiling	4378	0	0
cos	616	240	Floor	4378	0	0
cos	616	240	HalfAwayFromZero	4378	0	0
cos	616	240	HalfToEven	4378	0	0
cos	616	240	HalfTowardZero	4378	0	0
cos	616	240	Trunc	4378	0	0
cos	616	240	ZeroFiveUp	4378	0	0
cos	616	30	AwayFromZero	4265	0	113
cos	616	30	Ceiling	4265	0	113
cos	616	30	Floor	4265	0	113
cos	616	30	HalfAwayFromZero	4265	0	113
cos	616	30	HalfToEven	4265	0	113
cos	616	30	HalfTowardZero	4265	0	113
cos	616	30	Trunc	4265	0	113
cos	616	30	ZeroFiveUp	4265	0	113
cos	616	308	AwayFromZero	4378	0	0
cos	616	308	Ceiling	4378	0	0
cos	616	308	Floor	4378	0	0
cos	616	308	HalfAwayFromZero	4378	0	0
cos	616	308	HalfToEven	4378	0	0
cos	616	308	HalfTowardZero	4378	0	0
cos	616	308	Trunc	4378	0	0
cos	616	308	ZeroFiveUp	4378	0	0
cos	616	462	AwayFromZero	4378	0	0
cos	616	462	Ceiling	4378	0	0
cos	616	462	Floor	4378	0	0
cos	616	462	HalfAwayFromZero	4378	0	0
cos	616	462	HalfToEven	4378	0	0
cos	616	462	HalfTowardZero	4378	0	0
cos	616	462	Trunc	4378	0	0
cos	616	462	ZeroFiveUp	4378	0	0
cos	616	590	AwayFromZero	4378	0	0
cos	616	590	Ceiling	4378	0	0
cos	616	590	Floor	4378	0	0
cos	616	590	HalfAwayFromZero	4378	0	0
cos	616	590	HalfToEven	4378	0	0
cos	616	590	HalfTowardZero	4378	0	0
cos	616	590	Trunc	4378	0	0
cos	616	590	ZeroFiveUp	4378	0	0
cos	616	615	AwayFromZero	3291	0	1087
cos	616	615	Ceiling	3291	0	1087
cos	616	615	Floor	3291	0	1087
cos	616	615	HalfAwayFromZero	3291	0	1087
cos	616	615	HalfToEven	3291	0	1087
cos	616	615	HalfTowardZero	3291	0	1087
cos	616	615	Trunc	3291	0	1087
cos	616	615	ZeroFiveUp	3291	0	1087
cos	76	0	AwayFromZero	83	0	4295
cos	76	0	Ceiling	83	0	4295
cos	76	0	Floor	83	0	4295
cos	76	0	HalfAwayFromZero	83	0	4295
cos	76	0	HalfToEven	83	0	4295
cos	76	0	HalfTowardZero	83	0	4295
cos	76	0	Trunc	83	0	4295
cos	76	0	ZeroFiveUp	83	0	4295
cos	76	18	AwayFromZero	1104	0	3274
cos	76	18	Ceiling	1104	0	3274
cos	76	18	Floor	1104	0	3274
cos	76	18	HalfAwayFromZero	1104	0	3274
cos	76	18	HalfToEven	1104	0	3274
cos	76	18	HalfTowardZero	1104	0	3274
cos	76	18	Trunc	1104	0	3274
cos	76	18	ZeroFiveUp	1104	0	3274
cos	76	19	AwayFromZero	1365	0	3013
cos	76	19	Ceiling	1365	0	3013
cos	76	19	Floor	1365	0	3013
cos	76	19	HalfAwayFromZero	1365	0	3013
cos	76	19	HalfToEven	1365	0	3013
cos	76	19	HalfTowardZero	1365	0	3013
cos	76	19	Trunc	1365	0	3013
cos	76	19	ZeroFiveUp	1365	0	3013
cos	76	38	AwayFromZero	4374	0	4
cos	76	38	Ceiling	4374	0	4
cos	76	38	Floor	4374	0	4
cos	76	38	HalfAwayFromZero	4374	0	4
cos	76	38	HalfToEven	4374	0	4
cos	76	38	HalfTowardZero	4374	0	4
cos	76	38	Trunc	4374	0	4
cos	76	38	ZeroFiveUp	4374	0	4
cos	76	40	AwayFromZero	4374	0	4
cos	76	40	Ceiling	4374	0	4
cos	76	40	Floor	4374	0	4
cos	76	40	HalfAwayFromZero	4374	0	4
cos	76	40	HalfToEven	4374	0	4
cos	76	40	HalfTowardZero	4374	0	4
cos	76	40	Trunc	4374	0	4
cos	76	40	ZeroFiveUp	4374	0	4
cos	76	57	AwayFromZero	4374	0	4
cos	76	57	Ceiling	4374	0	4
cos	76	57	Floor	4374	0	4
cos	76	57	HalfAwayFromZero	4374	0	4
cos	76	57	HalfToEven	4374	0	4
cos	76	57	HalfTowardZero	4374	0	4
cos	76	57	Trunc	4374	0	4
cos	76	57	ZeroFiveUp	4374	0	4
cos	76	75	AwayFromZero	4320	0	58
cos	76	75	Ceiling	4320	0	58
cos	76	75	Floor	4320	0	58
cos	76	75	HalfAwayFromZero	4320	0	58
cos	76	75	HalfToEven	4320	0	58
cos	76	75	HalfTowardZero	4320	0	58
cos	76	75	Trunc	4320	0	58
cos	76	75	ZeroFiveUp	4320	0	58
cos	924	0	AwayFromZero	83	0	4295
cos	924	0	Ceiling	83	0	4295
cos	924	0	Floor	83	0	4295
cos	924	0	HalfAwayFromZero	83	0	4295
cos	924	0	HalfToEven	83	0	4295
cos	924	0	HalfTowardZero	83	0	4295
cos	924	0	Trunc	83	0	4295
cos	924	0	ZeroFiveUp	83	0	4295
cos	924	180	AwayFromZero	4378	0	0
cos	924	180	Ceiling	4378	0	0
cos	924	180	Floor	4378	0	0
cos	924	180	HalfAwayFromZero	4378	0	0
cos	924	180	HalfToEven	4378	0	0
cos	924	180	HalfTowardZero	4378	0	0
cos	924	180	Trunc	4378	0	0
cos	924	180	ZeroFiveUp	4378	0	0
cos	924	231	AwayFromZero	4378	0	0
cos	924	231	Ceiling	4378	0	0
cos	924	231	Floor	4378	0	0
cos	924	231	HalfAwayFromZero	4378	0	0
cos	924	231	HalfToEven	4378	0	0
cos	924	231	HalfTowardZero	4378	0	0
cos	924	231	Trunc	4378	0	0
cos	924	231	ZeroFiveUp	4378	0	0
cos	924	30	AwayFromZero	4265	0	113
cos	924	30	Ceiling	4265	0	113
cos	924	30	Floor	4265	0	113
cos	924	30	HalfAwayFromZero	4265	0	113
cos	924	30	HalfToEven	4265	0	113
cos	924	30	HalfTowardZero	4265	0	113
cos	924	30	Trunc	4265	0	113
cos	924	30	ZeroFiveUp	4265	0	113
cos	924	350	AwayFromZero	4378	0	0
cos	924	350	Ceiling	4378	0	0
cos	924	350	Floor	4378	0	0
cos	924	350	HalfAwayFromZero	4378	0	0
cos	924	350	HalfToEven	4378	0	0
cos	924	350	HalfTowardZero	4378	0	0
cos	924	350	Trunc	4378	0	0
cos	924	350	ZeroFiveUp	4378	0	0
cos	924	462	AwayFromZero	4378	0	0
cos	924	462	Ceiling	4378	0	0
cos	924	462	Floor	4378	0	0
cos	924	462	HalfAwayFromZero	4378	0	0
cos	924	462	HalfToEven	4378	0	0
cos	924	462	HalfTowardZero	4378	0	0
cos	924	462	Trunc	4378	0	0
cos	924	462	ZeroFiveUp	4378	0	0
cos	924	693	AwayFromZero	4378	0	0
cos	924	693	Ceiling	4378	0	0
cos	924	693	Floor	4378	0	0
cos	924	693	HalfAwayFromZero	4378	0	0
cos	924	693	HalfToEven	4378	0	0
cos	924	693	HalfTowardZero	4378	0	0
cos	924	693	Trunc	4378	0	0
cos	924	693	ZeroFiveUp	4378	0	0
cos	924	900	AwayFromZero	4378	0	0
cos	924	900	Ceiling	4378	0	0
cos	924	900	Floor	4378	0	0
cos	924	900	HalfAwayFromZero	4378	0	0
cos	924	900	HalfToEven	4378	0	0
cos	924	900	HalfTowardZero	4378	0	0
cos	924	900	Trunc	4378	0	0
cos	924	900	ZeroFiveUp	4378	0	0
cos	924	923	AwayFromZero	3900	0	478
cos	924	923	Ceiling	3900	0	478
cos	924	923	Floor	3900	0	478
cos	924	923	HalfAwayFromZero	3900	0	478
cos	924	923	HalfToEven	3900	0	478
cos	924	923	HalfTowardZero	3900	0	478
cos	924	923	Trunc	3900	0	478
cos	924	923	ZeroFiveUp	3900	0	478
cosh	115	0	AwayFromZero	430	0	4693
cosh	115	0	Ceiling	430	0	4693
cosh	115	0	Floor	430	0	4693
cosh	115	0	HalfAwayFromZero	430	0	4693
cosh	115	0	HalfToEven	430	0	4693
cosh	115	0	HalfTowardZero	430	0	4693
cosh	115	0	Trunc	430	0	4693
cosh	115	0	ZeroFiveUp	430	0	4693
cosh	115	114	AwayFromZero	3532	0	1591
cosh	115	114	Ceiling	3532	0	1591
cosh	115	114	Floor	3532	0	1591
cosh	115	114	HalfAwayFromZero	3532	0	1591
cosh	115	114	HalfToEven	3532	0	1591
cosh	115	114	HalfTowardZero	3532	0	1591
cosh	115	114	Trunc	3532	0	1591
cosh	115	114	ZeroFiveUp	3532	0	1591
cosh	115	28	AwayFromZero	4786	0	337
cosh	115	28	Ceiling	4786	0	337
cosh	115	28	Floor	4786	0	337
cosh	115	28	HalfAwayFromZero	4786	0	337
cosh	115	28	HalfToEven	4786	0	337
cosh	115	28	HalfTowardZero	4786	0	337
cosh	115	28	Trunc	4786	0	337
cosh	115	28	ZeroFiveUp	4786	0	337
cosh	115	50	AwayFromZero	5070	0	53
cosh	115	50	Ceiling	5070	0	53
cosh	115	50	Floor	5070	0	53
cosh	115	50	HalfAwayFromZero	5070	0	53
cosh	115	50	HalfToEven	5070	0	53
cosh	115	50	HalfTowardZero	5070	0	53
cosh	115	50	Trunc	5070	0	53
cosh	115	50	ZeroFiveUp	5070	0	53
cosh	115	57	AwayFromZero	5074	0	49
cosh	115	57	Ceiling	5074	0	49
cosh	115	57	Floor	5074	0	49
cosh	115	57	HalfAwayFromZero	5074	0	49
cosh	115	57	HalfToEven	5074	0	49
cosh	115	57	HalfTowardZero	5074	0	49
cosh	115	57	Trunc	5074	0	49
cosh	115	57	ZeroFiveUp	5074	0	49
cosh	115	86	AwayFromZero	5081	0	42
cosh	115	86	Ceiling	5081	0	42
cosh	115	86	Floor	5081	0	42
cosh	115	86	HalfAwayFromZero	5081	0	42
cosh	115	86	HalfToEven	5081	0	42
cosh	115	86	HalfTowardZero	5081	0	42
cosh	115	86	Trunc	5081	0	42
cosh	115	86	ZeroFiveUp	5081	0	42
cosh	1232	0	AwayFromZero	430	0	4693
cosh	1232	0	Ceiling	430	0	4693
cosh	1232	0	Floor	430	0	4693
cosh	1232	0	HalfAwayFromZero	430	0	4693
cosh	1232	0	HalfToEven	430	0	4693
cosh	1232	0	HalfTowardZero	430	0	4693
cosh	1232	0	Trunc	430	0	4693
cosh	1232	0	ZeroFiveUp	430	0	4693
cosh	1232	1200	AwayFromZero	5121	0	2
cosh	1232	1200	Ceiling	5121	0	2
cosh	1232	1200	Floor	5121	0	2
cosh	1232	1200	HalfAwayFromZero	5121	0	2
cosh	1232	1200	HalfToEven	5121	0	2
cosh	1232	1200	HalfTowardZero	5121	0	2
cosh	1232	1200	Trunc	5121	0	2
cosh	1232	1200	ZeroFiveUp	5121	0	2
cosh	1232	1231	AwayFromZero	4029	0	1094
cosh	1232	1231	Ceiling	4029	0	1094
cosh	1232	1231	Floor	4029	0	1094
cosh	1232	1231	HalfAwayFromZero	4029	0	1094
cosh	1232	1231	HalfToEven	4029	0	1094
cosh	1232	1231	HalfTowardZero	4029	0	1094
cosh	1232	1231	Trunc	4029	0	1094
cosh	1232	1231	ZeroFiveUp	4029	0	1094
cosh	1232	250	AwayFromZero	5101	0	22
cosh	1232	250	Ceiling	5101	0	22
cosh	1232	250	Floor	5101	0	22
cosh	1232	250	HalfAwayFromZero	5101	0	22
cosh	1232	250	HalfToEven	5101	0	22
cosh	1232	250	HalfTowardZero	5101	0	22
cosh	1232	250	Trunc	5101	0	22
cosh	1232	250	ZeroFiveUp	5101	0	22
cosh	1232	30	AwayFromZero	5045	0	78
cosh	1232	30	Ceiling	5045	0	78
cosh	1232	30	Floor	5045	0	78
cosh	1232	30	HalfAwayFromZero	5045	0	78
cosh	1232	30	HalfToEven	5045	0	78
cosh	1232	30	HalfTowardZero	5045	0	78
cosh	1232	30	Trunc	5045	0	78
cosh	1232	30	ZeroFiveUp	5045	0	78
cosh	1232	308	AwayFromZero	5105	0	18
cosh	1232	308	Ceiling	5105	0	18
cosh	1232	308	Floor	5105	0	18
cosh	1232	308	HalfAwayFromZero	5105	0	18
cosh	1232	308	HalfToEven	5105	0	18
cosh	1232	308	HalfTowardZero	5105	0	18
cosh	1232	308	Trunc	5105	0	18
cosh	1232	308	ZeroFiveUp	5105	0	18
cosh	1232	470	AwayFromZero	5111	0	12
cosh	1232	470	Ceiling	5111	0	12
cosh	1232	470	Floor	5111	0	12
cosh	1232	470	HalfAwayFromZero	5111	0	12
cosh	1232	470	HalfToEven	5111	0	12
cosh	1232	470	HalfTowardZero	5111	0	12
cosh	1232	470	Trunc	5111	0	12
cosh	1232	470	ZeroFiveUp	5111	0	12
cosh	1232	616	AwayFromZero	5115	0	8
cosh	1232	616	Ceiling	5115	0	8
cosh	1232	616	Floor	5115	0	8
cosh	1232	616	HalfAwayFromZero	5115	0	8
cosh	1232	616	HalfToEven	5115	0	8
cosh	1232	616	HalfTowardZero	5115	0	8
cosh	1232	616	Trunc	5115	0	8
cosh	1232	616	ZeroFiveUp	5115	0	8
cosh	1232	924	AwayFromZero	5121	0	2
cosh	1232	924	Ceiling	5121	0	2
cosh	1232	924	Floor	5121	0	2
cosh	1232	924	HalfAwayFromZero	5121	0	2
cosh	1232	924	HalfToEven	5121	0	2
cosh	1232	924	HalfTowardZero	5121	0	2
cosh	1232	924	Trunc	5121	0	2
cosh	1232	924	ZeroFiveUp	5121	0	2
cosh	153	0	AwayFromZero	430	0	4693
cosh	153	0	Ceiling	430	0	4693
cosh	153	0	Floor	430	0	4693
cosh	153	0	HalfAwayFromZero	430	0	4693
cosh	153	0	HalfToEven	430	0	4693
cosh	153	0	HalfTowardZero	430	0	4693
cosh	153	0	Trunc	430	0	4693
cosh	153	0	ZeroFiveUp	430	0	4693
cosh	153	114	AwayFromZero	5083	0	40
cosh	153	114	Ceiling	5083	0	40
cosh	153	114	Floor	5083	0	40
cosh	153	114	HalfAwayFromZero	5083	0	40
cosh	153	114	HalfToEven	5083	0	40
cosh	153	114	HalfTowardZero	5083	0	40
cosh	153	114	Trunc	5083	0	40
cosh	153	114	ZeroFiveUp	5083	0	40
cosh	153	152	AwayFromZero	4109	0	1014
cosh	153	152	Ceiling	4109	0	1014
cosh	153	152	Floor	4109	0	1014
cosh	153	152	HalfAwayFromZero	4109	0	1014
cosh	153	152	HalfToEven	4109	0	1014
cosh	153	152	HalfTowardZero	4109	0	1014
cosh	153	152	Trunc	4109	0	1014
cosh	153	152	ZeroFiveUp	4109	0	1014
cosh	153	38	AwayFromZero	5068	0	55
cosh	153	38	Ceiling	5068	0	55
cosh	153	38	Floor	5068	0	55
cosh	153	38	HalfAwayFromZero	5068	0	55
cosh	153	38	HalfToEven	5068	0	55
cosh	153	38	HalfTowardZero	5068	0	55
cosh	153	38	Trunc	5068	0	55
cosh	153	38	ZeroFiveUp	5068	0	55
cosh	153	76	AwayFromZero	5079	0	44
cosh	153	76	Ceiling	5079	0	44
cosh	153	76	Floor	5079	0	44
cosh	153	76	HalfAwayFromZero	5079	0	44
cosh	153	76	HalfToEven	5079	0	44
cosh	153	76	HalfTowardZero	5079	0	44
cosh	153	76	Trunc	5079	0	44
cosh	153	76	ZeroFiveUp	5079	0	44
cosh	18	0	AwayFromZero	430	0	4693
cosh	18	0	Ceiling	430	0	4693
cosh	18	0	Floor	430	0	4693
cosh	18	0	HalfAwayFromZero	430	0	4693
cosh	18	0	HalfToEven	430	0	4693
cosh	18	0	HalfTowardZero	430	0	4693
cosh	18	0	Trunc	430	0	4693
cosh	18	0	ZeroFiveUp	430	0	4693
cosh	18	13	AwayFromZero	1142	0	3981
cosh	18	13	Ceiling	1142	0	3981
cosh	18	13	Floor	1142	0	3981
cosh	18	13	HalfAwayFromZero	1142	0	3981
cosh	18	13	HalfToEven	1142	0	3981
cosh	18	13	HalfTowardZero	1142	0	3981
cosh	18	13	Trunc	1142	0	3981
cosh	18	13	ZeroFiveUp	1142	0	3981
cosh	18	17	AwayFromZero	1164	0	3959
cosh	18	17	Ceiling	1164	0	3959
cosh	18	17	Floor	1164	0	3959
cosh	18	17	HalfAwayFromZero	1164	0	3959
cosh	18	17	HalfToEven	1164	0	3959
cosh	18	17	HalfTowardZero	1164	0	3959
cosh	18	17	Trunc	1164	0	3959
cosh	18	17	ZeroFiveUp	1164	0	3959
cosh	18	3	AwayFromZero	448	0	4675
cosh	18	3	Ceiling	448	0	4675
cosh	18	3	Floor	448	0	4675
cosh	18	3	HalfAwayFromZero	448	0	4675
cosh	18	3	HalfToEven	448	0	4675
cosh	18	3	HalfTowardZero	448	0	4675
cosh	18	3	Trunc	448	0	4675
cosh	18	3	ZeroFiveUp	448	0	4675
cosh	18	4	AwayFromZero	609	0	4514
cosh	18	4	Ceiling	609	0	4514
cosh	18	4	Floor	609	0	4514
cosh	18	4	HalfAwayFromZero	609	0	4514
cosh	18	4	HalfToEven	609	0	4514
cosh	18	4	HalfTowardZero	609	0	4514
cosh	18	4	Trunc	609	0	4514
cosh	18	4	ZeroFiveUp	609	0	4514
cosh	18	9	AwayFromZero	945	0	4178
cosh	18	9	Ceiling	945	0	4178
cosh	18	9	Floor	945	0	4178
cosh	18	9	HalfAwayFromZero	945	0	4178
cosh	18	9	HalfToEven	945	0	4178
cosh	18	9	HalfTowardZero	945	0	4178
cosh	18	9	Trunc	945	0	4178
cosh	18	9	ZeroFiveUp	945	0	4178
cosh	230	0	AwayFromZero	430	0	4693
cosh	230	0	Ceiling	430	0	4693
cosh	230	0	Floor	430	0	4693
cosh	230	0	HalfAwayFromZero	430	0	4693
cosh	230	0	HalfToEven	430	0	4693
cosh	230	0	HalfTowardZero	430	0	4693
cosh	230	0	Trunc	430	0	4693
cosh	230	0	ZeroFiveUp	430	0	4693
cosh	230	115	AwayFromZero	5085	0	38
cosh	230	115	Ceiling	5085	0	38
cosh	230	115	Floor	5085	0	38
cosh	230	115	HalfAwayFromZero	5085	0	38
cosh	230	115	HalfToEven	5085	0	38
cosh	230	115	HalfTowardZero	5085	0	38
cosh	230	115	Trunc	5085	0	38
cosh	230	115	ZeroFiveUp	5085	0	38
cosh	230	172	AwayFromZero	5095	0	28
cosh	230	172	Ceiling	5095	0	28
cosh	230	172	Floor	5095	0	28
cosh	230	172	HalfAwayFromZero	5095	0	28
cosh	230	172	HalfToEven	5095	0	28
cosh	230	172	HalfTowardZero	5095	0	28
cosh	230	172	Trunc	5095	0	28
cosh	230	172	ZeroFiveUp	5095	0	28
cosh	230	229	AwayFromZero	4176	0	947
cosh	230	229	Ceiling	4176	0	947
cosh	230	229	Floor	4176	0	947
cosh	230	229	HalfAwayFromZero	4176	0	947
cosh	230	229	HalfToEven	4176	0	947
cosh	230	229	HalfTowardZero	4176	0	947
cosh	230	229	Trunc	4176	0	947
cosh	230	229	ZeroFiveUp	4176	0	947
cosh	230	30	AwayFromZero	5045	0	78
cosh	230	30	Ceiling	5045	0	78
cosh	230	30	Floor	5045	0	78
cosh	230	30	HalfAwayFromZero	5045	0	78
cosh	230	30	HalfToEven	5045	0	78
cosh	230	30	HalfTowardZero	5045	0	78
cosh	230	30	Trunc	5045	0	78
cosh	230	30	ZeroFiveUp	5045	0	78
cosh	230	57	AwayFromZero	5074	0	49
cosh	230	57	Ceiling	5074	0	49
cosh	230	57	Floor	5074	0	49
cosh	230	57	HalfAwayFromZero	5074	0	49
cosh	230	57	HalfToEven	5074	0	49
cosh	230	57	HalfTowardZero	5074	0	49
cosh	230	57	Trunc	5074	0	49
cosh	230	57	ZeroFiveUp	5074	0	49
cosh	307	0	AwayFromZero	430	0	4693
cosh	307	0	Ceiling	430	0	4693
cosh	307	0	Floor	430	0	4693
cosh	307	0	HalfAwayFromZero	430	0	4693
cosh	307	0	HalfToEven	430	0	4693
cosh	307	0	HalfTowardZero	430	0	4693
cosh	307	0	Trunc	430	0	4693
cosh	307	0	ZeroFiveUp	430	0	4693
cosh	307	120	AwayFromZero	5087	0	36
cosh	307	120	Ceiling	5087	0	36
cosh	307	120	Floor	5087	0	36
cosh	307	120	HalfAwayFromZero	5087	0	36
cosh	307	120	HalfToEven	5087	0	36
cosh	307	120	HalfTowardZero	5087	0	36
cosh	307	120	Trunc	5087	0	36
cosh	307	120	ZeroFiveUp	5087	0	36
cosh	307	153	AwayFromZero	5091	0	32
cosh	307	153	Ceiling	5091	0	32
cosh	307	153	Floor	5091	0	32
cosh	307	153	HalfAwayFromZero	5091	0	32
cosh	307	153	HalfToEven	5091	0	32
cosh	307	153	HalfTowardZero	5091	0	32
cosh	307	153	Trunc	5091	0	32
cosh	307	153	ZeroFiveUp	5091	0	32
cosh	307	230	AwayFromZero	5099	0	24
cosh	307	230	Ceiling	5099	0	24
cosh	307	230	Floor	5099	0	24
cosh	307	230	HalfAwayFromZero	5099	0	24
cosh	307	230	HalfToEven	5099	0	24
cosh	307	230	HalfTowardZero	5099	0	24
cosh	307	230	Trunc	5099	0	24
cosh	307	230	ZeroFiveUp	5099	0	24
cosh	307	290	AwayFromZero	5101	0	22
cosh	307	290	Ceiling	5101	0	22
cosh	307	290	Floor	5101	0	22
cosh	307	290	HalfAwayFromZero	5101	0	22
cosh	307	290	HalfToEven	5101	0	22
cosh	307	290	HalfTowardZero	5101	0	22
cosh	307	290	Trunc	5101	0	22
cosh	307	290	ZeroFiveUp	5101	0	22
cosh	307	30	AwayFromZero	5045	0	78
cosh	307	30	Ceiling	5045	0	78
cosh	307	30	Floor	5045	0	78
cosh	307	30	HalfAwayFromZero	5045	0	78
cosh	307	30	HalfToEven	5045	0	78
cosh	307	30	HalfTowardZero	5045	0	78
cosh	307	30	Trunc	5045	0	78
cosh	307	30	ZeroFiveUp	5045	0	78
cosh	307	306	AwayFromZero	4247	0	876
cosh	307	306	Ceiling	4247	0	876
cosh	307	306	Floor	4247	0	876
cosh	307	306	HalfAwayFromZero	4247	0	876
cosh	307	306	HalfToEven	4247	0	876
cosh	307	306	HalfTowardZero	4247	0	876
cosh	307	306	Trunc	4247	0	876
cosh	307	306	ZeroFiveUp	4247	0	876
cosh	307	50	AwayFromZero	5070	0	53
cosh	307	50	Ceiling	5070	0	53
cosh	307	50	Floor	5070	0	53
cosh	307	50	HalfAwayFromZero	5070	0	53
cosh	307	50	HalfToEven	5070	0	53
cosh	307	50	HalfTowardZero	5070	0	53
cosh	307	50	Trunc	5070	0	53
cosh	307	50	ZeroFiveUp	5070	0	53
cosh	307	70	AwayFromZero	5075	0	48
cosh	307	70	Ceiling	5075	0	48
cosh	307	70	Floor	5075	0	48
cosh	307	70	HalfAwayFromZero	5075	0	48
cosh	307	70	HalfToEven	5075	0	48
cosh	307	70	HalfTowardZero	5075	0	48
cosh	307	70	Trunc	5075	0	48
cosh	307	70	ZeroFiveUp	5075	0	48
cosh	307	76	AwayFromZero	5079	0	44
cosh	307	76	Ceiling	5079	0	44
cosh	307	76	Floor	5079	0	44
cosh	307	76	HalfAwayFromZero	5079	0	44
cosh	307	76	HalfToEven	5079	0	44
cosh	307	76	HalfTowardZero	5079	0	44
cosh	307	76	Trunc	5079	0	44
cosh	307	76	ZeroFiveUp	5079	0	44
cosh	38	0	AwayFromZero	430	0	4693
cosh	38	0	Ceiling	430	0	4693
cosh	38	0	Floor	430	0	4693
cosh	38	0	HalfAwayFromZero	430	0	4693
cosh	38	0	HalfToEven	430	0	4693
cosh	38	0	HalfTowardZero	430	0	4693
cosh	38	0	Trunc	430	0	4693
cosh	38	0	ZeroFiveUp	430	0	4693
cosh	38	10	AwayFromZero	945	0	4178
cosh	38	10	Ceiling	945	0	4178
cosh	38	10	Floor	945	0	4178
cosh	38	10	HalfAwayFromZero	945	0	4178
cosh	38	10	HalfToEven	945	0	4178
cosh	38	10	HalfTowardZero	945	0	4178
cosh	38	10	Trunc	945	0	4178
cosh	38	10	ZeroFiveUp	945	0	4178
cosh	38	12	AwayFromZero	967	0	4156
cosh	38	12	Ceiling	967	0	4156
cosh	38	12	Floor	967	0	4156
cosh	38	12	HalfAwayFromZero	967	0	4156
cosh	38	12	HalfToEven	967	0	4156
cosh	38	12	HalfTowardZero	967	0	4156
cosh	38	12	Trunc	967	0	4156
cosh	38	12	ZeroFiveUp	967	0	4156
cosh	38	17	AwayFromZero	1444	0	3679
cosh	38	17	Ceiling	1444	0	3679
cosh	38	17	Floor	1444	0	3679
cosh	38	17	HalfAwayFromZero	1444	0	3679
cosh	38	17	HalfToEven	1444	0	3679
cosh	38	17	HalfTowardZero	1444	0	3679
cosh	38	17	Trunc	1444	0	3679
cosh	38	17	ZeroFiveUp	1444	0	3679
cosh	38	18	AwayFromZero	1470	0	3653
cosh	38	18	Ceiling	1470	0	3653
cosh	38	18	Floor	1470	0	3653
cosh	38	18	HalfAwayFromZero	1470	0	3653
cosh	38	18	HalfToEven	1470	0	3653
cosh	38	18	HalfTowardZero	1470	0	3653
cosh	38	18	Trunc	1470	0	3653
cosh	38	18	ZeroFiveUp	1470	0	3653
cosh	38	19	AwayFromZero	1720	0	3403
cosh	38	19	Ceiling	1720	0	3403
cosh	38	19	Floor	1720	0	3403
cosh	38	19	HalfAwayFromZero	1720	0	3403
cosh	38	19	HalfToEven	1720	0	3403
cosh	38	19	HalfTowardZero	1720	0	3403
cosh	38	19	Trunc	1720	0	3403
cosh	38	19	ZeroFiveUp	1720	0	3403
cosh	38	2	AwayFromZero	433	0	4690
cosh	38	2	Ceiling	433	0	4690
cosh	38	2	Floor	433	0	4690
cosh	38	2	HalfAwayFromZero	433	0	4690
cosh	38	2	HalfToEven	433	0	4690
cosh	38	2	HalfTowardZero	433	0	4690
cosh	38	2	Trunc	433	0	4690
cosh	38	2	ZeroFiveUp	433	0	4690
cosh	38	28	AwayFromZero	4786	0	337
cosh	38	28	Ceiling	4786	0	337
cosh	38	28	Floor	4786	0	337
cosh	38	28	HalfAwayFromZero	4786	0	337
cosh	38	28	HalfToEven	4786	0	337
cosh	38	28	HalfTowardZero	4786	0	337
cosh	38	28	Trunc	4786	0	337
cosh	38	28	ZeroFiveUp	4786	0	337
cosh	38	37	AwayFromZero	3338	0	1785
cosh	38	37	Ceiling	3338	0	1785
cosh	38	37	Floor	3338	0	1785
cosh	38	37	HalfAwayFromZero	3338	0	1785
cosh	38	37	HalfToEven	3338	0	1785
cosh	38	37	HalfTowardZero	3338	0	1785
cosh	38	37	Trunc	3338	0	1785
cosh	38	37	ZeroFiveUp	3338	0	1785
cosh	38	6	AwayFromZero	609	0	4514
cosh	38	6	Ceiling	609	0	4514
cosh	38	6	Floor	609	0	4514
cosh	38	6	HalfAwayFromZero	609	0	4514
cosh	38	6	HalfToEven	609	0	4514
cosh	38	6	HalfTowardZero	609	0	4514
cosh	38	6	Trunc	609	0	4514
cosh	38	6	ZeroFiveUp	609	0	4514
cosh	38	9	AwayFromZero	945	0	4178
cosh	38	9	Ceiling	945	0	4178
cosh	38	9	Floor	945	0	4178
cosh	38	9	HalfAwayFromZero	945	0	4178
cosh	38	9	HalfToEven	945	0	4178
cosh	38	9	HalfTowardZero	945	0	4178
cosh	38	9	Trunc	945	0	4178
cosh	38	9	ZeroFiveUp	945	0	4178
cosh	462	0	AwayFromZero	430	0	4693
cosh	462	0	Ceiling	430	0	4693
cosh	462	0	Floor	430	0	4693
cosh	462	0	HalfAwayFromZero	430	0	4693
cosh	462	0	HalfToEven	430	0	4693
cosh	462	0	HalfTowardZero	430	0	4693
cosh	462	0	Trunc	430	0	4693
cosh	462	0	ZeroFiveUp	430	0	4693
cosh	462	100	AwayFromZero	5081	0	42
cosh	462	100	Ceiling	5081	0	42
cosh	462	100	Floor	5081	0	42
cosh	462	100	HalfAwayFromZero	5081	0	42
cosh	462	100	HalfToEven	5081	0	42
cosh	462	100	HalfTowardZero	5081	0	42
cosh	462	100	Trunc	5081	0	42
cosh	462	100	ZeroFiveUp	5081	0	42
cosh	462	115	AwayFromZero	5085	0	38
cosh	462	115	Ceiling	5085	0	38
cosh	462	115	Floor	5085	0	38
cosh	462	115	HalfAwayFromZero	5085	0	38
cosh	462	115	HalfToEven	5085	0	38
cosh	462	115	HalfTowardZero	5085	0	38
cosh	462	115	Trunc	5085	0	38
cosh	462	115	ZeroFiveUp	5085	0	38
cosh	462	180	AwayFromZero	5095	0	28
cosh	462	180	Ceiling	5095	0	28
cosh	462	180	Floor	5095	0	28
cosh	462	180	HalfAwayFromZero	5095	0	28
cosh	462	180	HalfToEven	5095	0	28
cosh	462	180	HalfTowardZero	5095	0	28
cosh	462	180	Trunc	5095	0	28
cosh	462	180	ZeroFiveUp	5095	0	28
cosh	462	231	AwayFromZero	5101	0	22
cosh	462	231	Ceiling	5101	0	22
cosh	462	231	Floor	5101	0	22
cosh	462	231	HalfAwayFromZero	5101	0	22
cosh	462	231	HalfToEven	5101	0	22
cosh	462	231	HalfTowardZero	5101	0	22
cosh	462	231	Trunc	5101	0	22
cosh	462	231	ZeroFiveUp	5101	0	22
cosh	462	30	AwayFromZero	5045	0	78
cosh	462	30	Ceiling	5045	0	78
cosh	462	30	Floor	5045	0	78
cosh	462	30	HalfAwayFromZero	5045	0	78
cosh	462	30	HalfToEven	5045	0	78
cosh	462	30	HalfTowardZero	5045	0	78
cosh	462	30	Trunc	5045	0	78
cosh	462	30	ZeroFiveUp	5045	0	78
cosh	462	346	AwayFromZero	5107	0	16
cosh	462	346	Ceiling	5107	0	16
cosh	462	346	Floor	5107	0	16
cosh	462	346	HalfAwayFromZero	5107	0	16
cosh	462	346	HalfToEven	5107	0	16
cosh	462	346	HalfTowardZero	5107	0	16
cosh	462	346	Trunc	5107	0	16
cosh	462	346	ZeroFiveUp	5107	0	16
cosh	462	461	AwayFromZero	3058	0	2065
cosh	462	461	Ceiling	3058	0	2065
cosh	462	461	Floor	3058	0	2065
cosh	462	461	HalfAwayFromZero	3058	0	2065
cosh	462	461	HalfToEven	3058	0	2065
cosh	462	461	HalfTowardZero	3058	0	2065
cosh	462	461	Trunc	3058	0	2065
cosh	462	461	ZeroFiveUp	3058	0	2065
cosh	57	0	AwayFromZero	430	0	4693
cosh	57	0	Ceiling	430	0	4693
cosh	57	0	Floor	430	0	4693
cosh	57	0	HalfAwayFromZero	430	0	4693
cosh	57	0	HalfToEven	430	0	4693
cosh	57	0	HalfTowardZero	430	0	4693
cosh	57	0	Trunc	430	0	4693
cosh	57	0	ZeroFiveUp	430	0	4693
cosh	57	14	AwayFromZero	1263	0	3860
cosh	57	14	Ceiling	1263	0	3860
cosh	57	14	Floor	1263	0	3860
cosh	57	14	HalfAwayFromZero	1263	0	3860
cosh	57	14	HalfToEven	1263	0	3860
cosh	57	14	HalfTowardZero	1263	0	3860
cosh	57	14	Trunc	1263	0	3860
cosh	57	14	ZeroFiveUp	1263	0	3860
cosh	57	20	AwayFromZero	1720	0	3403
cosh	57	20	Ceiling	1720	0	3403
cosh	57	20	Floor	1720	0	3403
cosh	57	20	HalfAwayFromZero	1720	0	3403
cosh	57	20	HalfToEven	1720	0	3403
cosh	57	20	HalfTowardZero	1720	0	3403
cosh	57	20	Trunc	1720	0	3403
cosh	57	20	ZeroFiveUp	1720	0	3403
cosh	57	28	AwayFromZero	4786	0	337
cosh	57	28	Ceiling	4786	0	337
cosh	57	28	Floor	4786	0	337
cosh	57	28	HalfAwayFromZero	4786	0	337
cosh	57	28	HalfToEven	4786	0	337
cosh	57	28	HalfTowardZero	4786	0	337
cosh	57	28	Trunc	4786	0	337
cosh	57	28	ZeroFiveUp	4786	0	337
cosh	57	30	AwayFromZero	5045	0	78
cosh	57	30	Ceiling	5045	0	78
cosh	57	30	Floor	5045	0	78
cosh	57	30	HalfAwayFromZero	5045	0	78
cosh	57	30	HalfToEven	5045	0	78
cosh	57	30	HalfTowardZero	5045	0	78
cosh	57	30	Trunc	5045	0	78
cosh	57	30	ZeroFiveUp	5045	0	78
cosh	57	42	AwayFromZero	5070	0	53
cosh	57	42	Ceiling	5070	0	53
cosh	57	42	Floor	5070	0	53
cosh	57	42	HalfAwayFromZero	5070	0	53
cosh	57	42	HalfToEven	5070	0	53
cosh	57	42	HalfTowardZero	5070	0	53
cosh	57	42	Trunc	5070	0	53
cosh	57	42	ZeroFiveUp	5070	0	53
cosh	57	56	AwayFromZero	3750	0	1373
cosh	57	56	Ceiling	3750	0	1373
cosh	57	56	Floor	3750	0	1373
cosh	57	56	HalfAwayFromZero	3750	0	1373
cosh	57	56	HalfToEven	3750	0	1373
cosh	57	56	HalfTowardZero	3750	0	1373
cosh	57	56	Trunc	3750	0	1373
cosh	57	56	ZeroFiveUp	3750	0	1373
cosh	616	0	AwayFromZero	430	0	4693
cosh	616	0	Ceiling	430	0	4693
cosh	616	0	Floor	430	0	4693
cosh	616	0	HalfAwayFromZero	430	0	4693
cosh	616	0	HalfToEven	430	0	4693
cosh	616	0	HalfTowardZero	430	0	4693
cosh	616	0	Trunc	430	0	4693
cosh	616	0	ZeroFiveUp	430	0	4693
cosh	616	130	AwayFromZero	5087	0	36
cosh	616	130	Ceiling	5087	0	36
cosh	616	130	Floor	5087	0	36
cosh	616	130	HalfAwayFromZero	5087	0	36
cosh	616	130	HalfToEven	5087	0	36
cosh	616	130	HalfTowardZero	5087	0	36
cosh	616	130	Trunc	5087	0	36
cosh	616	130	ZeroFiveUp	5087	0	36
cosh	616	154	AwayFromZero	5093	0	30
cosh	616	154	Ceiling	5093	0	30
cosh	616	154	Floor	5093	0	30
cosh	616	154	HalfAwayFromZero	5093	0	30
cosh	616	154	HalfToEven	5093	0	30
cosh	616	154	HalfTowardZero	5093	0	30
cosh	616	154	Trunc	5093	0	30
cosh	616	154	ZeroFiveUp	5093	0	30
cosh	616	240	AwayFromZero	5101	0	22
cosh	616	240	Ceiling	5101	0	22
cosh	616	240	Floor	5101	0	22
cosh	616	240	HalfAwayFromZero	5101	0	22
cosh	616	240	HalfToEven	5101	0	22
cosh	616	240	HalfTowardZero	5101	0	22
cosh	616	240	Trunc	5101	0	22
cosh	616	240	ZeroFiveUp	5101	0	22
cosh	616	30	AwayFromZero	5045	0	78
cosh	616	30	Ceiling	5045	0	78
cosh	616	30	Floor	5045	0	78
cosh	616	30	HalfAwayFromZero	5045	0	78
cosh	616	30	HalfToEven	5045	0	78
cosh	616	30	HalfTowardZero	5045	0	78
cosh	616	30	Trunc	5045	0	78
cosh	616	30	ZeroFiveUp	5045	0	78
cosh	616	308	AwayFromZero	5105	0	18
cosh	616	308	Ceiling	5105	0	18
cosh	616	308	Floor	5105	0	18
cosh	616	308	HalfAwayFromZero	5105	0	18
cosh	616	308	HalfToEven	5105	0	18
cosh	616	308	HalfTowardZero	5105	0	18
cosh	616	308	Trunc	5105	0	18
cosh	616	308	ZeroFiveUp	5105	0	18
cosh	616	462	AwayFromZero	5111	0	12
cosh	616	462	Ceiling	5111	0	12
cosh	616	462	Floor	5111	0	12
cosh	616	462	HalfAwayFromZero	5111	0	12
cosh	616	462	HalfToEven	5111	0	12
cosh	616	462	HalfTowardZero	5111	0	12
cosh	616	462	Trunc	5111	0	12
cosh	616	462	ZeroFiveUp	5111	0	12
cosh	616	590	AwayFromZero	5111	0	12
cosh	616	590	Ceiling	5111	0	12
cosh	616	590	Floor	5111	0	12
cosh	616	590	HalfAwayFromZero	5111	0	12
cosh	616	590	HalfToEven	5111	0	12
cosh	616	590	HalfTowardZero	5111	0	12
cosh	616	590	Trunc	5111	0	12
cosh	616	590	ZeroFiveUp	5111	0	12
cosh	616	615	AwayFromZero	3329	0	1794
cosh	616	615	Ceiling	3329	0	1794
cosh	616	615	Floor	3329	0	1794
cosh	616	615	HalfAwayFromZero	3329	0	1794
cosh	616	615	HalfToEven	3329	0	1794
cosh	616	615	HalfTowardZero	3329	0	1794
cosh	616	615	Trunc	3329	0	1794
cosh	616	615	ZeroFiveUp	3329	0	1794
cosh	76	0	AwayFromZero	430	0	4693
cosh	76	0	Ceiling	430	0	4693
cosh	76	0	Floor	430	0	4693
cosh	76	0	HalfAwayFromZero	430	0	4693
cosh	76	0	HalfToEven	430	0	4693
cosh	76	0	HalfTowardZero	430	0	4693
cosh	76	0	Trunc	430	0	4693
cosh	76	0	ZeroFiveUp	430	0	4693
cosh	76	18	AwayFromZero	1470	0	3653
cosh	76	18	Ceiling	1470	0	3653
cosh	76	18	Floor	1470	0	3653
cosh	76	18	HalfAwayFromZero	1470	0	3653
cosh	76	18	HalfToEven	1470	0	3653
cosh	76	18	HalfTowardZero	1470	0	3653
cosh	76	18	Trunc	1470	0	3653
cosh	76	18	ZeroFiveUp	1470	0	3653
cosh	76	19	AwayFromZero	1720	0	3403
cosh	76	19	Ceiling	1720	0	3403
cosh	76	19	Floor	1720	0	3403
cosh	76	19	HalfAwayFromZero	1720	0	3403
cosh	76	19	HalfToEven	1720	0	3403
cosh	76	19	HalfTowardZero	1720	0	3403
cosh	76	19	Trunc	1720	0	3403
cosh	76	19	ZeroFiveUp	1720	0	3403
cosh	76	38	AwayFromZero	5068	0	55
cosh	76	38	Ceiling	5068	0	55
cosh	76	38	Floor	5068	0	55
cosh	76	38	HalfAwayFromZero	5068	0	55
cosh	76	38	HalfToEven	5068	0	55
cosh	76	38	HalfTowardZero	5068	0	55
cosh	76	38	Trunc	5068	0	55
cosh	76	38	ZeroFiveUp	5068	0	55
cosh	76	40	AwayFromZero	5068	0	55
cosh	76	40	Ceiling	5068	0	55
cosh	76	40	Floor	5068	0	55
cosh	76	40	HalfAwayFromZero	5068	0	55
cosh	76	40	HalfToEven	5068	0	55
cosh	76	40	HalfTowardZero	5068	0	55
cosh	76	40	Trunc	5068	0	55
cosh	76	40	ZeroFiveUp	5068	0	55
cosh	76	57	AwayFromZero	5074	0	49
cosh	76	57	Ceiling	5074	0	49
cosh	76	57	Floor	5074	0	49
cosh	76	57	HalfAwayFromZero	5074	0	49
cosh	76	57	HalfToEven	5074	0	49
cosh	76	57	HalfTowardZero	5074	0	49
cosh	76	57	Trunc	5074	0	49
cosh	76	57	ZeroFiveUp	5074	0	49
cosh	76	75	AwayFromZero	4037	0	1086
cosh	76	75	Ceiling	4037	0	1086
cosh	76	75	Floor	4037	0	1086
cosh	76	75	HalfAwayFromZero	4037	0	1086
cosh	76	75	HalfToEven	4037	0	1086
cosh	76	75	HalfTowardZero	4037	0	1086
cosh	76	75	Trunc	4037	0	1086
cosh	76	75	ZeroFiveUp	4037	0	1086
cosh	924	0	AwayFromZero	430	0	4693
cosh	924	0	Ceiling	430	0	4693
cosh	924	0	Floor	430	0	4693
cosh	924	0	HalfAwayFromZero	430	0	4693
cosh	924	0	HalfToEven	430	0	4693
cosh	924	0	HalfTowardZero	430	0	4693
cosh	924	0	Trunc	430	0	4693
cosh	924	0	ZeroFiveUp	430	0	4693
cosh	924	180	AwayFromZero	5095	0	28
cosh	924	180	Ceiling	5095	0	28
cosh	924	180	Floor	5095	0	28
cosh	924	180	HalfAwayFromZero	5095	0	28
cosh	924	180	HalfToEven	5095	0	28
cosh	924	180	HalfTowardZero	5095	0	28
cosh	924	180	Trunc	5095	0	28
cosh	924	180	ZeroFiveUp	5095	0	28
cosh	924	231	AwayFromZero	5101	0	22
cosh	924	231	Ceiling	5101	0	22
cosh	924	231	Floor	5101	0	22
cosh	924	231	HalfAwayFromZero	5101	0	22
cosh	924	231	HalfToEven	5101	0	22
cosh	924	231	HalfTowardZero	5101	0	22
cosh	924	231	Trunc	5101	0	22
cosh	924	231	ZeroFiveUp	5101	0	22
cosh	924	30	AwayFromZero	5045	0	78
cosh	924	30	Ceiling	5045	0	78
cosh	924	30	Floor	5045	0	78
cosh	924	30	HalfAwayFromZero	5045	0	78
cosh	924	30	HalfToEven	5045	0	78
cosh	924	30	HalfTowardZero	5045	0	78
cosh	924	30	Trunc	5045	0	78
cosh	924	30	ZeroFiveUp	5045	0	78
cosh	924	350	AwayFromZero	5107	0	16
cosh	924	350	Ceiling	5107	0	16
cosh	924	350	Floor	5107	0	16
cosh	924	350	HalfAwayFromZero	5107	0	16
cosh	924	350	HalfToEven	5107	0	16
cosh	924	350	HalfTowardZero	5107	0	16
cosh	924	350	Trunc	5107	0	16
cosh	924	350	ZeroFiveUp	5107	0	16
cosh	924	462	AwayFromZero	5111	0	12
cosh	924	462	Ceiling	5111	0	12
cosh	924	462	Floor	5111	0	12
cosh	924	462	HalfAwayFromZero	5111	0	12
cosh	924	462	HalfToEven	5111	0	12
cosh	924	462	HalfTowardZero	5111	0	12
cosh	924	462	Trunc	5111	0	12
cosh	924	462	ZeroFiveUp	5111	0	12
cosh	924	693	AwayFromZero	5117	0	6
cosh	924	693	Ceiling	5117	0	6
cosh	924	693	Floor	5117	0	6
cosh	924	693	HalfAwayFromZero	5117	0	6
cosh	924	693	HalfToEven	5117	0	6
cosh	924	693	HalfTowardZero	5117	0	6
cosh	924	693	Trunc	5117	0	6
cosh	924	693	ZeroFiveUp	5117	0	6
cosh	924	900	AwayFromZero	5117	0	6
cosh	924	900	Ceiling	5117	0	6
cosh	924	900	Floor	5117	0	6
cosh	924	900	HalfAwayFromZero	5117	0	6
cosh	924	900	HalfToEven	5117	0	6
cosh	924	900	HalfTowardZero	5117	0	6
cosh	924	900	Trunc	5117	0	6
cosh	924	900	ZeroFiveUp	5117	0	6
cosh	924	923	AwayFromZero	3760	0	1363
cosh	924	923	Ceiling	3760	0	1363
cosh	924	923	Floor	3760	0	1363
cosh	924	923	HalfAwayFromZero	3760	0	1363
cosh	924	923	HalfToEven	3760	0	1363
cosh	924	923	HalfTowardZero	3760	0	1363
cosh	924	923	Trunc	3760	0	1363
cosh	924	923	ZeroFiveUp	3760	0	1363
div	115	0	AwayFromZero	23	0	43
div	115	0	Ceiling	23	0	43
div	115	0	Floor	23	0	43
div	115	0	HalfAwayFromZero	23	0	43
div	115	0	HalfToEven	23	0	43
div	115	0	HalfTowardZero	23	0	43
div	115	0	Trunc	23	0	43
div	115	0	ZeroFiveUp	23	0	43
div	115	114	AwayFromZero	10	0	56
div	115	114	Ceiling	10	0	56
div	115	114	Floor	10	0	56
div	115	114	HalfAwayFromZero	10	0	56
div	115	114	HalfToEven	10	0	56
div	115	114	HalfTowardZero	10	0	56
div	115	114	Trunc	10	0	56
div	115	114	ZeroFiveUp	10	0	56
div	115	28	AwayFromZero	41	0	25
div	115	28	Ceiling	41	0	25
div	115	28	Floor	41	0	25
div	115	28	HalfAwayFromZero	41	0	25
div	115	28	HalfToEven	41	0	25
div	115	28	HalfTowardZero	41	0	25
div	115	28	Trunc	41	0	25
div	115	28	ZeroFiveUp	41	0	25
div	115	50	AwayFromZero	37	0	29
div	115	50	Ceiling	37	0	29
div	115	50	Floor	37	0	29
div	115	50	HalfAwayFromZero	37	0	29
div	115	50	HalfToEven	37	0	29
div	115	50	HalfTowardZero	37	0	29
div	115	50	Trunc	37	0	29
div	115	50	ZeroFiveUp	37	0	29
div	115	57	AwayFromZero	36	0	30
div	115	57	Ceiling	36	0	30
div	115	57	Floor	36	0	30
div	115	57	HalfAwayFromZero	36	0	30
div	115	57	HalfToEven	36	0	30
div	115	57	HalfTowardZero	36	0	30
div	115	57	Trunc	36	0	30
div	115	57	ZeroFiveUp	36	0	30
div	115	86	AwayFromZero	28	0	38
div	115	86	Ceiling	28	0	38
div	115	86	Floor	28	0	38
div	115	86	HalfAwayFromZero	28	0	38
div	115	86	HalfToEven	28	0	38
div	115	86	HalfTowardZero	28	0	38
div	115	86	Trunc	28	0	38
div	115	86	ZeroFiveUp	28	0	38
div	1232	0	AwayFromZero	46	0	20
div	1232	0	Ceiling	46	0	20
div	1232	0	Floor	46	0	20
div	1232	0	HalfAwayFromZero	46	0	20
div	1232	0	HalfToEven	46	0	20
div	1232	0	HalfTowardZero	46	0	20
div	1232	0	Trunc	46	0	20
div	1232	0	ZeroFiveUp	46	0	20
div	1232	1200	AwayFromZero	29	0	37
div	1232	1200	Ceiling	29	0	37
div	1232	1200	Floor	29	0	37
div	1232	1200	HalfAwayFromZero	29	0	37
div	1232	1200	HalfToEven	29	0	37
div	1232	1200	HalfTowardZero	29	0	37
div	1232	1200	Trunc	29	0	37
div	1232	1200	ZeroFiveUp	29	0	37
div	1232	1231	AwayFromZero	12	0	54
div	1232	1231	Ceiling	12	0	54
div	1232	1231	Floor	12	0	54
div	1232	1231	HalfAwayFromZero	12	0	54
div	1232	1231	HalfToEven	12	0	54
div	1232	1231	HalfTowardZero	12	0	54
div	1232	1231	Trunc	12	0	54
div	1232	1231	ZeroFiveUp	12	0	54
div	1232	250	AwayFromZero	65	0	1
div	1232	250	Ceiling	65	0	1
div	1232	250	Floor	65	0	1
div	1232	250	HalfAwayFromZero	65	0	1
div	1232	250	HalfToEven	65	0	1
div	1232	250	HalfTowardZero	65	0	1
div	1232	250	Trunc	65	0	1
div	1232	250	ZeroFiveUp	65	0	1
div	1232	30	AwayFromZero	65	0	1
div	1232	30	Ceiling	65	0	1
div	1232	30	Floor	65	0	1
div	1232	30	HalfAwayFromZero	65	0	1
div	1232	30	HalfToEven	65	0	1
div	1232	30	HalfTowardZero	65	0	1
div	1232	30	Trunc	65	0	1
div	1232	30	ZeroFiveUp	65	0	1
div	1232	308	AwayFromZero	64	0	2
div	1232	308	Ceiling	64	0	2
div	1232	308	Floor	64	0	2
div	1232	308	HalfAwayFromZero	64	0	2
div	1232	308	HalfToEven	64	0	2
div	1232	308	HalfTowardZero	64	0	2
div	1232	308	Trunc	64	0	2
div	1232	308	ZeroFiveUp	64	0	2
div	1232	470	AwayFromZero	63	0	3
div	1232	470	Ceiling	63	0	3
div	1232	470	Floor	63	0	3
div	1232	470	HalfAwayFromZero	63	0	3
div	1232	470	HalfToEven	63	0	3
div	1232	470	HalfTowardZero	63	0	3
div	1232	470	Trunc	63	0	3
div	1232	470	ZeroFiveUp	63	0	3
div	1232	616	AwayFromZero	61	0	5
div	1232	616	Ceiling	61	0	5
div	1232	616	Floor	61	0	5
div	1232	616	HalfAwayFromZero	61	0	5
div	1232	616	HalfToEven	61	0	5
div	1232	616	HalfTowardZero	61	0	5
div	1232	616	Trunc	61	0	5
div	1232	616	ZeroFiveUp	61	0	5
div	1232	924	AwayFromZero	55	0	11
div	1232	924	Ceiling	55	0	11
div	1232	924	Floor	55	0	11
div	1232	924	HalfAwayFromZero	55	0	11
div	1232	924	HalfToEven	55	0	11
div	1232	924	HalfTowardZero	55	0	11
div	1232	924	Trunc	55	0	11
div	1232	924	ZeroFiveUp	55	0	11
div	153	0	AwayFromZero	27	0	39
div	153	0	Ceiling	27	0	39
div	153	0	Floor	27	0	39
div	153	0	HalfAwayFromZero	27	0	39
div	153	0	HalfToEven	27	0	39
div	153	0	HalfTowardZero	27	0	39
div	153	0	Trunc	27	0	39
div	153	0	ZeroFiveUp	27	0	39
div	153	114	AwayFromZero	32	0	34
div	153	114	Ceiling	32	0	34
div	153	114	Floor	32	0	34
div	153	114	HalfAwayFromZero	32	0	34
div	153	114	HalfToEven	32	0	34
div	153	114	HalfTowardZero	32	0	34
div	153	114	Trunc	32	0	34
div	153	114	ZeroFiveUp	32	0	34
div	153	152	AwayFromZero	15	0	51
div	153	152	Ceiling	15	0	51
div	153	152	Floor	15	0	51
div	153	152	HalfAwayFromZero	15	0	51
div	153	152	HalfToEven	15	0	51
div	153	152	HalfTowardZero	15	0	51
div	153	152	Trunc	15	0	51
div	153	152	ZeroFiveUp	15	0	51
div	153	38	AwayFromZero	43	0	23
div	153	38	Ceiling	43	0	23
div	153	38	Floor	43	0	23
div	153	38	HalfAwayFromZero	43	0	23
div	153	38	HalfToEven	43	0	23
div	153	38	HalfTowardZero	43	0	23
div	153	38	Trunc	43	0	23
div	153	38	ZeroFiveUp	43	0	23
div	153	76	AwayFromZero	39	0	27
div	153	76	Ceiling	39	0	27
div	153	76	Floor	39	0	27
div	153	76	HalfAwayFromZero	39	0	27
div	153	76	HalfToEven	39	0	27
div	153	76	HalfTowardZero	39	0	27
div	153	76	Trunc	39	0	27
div	153	76	ZeroFiveUp	39	0	27
div	18	0	AwayFromZero	7	0	59
div	18	0	Ceiling	7	0	59
div	18	0	Floor	7	0	59
div	18	0	HalfAwayFromZero	7	0	59
div	18	0	HalfToEven	7	0	59
div	18	0	HalfTowardZero	7	0	59
div	18	0	Trunc	7	0	59
div	18	0	ZeroFiveUp	7	0	59
div	18	13	AwayFromZero	7	0	59
div	18	13	Ceiling	7	0	59
div	18	13	Floor	7	0	59
div	18	13	HalfAwayFromZero	7	0	59
div	18	13	HalfToEven	7	0	59
div	18	13	HalfTowardZero	7	0	59
div	18	13	Trunc	7	0	59
div	18	13	ZeroFiveUp	7	0	59
div	18	17	AwayFromZero	7	0	59
div	18	17	Ceiling	7	0	59
div	18	17	Floor	7	0	59
div	18	17	HalfAwayFromZero	7	0	59
div	18	17	HalfToEven	7	0	59
div	18	17	HalfTowardZero	7	0	59
div	18	17	Trunc	7	0	59
div	18	17	ZeroFiveUp	7	0	59
div	18	3	AwayFromZero	6	0	60
div	18	3	Ceiling	6	0	60
div	18	3	Floor	6	0	60
div	18	3	HalfAwayFromZero	6	0	60
div	18	3	HalfToEven	6	0	60
div	18	3	HalfTowardZero	6	0	60
div	18	3	Trunc	6	0	60
div	18	3	ZeroFiveUp	6	0	60
div	18	4	AwayFromZero	7	0	59
div	18	4	Ceiling	7	0	59
div	18	4	Floor	7	0	59
div	18	4	HalfAwayFromZero	7	0	59
div	18	4	HalfToEven	7	0	59
div	18	4	HalfTowardZero	7	0	59
div	18	4	Trunc	7	0	59
div	18	4	ZeroFiveUp	7	0	59
div	18	9	AwayFromZero	7	0	59
div	18	9	Ceiling	7	0	59
div	18	9	Floor	7	0	59
div	18	9	HalfAwayFromZero	7	0	59
div	18	9	HalfToEven	7	0	59
div	18	9	HalfTowardZero	7	0	59
div	18	9	Trunc	7	0	59
div	18	9	ZeroFiveUp	7	0	59
div	230	0	AwayFromZero	31	0	35
div	230	0	Ceiling	31	0	35
div	230	0	Floor	31	0	35
div	230	0	HalfAwayFromZero	31	0	35
div	230	0	HalfToEven	31	0	35
div	230	0	HalfTowardZero	31	0	35
div	230	0	Trunc	31	0	35
div	230	0	ZeroFiveUp	31	0	35
div	230	115	AwayFromZero	44	0	22
div	230	115	Ceiling	44	0	22
div	230	115	Floor	44	0	22
div	230	115	HalfAwayFromZero	44	0	22
div	230	115	HalfToEven	44	0	22
div	230	115	HalfTowardZero	44	0	22
div	230	115	Trunc	44	0	22
div	230	115	ZeroFiveUp	44	0	22
div	230	172	AwayFromZero	37	0	29
div	230	172	Ceiling	37	0	29
div	230	172	Floor	37	0	29
div	230	172	HalfAwayFromZero	37	0	29
div	230	172	HalfToEven	37	0	29
div	230	172	HalfTowardZero	37	0	29
div	230	172	Trunc	37	0	29
div	230	172	ZeroFiveUp	37	0	29
div	230	229	AwayFromZero	16	0	50
div	230	229	Ceiling	16	0	50
div	230	229	Floor	16	0	50
div	230	229	HalfAwayFromZero	16	0	50
div	230	229	HalfToEven	16	0	50
div	230	229	HalfTowardZero	16	0	50
div	230	229	Trunc	16	0	50
div	230	229	ZeroFiveUp	16	0	50
div	230	30	AwayFromZero	49	0	17
div	230	30	Ceiling	49	0	17
div	230	30	Floor	49	0	17
div	230	30	HalfAwayFromZero	49	0	17
div	230	30	HalfToEven	49	0	17
div	230	30	HalfTowardZero	49	0	17
div	230	30	Trunc	49	0	17
div	230	30	ZeroFiveUp	49	0	17
div	230	57	AwayFromZero	49	0	17
div	230	57	Ceiling	49	0	17
div	230	57	Floor	49	0	17
div	230	57	HalfAwayFromZero	49	0	17
div	230	57	HalfToEven	49	0	17
div	230	57	HalfTowardZero	49	0	17
div	230	57	Trunc	49	0	17
div	230	57	ZeroFiveUp	49	0	17
div	307	0	AwayFromZero	34	0	32
div	307	0	Ceiling	34	0	32
div	307	0	Floor	34	0	32
div	307	0	HalfAwayFromZero	34	0	32
div	307	0	HalfToEven	34	0	32
div	307	0	HalfTowardZero	34	0	32
div	307	0	Trunc	34	0	32
div	307	0	ZeroFiveUp	34	0	32
div	307	120	AwayFromZero	49	0	17
div	307	120	Ceiling	49	0	17
div	307	120	Floor	49	0	17
div	307	120	HalfAwayFromZero	49	0	17
div	307	120	HalfToEven	49	0	17
div	307	120	HalfTowardZero	49	0	17
div	307	120	Trunc	49	0	17
div	307	120	ZeroFiveUp	49	0	17
div	307	153	AwayFromZero	47	0	19
div	307	153	Ceiling	47	0	19
div	307	153	Floor	47	0	19
div	307	153	HalfAwayFromZero	47	0	19
div	307	153	HalfToEven	47	0	19
div	307	153	HalfTowardZero	47	0	19
div	307	153	Trunc	47	0	19
div	307	153	ZeroFiveUp	47	0	19
div	307	230	AwayFromZero	39	0	27
div	307	230	Ceiling	39	0	27
div	307	230	Floor	39	0	27
div	307	230	HalfAwayFromZero	39	0	27
div	307	230	HalfToEven	39	0	27
div	307	230	HalfTowardZero	39	0	27
div	307	230	Trunc	39	0	27
div	307	230	ZeroFiveUp	39	0	27
div	307	290	AwayFromZero	23	0	43
div	307	290	Ceiling	23	0	43
div	307	290	Floor	23	0	43
div	307	290	HalfAwayFromZero	23	0	43
div	307	290	HalfToEven	23	0	43
div	307	290	HalfTowardZero	23	0	43
div	307	290	Trunc	23	0	43
div	307	290	ZeroFiveUp	23	0	43
div	307	30	AwayFromZero	53	0	13
div	307	30	Ceiling	53	0	13
div	307	30	Floor	53	0	13
div	307	30	HalfAwayFromZero	53	0	13
div	307	30	HalfToEven	53	0	13
div	307	30	HalfTowardZero	53	0	13
div	307	30	Trunc	53	0	13
div	307	30	ZeroFiveUp	53	0	13
div	307	306	AwayFromZero	16	0	50
div	307	306	Ceiling	16	0	50
div	307	306	Floor	16	0	50
div	307	306	HalfAwayFromZero	16	0	50
div	307	306	HalfToEven	16	0	50
div	307	306	HalfTowardZero	16	0	50
div	307	306	Trunc	16	0	50
div	307	306	ZeroFiveUp	16	0	50
div	307	50	AwayFromZero	53	0	13
div	307	50	Ceiling	53	0	13
div	307	50	Floor	53	0	13
div	307	50	HalfAwayFromZero	53	0	13
div	307	50	HalfToEven	53	0	13
div	307	50	HalfTowardZero	53	0	13
div	307	50	Trunc	53	0	13
div	307	50	ZeroFiveUp	53	0	13
div	307	70	AwayFromZero	53	0	13
div	307	70	Ceiling	53	0	13
div	307	70	Floor	53	0	13
div	307	70	HalfAwayFromZero	53	0	13
div	307	70	HalfToEven	53	0	13
div	307	70	HalfTowardZero	53	0	13
div	307	70	Trunc	53	0	13
div	307	70	ZeroFiveUp	53	0	13
div	307	76	AwayFromZero	52	0	14
div	307	76	Ceiling	52	0	14
div	307	76	Floor	52	0	14
div	307	76	HalfAwayFromZero	52	0	14
div	307	76	HalfToEven	52	0	14
div	307	76	HalfTowardZero	52	0	14
div	307	76	Trunc	52	0	14
div	307	76	ZeroFiveUp	52	0	14
div	38	0	AwayFromZero	11	0	55
div	38	0	Ceiling	11	0	55
div	38	0	Floor	11	0	55
div	38	0	HalfAwayFromZero	11	0	55
div	38	0	HalfToEven	11	0	55
div	38	0	HalfTowardZero	11	0	55
div	38	0	Trunc	11	0	55
div	38	0	ZeroFiveUp	11	0	55
div	38	10	AwayFromZero	11	0	55
div	38	10	Ceiling	11	0	55
div	38	10	Floor	11	0	55
div	38	10	HalfAwayFromZero	11	0	55
div	38	10	HalfToEven	11	0	55
div	38	10	HalfTowardZero	11	0	55
div	38	10	Trunc	11	0	55
div	38	10	ZeroFiveUp	11	0	55
div	38	12	AwayFromZero	12	0	54
div	38	12	Ceiling	12	0	54
div	38	12	Floor	12	0	54
div	38	12	HalfAwayFromZero	12	0	54
div	38	12	HalfToEven	12	0	54
div	38	12	HalfTowardZero	12	0	54
div	38	12	Trunc	12	0	54
div	38	12	ZeroFiveUp	12	0	54
div	38	17	AwayFromZero	15	0	51
div	38	17	Ceiling	15	0	51
div	38	17	Floor	15	0	51
div	38	17	HalfAwayFromZero	15	0	51
div	38	17	HalfToEven	15	0	51
div	38	17	HalfTowardZero	15	0	51
div	38	17	Trunc	15	0	51
div	38	17	ZeroFiveUp	15	0	51
div	38	18	AwayFromZero	15	0	51
div	38	18	Ceiling	15	0	51
div	38	18	Floor	15	0	51
div	38	18	HalfAwayFromZero	15	0	51
div	38	18	HalfToEven	15	0	51
div	38	18	HalfTowardZero	15	0	51
div	38	18	Trunc	15	0	51
div	38	18	ZeroFiveUp	15	0	51
div	38	19	AwayFromZero	14	0	52
div	38	19	Ceiling	14	0	52
div	38	19	Floor	14	0	52
div	38	19	HalfAwayFromZero	14	0	52
div	38	19	HalfToEven	14	0	52
div	38	19	HalfTowardZero	14	0	52
div	38	19	Trunc	14	0	52
div	38	19	ZeroFiveUp	14	0	52
div	38	2	AwayFromZero	10	0	56
div	38	2	Ceiling	10	0	56
div	38	2	Floor	10	0	56
div	38	2	HalfAwayFromZero	10	0	56
div	38	2	HalfToEven	10	0	56
div	38	2	HalfTowardZero	10	0	56
div	38	2	Trunc	10	0	56
div	38	2	ZeroFiveUp	10	0	56
div	38	28	AwayFromZero	21	0	45
div	38	28	Ceiling	21	0	45
div	38	28	Floor	21	0	45
div	38	28	HalfAwayFromZero	21	0	45
div	38	28	HalfToEven	21	0	45
div	38	28	HalfTowardZero	21	0	45
div	38	28	Trunc	21	0	45
div	38	28	ZeroFiveUp	21	0	45
div	38	37	AwayFromZero	9	0	57
div	38	37	Ceiling	9	0	57
div	38	37	Floor	9	0	57
div	38	37	HalfAwayFromZero	9	0	57
div	38	37	HalfToEven	9	0	57
div	38	37	HalfTowardZero	9	0	57
div	38	37	Trunc	9	0	57
div	38	37	ZeroFiveUp	9	0	57
div	38	6	AwayFromZero	11	0	55
div	38	6	Ceiling	11	0	55
div	38	6	Floor	11	0	55
div	38	6	HalfAwayFromZero	11	0	55
div	38	6	HalfToEven	11	0	55
div	38	6	HalfTowardZero	11	0	55
div	38	6	Trunc	11	0	55
div	38	6	ZeroFiveUp	11	0	55
div	38	9	AwayFromZero	12	0	54
div	38	9	Ceiling	12	0	54
div	38	9	Floor	12	0	54
div	38	9	HalfAwayFromZero	12	0	54
div	38	9	HalfToEven	12	0	54
div	38	9	HalfTowardZero	12	0	54
div	38	9	Trunc	12	0	54
div	38	9	ZeroFiveUp	12	0	54
div	462	0	AwayFromZero	39	0	27
div	462	0	Ceiling	39	0	27
div	462	0	Floor	39	0	27
div	462	0	HalfAwayFromZero	39	0	27
div	462	0	HalfToEven	39	0	27
div	462	0	HalfTowardZero	39	0	27
div	462	0	Trunc	39	0	27
div	462	0	ZeroFiveUp	39	0	27
div	462	100	AwayFromZero	57	0	9
div	462	100	Ceiling	57	0	9
div	462	100	Floor	57	0	9
div	462	100	HalfAwayFromZero	57	0	9
div	462	100	HalfToEven	57	0	9
div	462	100	HalfTowardZero	57	0	9
div	462	100	Trunc	57	0	9
div	462	100	ZeroFiveUp	57	0	9
div	462	115	AwayFromZero	57	0	9
div	462	115	Ceiling	57	0	9
div	462	115	Floor	57	0	9
div	462	115	HalfAwayFromZero	57	0	9
div	462	115	HalfToEven	57	0	9
div	462	115	HalfTowardZero	57	0	9
div	462	115	Trunc	57	0	9
div	462	115	ZeroFiveUp	57	0	9
div	462	180	AwayFromZero	53	0	13
div	462	180	Ceiling	53	0	13
div	462	180	Floor	53	0	13
div	462	180	HalfAwayFromZero	53	0	13
div	462	180	HalfToEven	53	0	13
div	462	180	HalfTowardZero	53	0	13
div	462	180	Trunc	53	0	13
div	462	180	ZeroFiveUp	53	0	13
div	462	231	AwayFromZero	51	0	15
div	462	231	Ceiling	51	0	15
div	462	231	Floor	51	0	15
div	462	231	HalfAwayFromZero	51	0	15
div	462	231	HalfToEven	51	0	15
div	462	231	HalfTowardZero	51	0	15
div	462	231	Trunc	51	0	15
div	462	231	ZeroFiveUp	51	0	15
div	462	30	AwayFromZero	57	0	9
div	462	30	Ceiling	57	0	9
div	462	30	Floor	57	0	9
div	462	30	HalfAwayFromZero	57	0	9
div	462	30	HalfToEven	57	0	9
div	462	30	HalfTowardZero	57	0	9
div	462	30	Trunc	57	0	9
div	462	30	ZeroFiveUp	57	0	9
div	462	346	AwayFromZero	45	0	21
div	462	346	Ceiling	45	0	21
div	462	346	Floor	45	0	21
div	462	346	HalfAwayFromZero	45	0	21
div	462	346	HalfToEven	45	0	21
div	462	346	HalfTowardZero	45	0	21
div	462	346	Trunc	45	0	21
div	462	346	ZeroFiveUp	45	0	21
div	462	461	AwayFromZero	7	0	59
div	462	461	Ceiling	7	0	59
div	462	461	Floor	7	0	59
div	462	461	HalfAwayFromZero	7	0	59
div	462	461	HalfToEven	7	0	59
div	462	461	HalfTowardZero	7	0	59
div	462	461	Trunc	7	0	59
div	462	461	ZeroFiveUp	7	0	59
div	57	0	AwayFromZero	14	0	52
div	57	0	Ceiling	14	0	52
div	57	0	Floor	14	0	52
div	57	0	HalfAwayFromZero	14	0	52
div	57	0	HalfToEven	14	0	52
div	57	0	HalfTowardZero	14	0	52
div	57	0	Trunc	14	0	52
div	57	0	ZeroFiveUp	14	0	52
div	57	14	AwayFromZero	19	0	47
div	57	14	Ceiling	19	0	47
div	57	14	Floor	19	0	47
div	57	14	HalfAwayFromZero	19	0	47
div	57	14	HalfToEven	19	0	47
div	57	14	HalfTowardZero	19	0	47
div	57	14	Trunc	19	0	47
div	57	14	ZeroFiveUp	19	0	47
div	57	20	AwayFromZero	18	0	48
div	57	20	Ceiling	18	0	48
div	57	20	Floor	18	0	48
div	57	20	HalfAwayFromZero	18	0	48
div	57	20	HalfToEven	18	0	48
div	57	20	HalfTowardZero	18	0	48
div	57	20	Trunc	18	0	48
div	57	20	ZeroFiveUp	18	0	48
div	57	28	AwayFromZero	28	0	38
div	57	28	Ceiling	28	0	38
div	57	28	Floor	28	0	38
div	57	28	HalfAwayFromZero	28	0	38
div	57	28	HalfToEven	28	0	38
div	57	28	HalfTowardZero	28	0	38
div	57	28	Trunc	28	0	38
div	57	28	ZeroFiveUp	28	0	38
div	57	30	AwayFromZero	26	0	40
div	57	30	Ceiling	26	0	40
div	57	30	Floor	26	0	40
div	57	30	HalfAwayFromZero	26	0	40
div	57	30	HalfToEven	26	0	40
div	57	30	HalfTowardZero	26	0	40
div	57	30	Trunc	26	0	40
div	57	30	ZeroFiveUp	26	0	40
div	57	42	AwayFromZero	22	0	44
div	57	42	Ceiling	22	0	44
div	57	42	Floor	22	0	44
div	57	42	HalfAwayFromZero	22	0	44
div	57	42	HalfToEven	22	0	44
div	57	42	HalfTowardZero	22	0	44
div	57	42	Trunc	22	0	44
div	57	42	ZeroFiveUp	22	0	44
div	57	56	AwayFromZero	11	0	55
div	57	56	Ceiling	11	0	55
div	57	56	Floor	11	0	55
div	57	56	HalfAwayFromZero	11	0	55
div	57	56	HalfToEven	11	0	55
div	57	56	HalfTowardZero	11	0	55
div	57	56	Trunc	11	0	55
div	57	56	ZeroFiveUp	11	0	55
div	616	0	AwayFromZero	42	0	24
div	616	0	Ceiling	42	0	24
div	616	0	Floor	42	0	24
div	616	0	HalfAwayFromZero	42	0	24
div	616	0	HalfToEven	42	0	24
div	616	0	HalfTowardZero	42	0	24
div	616	0	Trunc	42	0	24
div	616	0	ZeroFiveUp	42	0	24
div	616	130	AwayFromZero	60	0	6
div	616	130	Ceiling	60	0	6
div	616	130	Floor	60	0	6
div	616	130	HalfAwayFromZero	60	0	6
div	616	130	HalfToEven	60	0	6
div	616	130	HalfTowardZero	60	0	6
div	616	130	Trunc	60	0	6
div	616	130	ZeroFiveUp	60	0	6
div	616	154	AwayFromZero	59	0	7
div	616	154	Ceiling	59	0	7
div	616	154	Floor	59	0	7
div	616	154	HalfAwayFromZero	59	0	7
div	616	154	HalfToEven	59	0	7
div	616	154	HalfTowardZero	59	0	7
div	616	154	Trunc	59	0	7
div	616	154	ZeroFiveUp	59	0	7
div	616	240	AwayFromZero	57	0	9
div	616	240	Ceiling	57	0	9
div	616	240	Floor	57	0	9
div	616	240	HalfAwayFromZero	57	0	9
div	616	240	HalfToEven	57	0	9
div	616	240	HalfTowardZero	57	0	9
div	616	240	Trunc	57	0	9
div	616	240	ZeroFiveUp	57	0	9
div	616	30	AwayFromZero	60	0	6
div	616	30	Ceiling	60	0	6
div	616	30	Floor	60	0	6
div	616	30	HalfAwayFromZero	60	0	6
div	616	30	HalfToEven	60	0	6
div	616	30	HalfTowardZero	60	0	6
div	616	30	Trunc	60	0	6
div	616	30	ZeroFiveUp	60	0	6
div	616	308	AwayFromZero	55	0	11
div	616	308	Ceiling	55	0	11
div	616	308	Floor	55	0	11
div	616	308	HalfAwayFromZero	55	0	11
div	616	308	HalfToEven	55	0	11
div	616	308	HalfTowardZero	55	0	11
div	616	308	Trunc	55	0	11
div	616	308	ZeroFiveUp	55	0	11
div	616	462	AwayFromZero	47	0	19
div	616	462	Ceiling	47	0	19
div	616	462	Floor	47	0	19
div	616	462	HalfAwayFromZero	47	0	19
div	616	462	HalfToEven	47	0	19
div	616	462	HalfTowardZero	47	0	19
div	616	462	Trunc	47	0	19
div	616	462	ZeroFiveUp	47	0	19
div	616	590	AwayFromZero	26	0	40
div	616	590	Ceiling	26	0	40
div	616	590	Floor	26	0	40
div	616	590	HalfAwayFromZero	26	0	40
div	616	590	HalfToEven	26	0	40
div	616	590	HalfTowardZero	26	0	40
div	616	590	Trunc	26	0	40
div	616	590	ZeroFiveUp	26	0	40
div	616	615	AwayFromZero	8	0	58
div	616	615	Ceiling	8	0	58
div	616	615	Floor	8	0	58
div	616	615	HalfAwayFromZero	8	0	58
div	616	615	HalfToEven	8	0	58
div	616	615	HalfTowardZero	8	0	58
div	616	615	Trunc	8	0	58
div	616	615	ZeroFiveUp	8	0	58
div	76	0	AwayFromZero	19	0	47
div	76	0	Ceiling	19	0	47
div	76	0	Floor	19	0	47
div	76	0	HalfAwayFromZero	19	0	47
div	76	0	HalfToEven	19	0	47
div	76	0	HalfTowardZero	19	0	47
div	76	0	Trunc	19	0	47
div	76	0	ZeroFiveUp	19	0	47
div	76	18	AwayFromZero	25	0	41
div	76	18	Ceiling	25	0	41
div	76	18	Floor	25	0	41
div	76	18	HalfAwayFromZero	25	0	41
div	76	18	HalfToEven	25	0	41
div	76	18	HalfTowardZero	25	0	41
div	76	18	Trunc	25	0	41
div	76	18	ZeroFiveUp	25	0	41
div	76	19	AwayFromZero	24	0	42
div	76	19	Ceiling	24	0	42
div	76	19	Floor	24	0	42
div	76	19	HalfAwayFromZero	24	0	42
div	76	19	HalfToEven	24	0	42
div	76	19	HalfTowardZero	24	0	42
div	76	19	Trunc	24	0	42
div	76	19	ZeroFiveUp	24	0	42
div	76	38	AwayFromZero	31	0	35
div	76	38	Ceiling	31	0	35
div	76	38	Floor	31	0	35
div	76	38	HalfAwayFromZero	31	0	35
div	76	38	HalfToEven	31	0	35
div	76	38	HalfTowardZero	31	0	35
div	76	38	Trunc	31	0	35
div	76	38	ZeroFiveUp	31	0	35
div	76	40	AwayFromZero	29	0	37
div	76	40	Ceiling	29	0	37
div	76	40	Floor	29	0	37
div	76	40	HalfAwayFromZero	29	0	37
div	76	40	HalfToEven	29	0	37
div	76	40	HalfTowardZero	29	0	37
div	76	40	Trunc	29	0	37
div	76	40	ZeroFiveUp	29	0	37
div	76	57	AwayFromZero	26	0	40
div	76	57	Ceiling	26	0	40
div	76	57	Floor	26	0	40
div	76	57	HalfAwayFromZero	26	0	40
div	76	57	HalfToEven	26	0	40
div	76	57	HalfTowardZero	26	0	40
div	76	57	Trunc	26	0	40
div	76	57	ZeroFiveUp	26	0	40
div	76	75	AwayFromZero	14	0	52
div	76	75	Ceiling	14	0	52
div	76	75	Floor	14	0	52
div	76	75	HalfAwayFromZero	14	0	52
div	76	75	HalfToEven	14	0	52
div	76	75	HalfTowardZero	14	0	52
div	76	75	Trunc	14	0	52
div	76	75	ZeroFiveUp	14	0	52
div	924	0	AwayFromZero	44	0	22
div	924	0	Ceiling	44	0	22
div	924	0	Floor	44	0	22
div	924	0	HalfAwayFromZero	44	0	22
div	924	0	HalfToEven	44	0	22
div	924	0	HalfTowardZero	44	0	22
div	924	0	Trunc	44	0	22
div	924	0	ZeroFiveUp	44	0	22
div	924	180	AwayFromZero	63	0	3
div	924	180	Ceiling	63	0	3
div	924	180	Floor	63	0	3
div	924	180	HalfAwayFromZero	63	0	3
div	924	180	HalfToEven	63	0	3
div	924	180	HalfTowardZero	63	0	3
div	924	180	Trunc	63	0	3
div	924	180	ZeroFiveUp	63	0	3
div	924	231	AwayFromZero	62	0	4
div	924	231	Ceiling	62	0	4
div	924	231	Floor	62	0	4
div	924	231	HalfAwayFromZero	62	0	4
div	924	231	HalfToEven	62	0	4
div	924	231	HalfTowardZero	62	0	4
div	924	231	Trunc	62	0	4
div	924	231	ZeroFiveUp	62	0	4
div	924	30	AwayFromZero	63	0	3
div	924	30	Ceiling	63	0	3
div	924	30	Floor	63	0	3
div	924	30	HalfAwayFromZero	63	0	3
div	924	30	HalfToEven	63	0	3
div	924	30	HalfTowardZero	63	0	3
div	924	30	Trunc	63	0	3
div	924	30	ZeroFiveUp	63	0	3
div	924	350	AwayFromZero	60	0	6
div	924	350	Ceiling	60	0	6
div	924	350	Floor	60	0	6
div	924	350	HalfAwayFromZero	60	0	6
div	924	350	HalfToEven	60	0	6
div	924	350	HalfTowardZero	60	0	6
div	924	350	Trunc	60	0	6
div	924	350	ZeroFiveUp	60	0	6
div	924	462	AwayFromZero	59	0	7
div	924	462	Ceiling	59	0	7
div	924	462	Floor	59	0	7
div	924	462	HalfAwayFromZero	59	0	7
div	924	462	HalfToEven	59	0	7
div	924	462	HalfTowardZero	59	0	7
div	924	462	Trunc	59	0	7
div	924	462	ZeroFiveUp	59	0	7
div	924	693	AwayFromZero	51	0	15
div	924	693	Ceiling	51	0	15
div	924	693	Floor	51	0	15
div	924	693	HalfAwayFromZero	51	0	15
div	924	693	HalfToEven	51	0	15
div	924	693	HalfTowardZero	51	0	15
div	924	693	Trunc	51	0	15
div	924	693	ZeroFiveUp	51	0	15
div	924	900	AwayFromZero	26	0	40
div	924	900	Ceiling	26	0	40
div	924	900	Floor	26	0	40
div	924	900	HalfAwayFromZero	26	0	40
div	924	900	HalfToEven	26	0	40
div	924	900	HalfTowardZero	26	0	40
div	924	900	Trunc	26	0	40
div	924	900	ZeroFiveUp	26	0	40
div	924	923	AwayFromZero	10	0	56
div	924	923	Ceiling	10	0	56
div	924	923	Floor	10	0	56
div	924	923	HalfAwayFromZero	10	0	56
div	924	923	HalfToEven	10	0	56
div	924	923	HalfTowardZero	10	0	56
div	924	923	Trunc	10	0	56
div	924	923	ZeroFiveUp	10	0	56
exp	115	0	AwayFromZero	426	0	4217
exp	115	0	Ceiling	426	0	4217
exp	115	0	Floor	426	0	4217
exp	115	0	HalfAwayFromZero	426	0	4217
exp	115	0	HalfToEven	426	0	4217
exp	115	0	HalfTowardZero	426	0	4217
exp	115	0	Trunc	426	0	4217
exp	115	0	ZeroFiveUp	426	0	4217
exp	115	114	AwayFromZero	3045	0	1598
exp	115	114	Ceiling	3045	0	1598
exp	115	114	Floor	3045	0	1598
exp	115	114	HalfAwayFromZero	3045	0	1598
exp	115	114	HalfToEven	3045	0	1598
exp	115	114	HalfTowardZero	3045	0	1598
exp	115	114	Trunc	3045	0	1598
exp	115	114	ZeroFiveUp	3045	0	1598
exp	115	28	AwayFromZero	4344	0	299
exp	115	28	Ceiling	4344	0	299
exp	115	28	Floor	4344	0	299
exp	115	28	HalfAwayFromZero	4344	0	299
exp	115	28	HalfToEven	4344	0	299
exp	115	28	HalfTowardZero	4344	0	299
exp	115	28	Trunc	4344	0	299
exp	115	28	ZeroFiveUp	4344	0	299
exp	115	50	AwayFromZero	4592	0	51
exp	115	50	Ceiling	4592	0	51
exp	115	50	Floor	4592	0	51
exp	115	50	HalfAwayFromZero	4592	0	51
exp	115	50	HalfToEven	4592	0	51
exp	115	50	HalfTowardZero	4592	0	51
exp	115	50	Trunc	4592	0	51
exp	115	50	ZeroFiveUp	4592	0	51
exp	115	57	AwayFromZero	4596	0	47
exp	115	57	Ceiling	4596	0	47
exp	115	57	Floor	4596	0	47
exp	115	57	HalfAwayFromZero	4596	0	47
exp	115	57	HalfToEven	4596	0	47
exp	115	57	HalfTowardZero	4596	0	47
exp	115	57	Trunc	4596	0	47
exp	115	57	ZeroFiveUp	4596	0	47
exp	115	86	AwayFromZero	4602	0	41
exp	115	86	Ceiling	4602	0	41
exp	115	86	Floor	4602	0	41
exp	115	86	HalfAwayFromZero	4602	0	41
exp	115	86	HalfToEven	4602	0	41
exp	115	86	HalfTowardZero	4602	0	41
exp	115	86	Trunc	4602	0	41
exp	115	86	ZeroFiveUp	4602	0	41
exp	1232	0	AwayFromZero	426	0	4217
exp	1232	0	Ceiling	426	0	4217
exp	1232	0	Floor	426	0	4217
exp	1232	0	HalfAwayFromZero	426	0	4217
exp	1232	0	HalfToEven	426	0	4217
exp	1232	0	HalfTowardZero	426	0	4217
exp	1232	0	Trunc	426	0	4217
exp	1232	0	ZeroFiveUp	426	0	4217
exp	1232	1200	AwayFromZero	4642	0	1
exp	1232	1200	Ceiling	4642	0	1
exp	1232	1200	Floor	4642	0	1
exp	1232	1200	HalfAwayFromZero	4642	0	1
exp	1232	1200	HalfToEven	4642	0	1
exp	1232	1200	HalfTowardZero	4642	0	1
exp	1232	1200	Trunc	4642	0	1
exp	1232	1200	ZeroFiveUp	4642	0	1
exp	1232	1231	AwayFromZero	3539	0	1104
exp	1232	1231	Ceiling	3539	0	1104
exp	1232	1231	Floor	3539	0	1104
exp	1232	1231	HalfAwayFromZero	3539	0	1104
exp	1232	1231	HalfToEven	3539	0	1104
exp	1232	1231	HalfTowardZero	3539	0	1104
exp	1232	1231	Trunc	3539	0	1104
exp	1232	1231	ZeroFiveUp	3539	0	1104
exp	1232	250	AwayFromZero	4620	0	23
exp	1232	250	Ceiling	4620	0	23
exp	1232	250	Floor	4620	0	23
exp	1232	250	HalfAwayFromZero	4620	0	23
exp	1232	250	HalfToEven	4620	0	23
exp	1232	250	HalfTowardZero	4620	0	23
exp	1232	250	Trunc	4620	0	23
exp	1232	250	ZeroFiveUp	4620	0	23
exp	1232	30	AwayFromZero	4563	0	80
exp	1232	30	Ceiling	4563	0	80
exp	1232	30	Floor	4563	0	80
exp	1232	30	HalfAwayFromZero	4563	0	80
exp	1232	30	HalfToEven	4563	0	80
exp	1232	30	HalfTowardZero	4563	0	80
exp	1232	30	Trunc	4563	0	80
exp	1232	30	ZeroFiveUp	4563	0	80
exp	1232	308	AwayFromZero	4625	0	18
exp	1232	308	Ceiling	4625	0	18
exp	1232	308	Floor	4625	0	18
exp	1232	308	HalfAwayFromZero	4625	0	18
exp	1232	308	HalfToEven	4625	0	18
exp	1232	308	HalfTowardZero	4625	0	18
exp	1232	308	Trunc	4625	0	18
exp	1232	308	ZeroFiveUp	4625	0	18
exp	1232	470	AwayFromZero	4632	0	11
exp	1232	470	Ceiling	4632	0	11
exp	1232	470	Floor	4632	0	11
exp	1232	470	HalfAwayFromZero	4632	0	11
exp	1232	470	HalfToEven	4632	0	11
exp	1232	470	HalfTowardZero	4632	0	11
exp	1232	470	Trunc	4632	0	11
exp	1232	470	ZeroFiveUp	4632	0	11
exp	1232	616	AwayFromZero	4637	0	6
exp	1232	616	Ceiling	4637	0	6
exp	1232	616	Floor	4637	0	6
exp	1232	616	HalfAwayFromZero	4637	0	6
exp	1232	616	HalfToEven	4637	0	6
exp	1232	616	HalfTowardZero	4637	0	6
exp	1232	616	Trunc	4637	0	6
exp	1232	616	ZeroFiveUp	4637	0	6
exp	1232	924	AwayFromZero	4642	0	1
exp	1232	924	Ceiling	4642	0	1
exp	1232	924	Floor	4642	0	1
exp	1232	924	HalfAwayFromZero	4642	0	1
exp	1232	924	HalfToEven	4642	0	1
exp	1232	924	HalfTowardZero	4642	0	1
exp	1232	924	Trunc	4642	0	1
exp	1232	924	ZeroFiveUp	4642	0	1
exp	153	0	AwayFromZero	426	0	4217
exp	153	0	Ceiling	426	0	4217
exp	153	0	Floor	426	0	4217
exp	153	0	HalfAwayFromZero	426	0	4217
exp	153	0	HalfToEven	426	0	4217
exp	153	0	HalfTowardZero	426	0	4217
exp	153	0	Trunc	426	0	4217
exp	153	0	ZeroFiveUp	426	0	4217
exp	153	114	AwayFromZero	4604	0	39
exp	153	114	Ceiling	4604	0	39
exp	153	114	Floor	4604	0	39
exp	153	114	HalfAwayFromZero	4604	0	39
exp	153	114	HalfToEven	4604	0	39
exp	153	114	HalfTowardZero	4604	0	39
exp	153	114	Trunc	4604	0	39
exp	153	114	ZeroFiveUp	4604	0	39
exp	153	152	AwayFromZero	3627	0	1016
exp	153	152	Ceiling	3627	0	1016
exp	153	152	Floor	3627	0	1016
exp	153	152	HalfAwayFromZero	3627	0	1016
exp	153	152	HalfToEven	3627	0	1016
exp	153	152	HalfTowardZero	3627	0	1016
exp	153	152	Trunc	3627	0	1016
exp	153	152	ZeroFiveUp	3627	0	1016
exp	153	38	AwayFromZero	4590	0	53
exp	153	38	Ceiling	4590	0	53
exp	153	38	Floor	4590	0	53
exp	153	38	HalfAwayFromZero	4590	0	53
exp	153	38	HalfToEven	4590	0	53
exp	153	38	HalfTowardZero	4590	0	53
exp	153	38	Trunc	4590	0	53
exp	153	38	ZeroFiveUp	4590	0	53
exp	153	76	AwayFromZero	4600	0	43
exp	153	76	Ceiling	4600	0	43
exp	153	76	Floor	4600	0	43
exp	153	76	HalfAwayFromZero	4600	0	43
exp	153	76	HalfToEven	4600	0	43
exp	153	76	HalfTowardZero	4600	0	43
exp	153	76	Trunc	4600	0	43
exp	153	76	ZeroFiveUp	4600	0	43
exp	18	0	AwayFromZero	426	0	4217
exp	18	0	Ceiling	426	0	4217
exp	18	0	Floor	426	0	4217
exp	18	0	HalfAwayFromZero	426	0	4217
exp	18	0	HalfToEven	426	0	4217
exp	18	0	HalfTowardZero	426	0	4217
exp	18	0	Trunc	426	0	4217
exp	18	0	ZeroFiveUp	426	0	4217
exp	18	13	AwayFromZero	1125	0	3518
exp	18	13	Ceiling	1125	0	3518
exp	18	13	Floor	1125	0	3518
exp	18	13	HalfAwayFromZero	1125	0	3518
exp	18	13	HalfToEven	1125	0	3518
exp	18	13	HalfTowardZero	1125	0	3518
exp	18	13	Trunc	1125	0	3518
exp	18	13	ZeroFiveUp	1125	0	3518
exp	18	17	AwayFromZero	1095	0	3548
exp	18	17	Ceiling	1095	0	3548
exp	18	17	Floor	1095	0	3548
exp	18	17	HalfAwayFromZero	1095	0	3548
exp	18	17	HalfToEven	1095	0	3548
exp	18	17	HalfTowardZero	1095	0	3548
exp	18	17	Trunc	1095	0	3548
exp	18	17	ZeroFiveUp	1095	0	3548
exp	18	3	AwayFromZero	445	0	4198
exp	18	3	Ceiling	445	0	4198
exp	18	3	Floor	445	0	4198
exp	18	3	HalfAwayFromZero	445	0	4198
exp	18	3	HalfToEven	445	0	4198
exp	18	3	HalfTowardZero	445	0	4198
exp	18	3	Trunc	445	0	4198
exp	18	3	ZeroFiveUp	445	0	4198
exp	18	4	AwayFromZero	605	0	4038
exp	18	4	Ceiling	605	0	4038
exp	18	4	Floor	605	0	4038
exp	18	4	HalfAwayFromZero	605	0	4038
exp	18	4	HalfToEven	605	0	4038
exp	18	4	HalfTowardZero	605	0	4038
exp	18	4	Trunc	605	0	4038
exp	18	4	ZeroFiveUp	605	0	4038
exp	18	9	AwayFromZero	941	0	3702
exp	18	9	Ceiling	941	0	3702
exp	18	9	Floor	941	0	3702
exp	18	9	HalfAwayFromZero	941	0	3702
exp	18	9	HalfToEven	941	0	3702
exp	18	9	HalfTowardZero	941	0	3702
exp	18	9	Trunc	941	0	3702
exp	18	9	ZeroFiveUp	941	0	3702
exp	230	0	AwayFromZero	426	0	4217
exp	230	0	Ceiling	426	0	4217
exp	230	0	Floor	426	0	4217
exp	230	0	HalfAwayFromZero	426	0	4217
exp	230	0	HalfToEven	426	0	4217
exp	230	0	HalfTowardZero	426	0	4217
exp	230	0	Trunc	426	0	4217
exp	230	0	ZeroFiveUp	426	0	4217
exp	230	115	AwayFromZero	4606	0	37
exp	230	115	Ceiling	4606	0	37
exp	230	115	Floor	4606	0	37
exp	230	115	HalfAwayFromZero	4606	0	37
exp	230	115	HalfToEven	4606	0	37
exp	230	115	HalfTowardZero	4606	0	37
exp	230	115	Trunc	4606	0	37
exp	230	115	ZeroFiveUp	4606	0	37
exp	230	172	AwayFromZero	4615	0	28
exp	230	172	Ceiling	4615	0	28
exp	230	172	Floor	4615	0	28
exp	230	172	HalfAwayFromZero	4615	0	28
exp	230	172	HalfToEven	4615	0	28
exp	230	172	HalfTowardZero	4615	0	28
exp	230	172	Trunc	4615	0	28
exp	230	172	ZeroFiveUp	4615	0	28
exp	230	229	AwayFromZero	3700	0	943
exp	230	229	Ceiling	3700	0	943
exp	230	229	Floor	3700	0	943
exp	230	229	HalfAwayFromZero	3700	0	943
exp	230	229	HalfToEven	3700	0	943
exp	230	229	HalfTowardZero	3700	0	943
exp	230	229	Trunc	3700	0	943
exp	230	229	ZeroFiveUp	3700	0	943
exp	230	30	AwayFromZero	4563	0	80
exp	230	30	Ceiling	4563	0	80
exp	230	30	Floor	4563	0	80
exp	230	30	HalfAwayFromZero	4563	0	80
exp	230	30	HalfToEven	4563	0	80
exp	230	30	HalfTowardZero	4563	0	80
exp	230	30	Trunc	4563	0	80
exp	230	30	ZeroFiveUp	4563	0	80
exp	230	57	AwayFromZero	4596	0	47
exp	230	57	Ceiling	4596	0	47
exp	230	57	Floor	4596	0	47
exp	230	57	HalfAwayFromZero	4596	0	47
exp	230	57	HalfToEven	4596	0	47
exp	230	57	HalfTowardZero	4596	0	47
exp	230	57	Trunc	4596	0	47
exp	230	57	ZeroFiveUp	4596	0	47
exp	307	0	AwayFromZero	426	0	4217
exp	307	0	Ceiling	426	0	4217
exp	307	0	Floor	426	0	4217
exp	307	0	HalfAwayFromZero	426	0	4217
exp	307	0	HalfToEven	426	0	4217
exp	307	0	HalfTowardZero	426	0	4217
exp	307	0	Trunc	426	0	4217
exp	307	0	ZeroFiveUp	426	0	4217
exp	307	120	AwayFromZero	4608	0	35
exp	307	120	Ceiling	4608	0	35
exp	307	120	Floor	4608	0	35
exp	307	120	HalfAwayFromZero	4608	0	35
exp	307	120	HalfToEven	4608	0	35
exp	307	120	HalfTowardZero	4608	0	35
exp	307	120	Trunc	4608	0	35
exp	307	120	ZeroFiveUp	4608	0	35
exp	307	153	AwayFromZero	4611	0	32
exp	307	153	Ceiling	4611	0	32
exp	307	153	Floor	4611	0	32
exp	307	153	HalfAwayFromZero	4611	0	32
exp	307	153	HalfToEven	4611	0	32
exp	307	153	HalfTowardZero	4611	0	32
exp	307	153	Trunc	4611	0	32
exp	307	153	ZeroFiveUp	4611	0	32
exp	307	230	AwayFromZero	4618	0	25
exp	307	230	Ceiling	4618	0	25
exp	307	230	Floor	4618	0	25
exp	307	230	HalfAwayFromZero	4618	0	25
exp	307	230	HalfToEven	4618	0	25
exp	307	230	HalfTowardZero	4618	0	25
exp	307	230	Trunc	4618	0	25
exp	307	230	ZeroFiveUp	4618	0	25
exp	307	290	AwayFromZero	4621	0	22
exp	307	290	Ceiling	4621	0	22
exp	307	290	Floor	4621	0	22
exp	307	290	HalfAwayFromZero	4621	0	22
exp	307	290	HalfToEven	4621	0	22
exp	307	290	HalfTowardZero	4621	0	22
exp	307	290	Trunc	4621	0	22
exp	307	290	ZeroFiveUp	4621	0	22
exp	307	30	AwayFromZero	4563	0	80
exp	307	30	Ceiling	4563	0	80
exp	307	30	Floor	4563	0	80
exp	307	30	HalfAwayFromZero	4563	0	80
exp	307	30	HalfToEven	4563	0	80
exp	307	30	HalfTowardZero	4563	0	80
exp	307	30	Trunc	4563	0	80
exp	307	30	ZeroFiveUp	4563	0	80
exp	307	306	AwayFromZero	3778	0	865
exp	307	306	Ceiling	3778	0	865
exp	307	306	Floor	3778	0	865
exp	307	306	HalfAwayFromZero	3778	0	865
exp	307	306	HalfToEven	3778	0	865
exp	307	306	HalfTowardZero	3778	0	865
exp	307	306	Trunc	3778	0	865
exp	307	306	ZeroFiveUp	3778	0	865
exp	307	50	AwayFromZero	4592	0	51
exp	307	50	Ceiling	4592	0	51
exp	307	50	Floor	4592	0	51
exp	307	50	HalfAwayFromZero	4592	0	51
exp	307	50	HalfToEven	4592	0	51
exp	307	50	HalfTowardZero	4592	0	51
exp	307	50	Trunc	4592	0	51
exp	307	50	ZeroFiveUp	4592	0	51
exp	307	70	AwayFromZero	4596	0	47
exp	307	70	Ceiling	4596	0	47
exp	307	70	Floor	4596	0	47
exp	307	70	HalfAwayFromZero	4596	0	47
exp	307	70	HalfToEven	4596	0	47
exp	307	70	HalfTowardZero	4596	0	47
exp	307	70	Trunc	4596	0	47
exp	307	70	ZeroFiveUp	4596	0	47
exp	307	76	AwayFromZero	4600	0	43
exp	307	76	Ceiling	4600	0	43
exp	307	76	Floor	4600	0	43
exp	307	76	HalfAwayFromZero	4600	0	43
exp	307	76	HalfToEven	4600	0	43
exp	307	76	HalfTowardZero	4600	0	43
exp	307	76	Trunc	4600	0	43
exp	307	76	ZeroFiveUp	4600	0	43
exp	38	0	AwayFromZero	426	0	4217
exp	38	0	Ceiling	426	0	4217
exp	38	0	Floor	426	0	4217
exp	38	0	HalfAwayFromZero	426	0	4217
exp	38	0	HalfToEven	426	0	4217
exp	38	0	HalfTowardZero	426	0	4217
exp	38	0	Trunc	426	0	4217
exp	38	0	ZeroFiveUp	426	0	4217
exp	38	10	AwayFromZero	941	0	3702
exp	38	10	Ceiling	941	0	3702
exp	38	10	Floor	941	0	3702
exp	38	10	HalfAwayFromZero	941	0	3702
exp	38	10	HalfToEven	941	0	3702
exp	38	10	HalfTowardZero	941	0	3702
exp	38	10	Trunc	941	0	3702
exp	38	10	ZeroFiveUp	941	0	3702
exp	38	12	AwayFromZero	959	0	3684
exp	38	12	Ceiling	959	0	3684
exp	38	12	Floor	959	0	3684
exp	38	12	HalfAwayFromZero	959	0	3684
exp	38	12	HalfToEven	959	0	3684
exp	38	12	HalfTowardZero	959	0	3684
exp	38	12	Trunc	959	0	3684
exp	38	12	ZeroFiveUp	959	0	3684
exp	38	17	AwayFromZero	1377	0	3266
exp	38	17	Ceiling	1377	0	3266
exp	38	17	Floor	1377	0	3266
exp	38	17	HalfAwayFromZero	1377	0	3266
exp	38	17	HalfToEven	1377	0	3266
exp	38	17	HalfTowardZero	1377	0	3266
exp	38	17	Trunc	1377	0	3266
exp	38	17	ZeroFiveUp	1377	0	3266
exp	38	18	AwayFromZero	1396	0	3247
exp	38	18	Ceiling	1396	0	3247
exp	38	18	Floor	1396	0	3247
exp	38	18	HalfAwayFromZero	1396	0	3247
exp	38	18	HalfToEven	1396	0	3247
exp	38	18	HalfTowardZero	1396	0	3247
exp	38	18	Trunc	1396	0	3247
exp	38	18	ZeroFiveUp	1396	0	3247
exp	38	19	AwayFromZero	1650	0	2993
exp	38	19	Ceiling	1650	0	2993
exp	38	19	Floor	1650	0	2993
exp	38	19	HalfAwayFromZero	1650	0	2993
exp	38	19	HalfToEven	1650	0	2993
exp	38	19	HalfTowardZero	1650	0	2993
exp	38	19	Trunc	1650	0	2993
exp	38	19	ZeroFiveUp	1650	0	2993
exp	38	2	AwayFromZero	429	0	4214
exp	38	2	Ceiling	429	0	4214
exp	38	2	Floor	429	0	4214
exp	38	2	HalfAwayFromZero	429	0	4214
exp	38	2	HalfToEven	429	0	4214
exp	38	2	HalfTowardZero	429	0	4214
exp	38	2	Trunc	429	0	4214
exp	38	2	ZeroFiveUp	429	0	4214
exp	38	28	AwayFromZero	4344	0	299
exp	38	28	Ceiling	4344	0	299
exp	38	28	Floor	4344	0	299
exp	38	28	HalfAwayFromZero	4344	0	299
exp	38	28	HalfToEven	4344	0	299
exp	38	28	HalfTowardZero	4344	0	299
exp	38	28	Trunc	4344	0	299
exp	38	28	ZeroFiveUp	4344	0	299
exp	38	37	AwayFromZero	2858	0	1785
exp	38	37	Ceiling	2858	0	1785
exp	38	37	Floor	2858	0	1785
exp	38	37	HalfAwayFromZero	2858	0	1785
exp	38	37	HalfToEven	2858	0	1785
exp	38	37	HalfTowardZero	2858	0	1785
exp	38	37	Trunc	2858	0	1785
exp	38	37	ZeroFiveUp	2858	0	1785
exp	38	6	AwayFromZero	607	0	4036
exp	38	6	Ceiling	607	0	4036
exp	38	6	Floor	607	0	4036
exp	38	6	HalfAwayFromZero	607	0	4036
exp	38	6	HalfToEven	607	0	4036
exp	38	6	HalfTowardZero	607	0	4036
exp	38	6	Trunc	607	0	4036
exp	38	6	ZeroFiveUp	607	0	4036
exp	38	9	AwayFromZero	941	0	3702
exp	38	9	Ceiling	941	0	3702
exp	38	9	Floor	941	0	3702
exp	38	9	HalfAwayFromZero	941	0	3702
exp	38	9	HalfToEven	941	0	3702
exp	38	9	HalfTowardZero	941	0	3702
exp	38	9	Trunc	941	0	3702
exp	38	9	ZeroFiveUp	941	0	3702
exp	462	0	AwayFromZero	426	0	4217
exp	462	0	Ceiling	426	0	4217
exp	462	0	Floor	426	0	4217
exp	462	0	HalfAwayFromZero	426	0	4217
exp	462	0	HalfToEven	426	0	4217
exp	462	0	HalfTowardZero	426	0	4217
exp	462	0	Trunc	426	0	4217
exp	462	0	ZeroFiveUp	426	0	4217
exp	462	100	AwayFromZero	4602	0	41
exp	462	100	Ceiling	4602	0	41
exp	462	100	Floor	4602	0	41
exp	462	100	HalfAwayFromZero	4602	0	41
exp	462	100	HalfToEven	4602	0	41
exp	462	100	HalfTowardZero	4602	0	41
exp	462	100	Trunc	4602	0	41
exp	462	100	ZeroFiveUp	4602	0	41
exp	462	115	AwayFromZero	4606	0	37
exp	462	115	Ceiling	4606	0	37
exp	462	115	Floor	4606	0	37
exp	462	115	HalfAwayFromZero	4606	0	37
exp	462	115	HalfToEven	4606	0	37
exp	462	115	HalfTowardZero	4606	0	37
exp	462	115	Trunc	4606	0	37
exp	462	115	ZeroFiveUp	4606	0	37
exp	462	180	AwayFromZero	4615	0	28
exp	462	180	Ceiling	4615	0	28
exp	462	180	Floor	4615	0	28
exp	462	180	HalfAwayFromZero	4615	0	28
exp	462	180	HalfToEven	4615	0	28
exp	462	180	HalfTowardZero	4615	0	28
exp	462	180	Trunc	4615	0	28
exp	462	180	ZeroFiveUp	4615	0	28
exp	462	231	AwayFromZero	4620	0	23
exp	462	231	Ceiling	4620	0	23
exp	462	231	Floor	4620	0	23
exp	462	231	HalfAwayFromZero	4620	0	23
exp	462	231	HalfToEven	4620	0	23
exp	462	231	HalfTowardZero	4620	0	23
exp	462	231	Trunc	4620	0	23
exp	462	231	ZeroFiveUp	4620	0	23
exp	462	30	AwayFromZero	4563	0	80
exp	462	30	Ceiling	4563	0	80
exp	462	30	Floor	4563	0	80
exp	462	30	HalfAwayFromZero	4563	0	80
exp	462	30	HalfToEven	4563	0	80
exp	462	30	HalfTowardZero	4563	0	80
exp	462	30	Trunc	4563	0	80
exp	462	30	ZeroFiveUp	4563	0	80
exp	462	346	AwayFromZero	4627	0	16
exp	462	346	Ceiling	4627	0	16
exp	462	346	Floor	4627	0	16
exp	462	346	HalfAwayFromZero	4627	0	16
exp	462	346	HalfToEven	4627	0	16
exp	462	346	HalfTowardZero	4627	0	16
exp	462	346	Trunc	4627	0	16
exp	462	346	ZeroFiveUp	4627	0	16
exp	462	461	AwayFromZero	2564	0	2079
exp	462	461	Ceiling	2564	0	2079
exp	462	461	Floor	2564	0	2079
exp	462	461	HalfAwayFromZero	2564	0	2079
exp	462	461	HalfToEven	2564	0	2079
exp	462	461	HalfTowardZero	2564	0	2079
exp	462	461	Trunc	2564	0	2079
exp	462	461	ZeroFiveUp	2564	0	2079
exp	57	0	AwayFromZero	426	0	4217
exp	57	0	Ceiling	426	0	4217
exp	57	0	Floor	426	0	4217
exp	57	0	HalfAwayFromZero	426	0	4217
exp	57	0	HalfToEven	426	0	4217
exp	57	0	HalfTowardZero	426	0	4217
exp	57	0	Trunc	426	0	4217
exp	57	0	ZeroFiveUp	426	0	4217
exp	57	14	AwayFromZero	1259	0	3384
exp	57	14	Ceiling	1259	0	3384
exp	57	14	Floor	1259	0	3384
exp	57	14	HalfAwayFromZero	1259	0	3384
exp	57	14	HalfToEven	1259	0	3384
exp	57	14	HalfTowardZero	1259	0	3384
exp	57	14	Trunc	1259	0	3384
exp	57	14	ZeroFiveUp	1259	0	3384
exp	57	20	AwayFromZero	1650	0	2993
exp	57	20	Ceiling	1650	0	2993
exp	57	20	Floor	1650	0	2993
exp	57	20	HalfAwayFromZero	1650	0	2993
exp	57	20	HalfToEven	1650	0	2993
exp	57	20	HalfTowardZero	1650	0	2993
exp	57	20	Trunc	1650	0	2993
exp	57	20	ZeroFiveUp	1650	0	2993
exp	57	28	AwayFromZero	4344	0	299
exp	57	28	Ceiling	4344	0	299
exp	57	28	Floor	4344	0	299
exp	57	28	HalfAwayFromZero	4344	0	299
exp	57	28	HalfToEven	4344	0	299
exp	57	28	HalfTowardZero	4344	0	299
exp	57	28	Trunc	4344	0	299
exp	57	28	ZeroFiveUp	4344	0	299
exp	57	30	AwayFromZero	4563	0	80
exp	57	30	Ceiling	4563	0	80
exp	57	30	Floor	4563	0	80
exp	57	30	HalfAwayFromZero	4563	0	80
exp	57	30	HalfToEven	4563	0	80
exp	57	30	HalfTowardZero	4563	0	80
exp	57	30	Trunc	4563	0	80
exp	57	30	ZeroFiveUp	4563	0	80
exp	57	42	AwayFromZero	4592	0	51
exp	57	42	Ceiling	4592	0	51
exp	57	42	Floor	4592	0	51
exp	57	42	HalfAwayFromZero	4592	0	51
exp	57	42	HalfToEven	4592	0	51
exp	57	42	HalfTowardZero	4592	0	51
exp	57	42	Trunc	4592	0	51
exp	57	42	ZeroFiveUp	4592	0	51
exp	57	56	AwayFromZero	3246	0	1397
exp	57	56	Ceiling	3246	0	1397
exp	57	56	Floor	3246	0	1397
exp	57	56	HalfAwayFromZero	3246	0	1397
exp	57	56	HalfToEven	3246	0	1397
exp	57	56	HalfTowardZero	3246	0	1397
exp	57	56	Trunc	3246	0	1397
exp	57	56	ZeroFiveUp	3246	0	1397
exp	616	0	AwayFromZero	426	0	4217
exp	616	0	Ceiling	426	0	4217
exp	616	0	Floor	426	0	4217
exp	616	0	HalfAwayFromZero	426	0	4217
exp	616	0	HalfToEven	426	0	4217
exp	616	0	HalfTowardZero	426	0	4217
exp	616	0	Trunc	426	0	4217
exp	616	0	ZeroFiveUp	426	0	4217
exp	616	130	AwayFromZero	4608	0	35
exp	616	130	Ceiling	4608	0	35
exp	616	130	Floor	4608	0	35
exp	616	130	HalfAwayFromZero	4608	0	35
exp	616	130	HalfToEven	4608	0	35
exp	616	130	HalfTowardZero	4608	0	35
exp	616	130	Trunc	4608	0	35
exp	616	130	ZeroFiveUp	4608	0	35
exp	616	154	AwayFromZero	4613	0	30
exp	616	154	Ceiling	4613	0	30
exp	616	154	Floor	4613	0	30
exp	616	154	HalfAwayFromZero	4613	0	30
exp	616	154	HalfToEven	4613	0	30
exp	616	154	HalfTowardZero	4613	0	30
exp	616	154	Trunc	4613	0	30
exp	616	154	ZeroFiveUp	4613	0	30
exp	616	240	AwayFromZero	4620	0	23
exp	616	240	Ceiling	4620	0	23
exp	616	240	Floor	4620	0	23
exp	616	240	HalfAwayFromZero	4620	0	23
exp	616	240	HalfToEven	4620	0	23
exp	616	240	HalfTowardZero	4620	0	23
exp	616	240	Trunc	4620	0	23
exp	616	240	ZeroFiveUp	4620	0	23
exp	616	30	AwayFromZero	4563	0	80
exp	616	30	Ceiling	4563	0	80
exp	616	30	Floor	4563	0	80
exp	616	30	HalfAwayFromZero	4563	0	80
exp	616	30	HalfToEven	4563	0	80
exp	616	30	HalfTowardZero	4563	0	80
exp	616	30	Trunc	4563	0	80
exp	616	30	ZeroFiveUp	4563	0	80
exp	616	308	AwayFromZero	4625	0	18
exp	616	308	Ceiling	4625	0	18
exp	616	308	Floor	4625	0	18
exp	616	308	HalfAwayFromZero	4625	0	18
exp	616	308	HalfToEven	4625	0	18
exp	616	308	HalfTowardZero	4625	0	18
exp	616	308	Trunc	4625	0	18
exp	616	308	ZeroFiveUp	4625	0	18
exp	616	462	AwayFromZero	4632	0	11
exp	616	462	Ceiling	4632	0	11
exp	616	462	Floor	4632	0	11
exp	616	462	HalfAwayFromZero	4632	0	11
exp	616	462	HalfToEven	4632	0	11
exp	616	462	HalfTowardZero	4632	0	11
exp	616	462	Trunc	4632	0	11
exp	616	462	ZeroFiveUp	4632	0	11
exp	616	590	AwayFromZero	4634	0	9
exp	616	590	Ceiling	4634	0	9
exp	616	590	Floor	4634	0	9
exp	616	590	HalfAwayFromZero	4634	0	9
exp	616	590	HalfToEven	4634	0	9
exp	616	590	HalfTowardZero	4634	0	9
exp	616	590	Trunc	4634	0	9
exp	616	590	ZeroFiveUp	4634	0	9
exp	616	615	AwayFromZero	2857	0	1786
exp	616	615	Ceiling	2857	0	1786
exp	616	615	Floor	2857	0	1786
exp	616	615	HalfAwayFromZero	2857	0	1786
exp	616	615	HalfToEven	2857	0	1786
exp	616	615	HalfTowardZero	2857	0	1786
exp	616	615	Trunc	2857	0	1786
exp	616	615	ZeroFiveUp	2857	0	1786
exp	76	0	AwayFromZero	426	0	4217
exp	76	0	Ceiling	426	0	4217
exp	76	0	Floor	426	0	4217
exp	76	0	HalfAwayFromZero	426	0	4217
exp	76	0	HalfToEven	426	0	4217
exp	76	0	HalfTowardZero	426	0	4217
exp	76	0	Trunc	426	0	4217
exp	76	0	ZeroFiveUp	426	0	4217
exp	76	18	AwayFromZero	1396	0	3247
exp	76	18	Ceiling	1396	0	3247
exp	76	18	Floor	1396	0	3247
exp	76	18	HalfAwayFromZero	1396	0	3247
exp	76	18	HalfToEven	1396	0	3247
exp	76	18	HalfTowardZero	1396	0	3247
exp	76	18	Trunc	1396	0	3247
exp	76	18	ZeroFiveUp	1396	0	3247
exp	76	19	AwayFromZero	1650	0	2993
exp	76	19	Ceiling	1650	0	2993
exp	76	19	Floor	1650	0	2993
exp	76	19	HalfAwayFromZero	1650	0	2993
exp	76	19	HalfToEven	1650	0	2993
exp	76	19	HalfTowardZero	1650	0	2993
exp	76	19	Trunc	1650	0	2993
exp	76	19	ZeroFiveUp	1650	0	2993
exp	76	38	AwayFromZero	4590	0	53
exp	76	38	Ceiling	4590	0	53
exp	76	38	Floor	4590	0	53
exp	76	38	HalfAwayFromZero	4590	0	53
exp	76	38	HalfToEven	4590	0	53
exp	76	38	HalfTowardZero	4590	0	53
exp	76	38	Trunc	4590	0	53
exp	76	38	ZeroFiveUp	4590	0	53
exp	76	40	AwayFromZero	4590	0	53
exp	76	40	Ceiling	4590	0	53
exp	76	40	Floor	4590	0	53
exp	76	40	HalfAwayFromZero	4590	0	53
exp	76	40	HalfToEven	4590	0	53
exp	76	40	HalfTowardZero	4590	0	53
exp	76	40	Trunc	4590	0	53
exp	76	40	ZeroFiveUp	4590	0	53
exp	76	57	AwayFromZero	4596	0	47
exp	76	57	Ceiling	4596	0	47
exp	76	57	Floor	4596	0	47
exp	76	57	HalfAwayFromZero	4596	0	47
exp	76	57	HalfToEven	4596	0	47
exp	76	57	HalfTowardZero	4596	0	47
exp	76	57	Trunc	4596	0	47
exp	76	57	ZeroFiveUp	4596	0	47
exp	76	75	AwayFromZero	3548	0	1095
exp	76	75	Ceiling	3548	0	1095
exp	76	75	Floor	3548	0	1095
exp	76	75	HalfAwayFromZero	3548	0	1095
exp	76	75	HalfToEven	3548	0	1095
exp	76	75	HalfTowardZero	3548	0	1095
exp	76	75	Trunc	3548	0	1095
exp	76	75	ZeroFiveUp	3548	0	1095
exp	924	0	AwayFromZero	426	0	4217
exp	924	0	Ceiling	426	0	4217
exp	924	0	Floor	426	0	4217
exp	924	0	HalfAwayFromZero	426	0	4217
exp	924	0	HalfToEven	426	0	4217
exp	924	0	HalfTowardZero	426	0	4217
exp	924	0	Trunc	426	0	4217
exp	924	0	ZeroFiveUp	426	0	4217
exp	924	180	AwayFromZero	4615	0	28
exp	924	180	Ceiling	4615	0	28
exp	924	180	Floor	4615	0	28
exp	924	180	HalfAwayFromZero	4615	0	28
exp	924	180	HalfToEven	4615	0	28
exp	924	180	HalfTowardZero	4615	0	28
exp	924	180	Trunc	4615	0	28
exp	924	180	ZeroFiveUp	4615	0	28
exp	924	231	AwayFromZero	4620	0	23
exp	924	231	Ceiling	4620	0	23
exp	924	231	Floor	4620	0	23
exp	924	231	HalfAwayFromZero	4620	0	23
exp	924	231	HalfToEven	4620	0	23
exp	924	231	HalfTowardZero	4620	0	23
exp	924	231	Trunc	4620	0	23
exp	924	231	ZeroFiveUp	4620	0	23
exp	924	30	AwayFromZero	4563	0	80
exp	924	30	Ceiling	4563	0	80
exp	924	30	Floor	4563	0	80
exp	924	30	HalfAwayFromZero	4563	0	80
exp	924	30	HalfToEven	4563	0	80
exp	924	30	HalfTowardZero	4563	0	80
exp	924	30	Trunc	4563	0	80
exp	924	30	ZeroFiveUp	4563	0	80
exp	924	350	AwayFromZero	4627	0	16
exp	924	350	Ceiling	4627	0	16
exp	924	350	Floor	4627	0	16
exp	924	350	HalfAwayFromZero	4627	0	16
exp	924	350	HalfToEven	4627	0	16
exp	924	350	HalfTowardZero	4627	0	16
exp	924	350	Trunc	4627	0	16
exp	924	350	ZeroFiveUp	4627	0	16
exp	924	462	AwayFromZero	4632	0	11
exp	924	462	Ceiling	4632	0	11
exp	924	462	Floor	4632	0	11
exp	924	462	HalfAwayFromZero	4632	0	11
exp	924	462	HalfToEven	4632	0	11
exp	924	462	HalfTowardZero	4632	0	11
exp	924	462	Trunc	4632	0	11
exp	924	462	ZeroFiveUp	4632	0	11
exp	924	693	AwayFromZero	4639	0	4
exp	924	693	Ceiling	4639	0	4
exp	924	693	Floor	4639	0	4
exp	924	693	HalfAwayFromZero	4639	0	4
exp	924	693	HalfToEven	4639	0	4
exp	924	693	HalfTowardZero	4639	0	4
exp	924	693	Trunc	4639	0	4
exp	924	693	ZeroFiveUp	4639	0	4
exp	924	900	AwayFromZero	4639	0	4
exp	924	900	Ceiling	4639	0	4
exp	924	900	Floor	4639	0	4
exp	924	900	HalfAwayFromZero	4639	0	4
exp	924	900	HalfToEven	4639	0	4
exp	924	900	HalfTowardZero	4639	0	4
exp	924	900	Trunc	4639	0	4
exp	924	900	ZeroFiveUp	4639	0	4
exp	924	923	AwayFromZero	3255	0	1388
exp	924	923	Ceiling	3255	0	1388
exp	924	923	Floor	3255	0	1388
exp	924	923	HalfAwayFromZero	3255	0	1388
exp	924	923	HalfToEven	3255	0	1388
exp	924	923	HalfTowardZero	3255	0	1388
exp	924	923	Trunc	3255	0	1388
exp	924	923	ZeroFiveUp	3255	0	1388
exp2	115	0	AwayFromZero	573	0	4152
exp2	115	0	Ceiling	573	0	4152
exp2	115	0	Floor	573	0	4152
exp2	115	0	HalfAwayFromZero	573	0	4152
exp2	115	0	HalfToEven	573	0	4152
exp2	115	0	HalfTowardZero	573	0	4152
exp2	115	0	Trunc	573	0	4152
exp2	115	0	ZeroFiveUp	573	0	4152
exp2	115	114	AwayFromZero	2848	0	1877
exp2	115	114	Ceiling	2848	0	1877
exp2	115	114	Floor	2848	0	1877
exp2	115	114	HalfAwayFromZero	2848	0	1877
exp2	115	114	HalfToEven	2848	0	1877
exp2	115	114	HalfTowardZero	2848	0	1877
exp2	115	114	Trunc	2848	0	1877
exp2	115	114	ZeroFiveUp	2848	0	1877
exp2	115	28	AwayFromZero	4334	0	391
exp2	115	28	Ceiling	4334	0	391
exp2	115	28	Floor	4334	0	391
exp2	115	28	HalfAwayFromZero	4334	0	391
exp2	115	28	HalfToEven	4334	0	391
exp2	115	28	HalfTowardZero	4334	0	391
exp2	115	28	Trunc	4334	0	391
exp2	115	28	ZeroFiveUp	4334	0	391
exp2	115	50	AwayFromZero	4684	0	41
exp2	115	50	Ceiling	4684	0	41
exp2	115	50	Floor	4684	0	41
exp2	115	50	HalfAwayFromZero	4684	0	41
exp2	115	50	HalfToEven	4684	0	41
exp2	115	50	HalfTowardZero	4684	0	41
exp2	115	50	Trunc	4684	0	41
exp2	115	50	ZeroFiveUp	4684	0	41
exp2	115	57	AwayFromZero	4687	0	38
exp2	115	57	Ceiling	4687	0	38
exp2	115	57	Floor	4687	0	38
exp2	115	57	HalfAwayFromZero	4687	0	38
exp2	115	57	HalfToEven	4687	0	38
exp2	115	57	HalfTowardZero	4687	0	38
exp2	115	57	Trunc	4687	0	38
exp2	115	57	ZeroFiveUp	4687	0	38
exp2	115	86	AwayFromZero	4692	0	33
exp2	115	86	Ceiling	4692	0	33
exp2	115	86	Floor	4692	0	33
exp2	115	86	HalfAwayFromZero	4692	0	33
exp2	115	86	HalfToEven	4692	0	33
exp2	115	86	HalfTowardZero	4692	0	33
exp2	115	86	Trunc	4692	0	33
exp2	115	86	ZeroFiveUp	4692	0	33
exp2	1232	0	AwayFromZero	573	0	4152
exp2	1232	0	Ceiling	573	0	4152
exp2	1232	0	Floor	573	0	4152
exp2	1232	0	HalfAwayFromZero	573	0	4152
exp2	1232	0	HalfToEven	573	0	4152
exp2	1232	0	HalfTowardZero	573	0	4152
exp2	1232	0	Trunc	573	0	4152
exp2	1232	0	ZeroFiveUp	573	0	4152
exp2	1232	1200	AwayFromZero	4724	0	1
exp2	1232	1200	Ceiling	4724	0	1
exp2	1232	1200	Floor	4724	0	1
exp2	1232	1200	HalfAwayFromZero	4724	0	1
exp2	1232	1200	HalfToEven	4724	0	1
exp2	1232	1200	HalfTowardZero	4724	0	1
exp2	1232	1200	Trunc	4724	0	1
exp2	1232	1200	ZeroFiveUp	4724	0	1
exp2	1232	1231	AwayFromZero	3346	0	1379
exp2	1232	1231	Ceiling	3346	0	1379
exp2	1232	1231	Floor	3346	0	1379
exp2	1232	1231	HalfAwayFromZero	3346	0	1379
exp2	1232	1231	HalfToEven	3346	0	1379
exp2	1232	1231	HalfTowardZero	3346	0	1379
exp2	1232	1231	Trunc	3346	0	1379
exp2	1232	1231	ZeroFiveUp	3346	0	1379
exp2	1232	250	AwayFromZero	4708	0	17
exp2	1232	250	Ceiling	4708	0	17
exp2	1232	250	Floor	4708	0	17
exp2	1232	250	HalfAwayFromZero	4708	0	17
exp2	1232	250	HalfToEven	4708	0	17
exp2	1232	250	HalfTowardZero	4708	0	17
exp2	1232	250	Trunc	4708	0	17
exp2	1232	250	ZeroFiveUp	4708	0	17
exp2	1232	30	AwayFromZero	4646	0	79
exp2	1232	30	Ceiling	4646	0	79
exp2	1232	30	Floor	4646	0	79
exp2	1232	30	HalfAwayFromZero	4646	0	79
exp2	1232	30	HalfToEven	4646	0	79
exp2	1232	30	HalfTowardZero	4646	0	79
exp2	1232	30	Trunc	4646	0	79
exp2	1232	30	ZeroFiveUp	4646	0	79
exp2	1232	308	AwayFromZero	4711	0	14
exp2	1232	308	Ceiling	4711	0	14
exp2	1232	308	Floor	4711	0	14
exp2	1232	308	HalfAwayFromZero	4711	0	14
exp2	1232	308	HalfToEven	4711	0	14
exp2	1232	308	HalfTowardZero	4711	0	14
exp2	1232	308	Trunc	4711	0	14
exp2	1232	308	ZeroFiveUp	4711	0	14
exp2	1232	470	AwayFromZero	4716	0	9
exp2	1232	470	Ceiling	4716	0	9
exp2	1232	470	Floor	4716	0	9
exp2	1232	470	HalfAwayFromZero	4716	0	9
exp2	1232	470	HalfToEven	4716	0	9
exp2	1232	470	HalfTowardZero	4716	0	9
exp2	1232	470	Trunc	4716	0	9
exp2	1232	470	ZeroFiveUp	4716	0	9
exp2	1232	616	AwayFromZero	4719	0	6
exp2	1232	616	Ceiling	4719	0	6
exp2	1232	616	Floor	4719	0	6
exp2	1232	616	HalfAwayFromZero	4719	0	6
exp2	1232	616	HalfToEven	4719	0	6
exp2	1232	616	HalfTowardZero	4719	0	6
exp2	1232	616	Trunc	4719	0	6
exp2	1232	616	ZeroFiveUp	4719	0	6
exp2	1232	924	AwayFromZero	4724	0	1
exp2	1232	924	Ceiling	4724	0	1
exp2	1232	924	Floor	4724	0	1
exp2	1232	924	HalfAwayFromZero	4724	0	1
exp2	1232	924	HalfToEven	4724	0	1
exp2	1232	924	HalfTowardZero	4724	0	1
exp2	1232	924	Trunc	4724	0	1
exp2	1232	924	ZeroFiveUp	4724	0	1
exp2	153	0	AwayFromZero	573	0	4152
exp2	153	0	Ceiling	573	0	4152
exp2	153	0	Floor	573	0	4152
exp2	153	0	HalfAwayFromZero	573	0	4152
exp2	153	0	HalfToEven	573	0	4152
exp2	153	0	HalfTowardZero	573	0	4152
exp2	153	0	Trunc	573	0	4152
exp2	153	0	ZeroFiveUp	573	0	4152
exp2	153	114	AwayFromZero	4694	0	31
exp2	153	114	Ceiling	4694	0	31
exp2	153	114	Floor	4694	0	31
exp2	153	114	HalfAwayFromZero	4694	0	31
exp2	153	114	HalfToEven	4694	0	31
exp2	153	114	HalfTowardZero	4694	0	31
exp2	153	114	Trunc	4694	0	31
exp2	153	114	ZeroFiveUp	4694	0	31
exp2	153	152	AwayFromZero	3436	0	1289
exp2	153	152	Ceiling	3436	0	1289
exp2	153	152	Floor	3436	0	1289
exp2	153	152	HalfAwayFromZero	3436	0	1289
exp2	153	152	HalfToEven	3436	0	1289
exp2	153	152	HalfTowardZero	3436	0	1289
exp2	153	152	Trunc	3436	0	1289
exp2	153	152	ZeroFiveUp	3436	0	1289
exp2	153	38	AwayFromZero	4682	0	43
exp2	153	38	Ceiling	4682	0	43
exp2	153	38	Floor	4682	0	43
exp2	153	38	HalfAwayFromZero	4682	0	43
exp2	153	38	HalfToEven	4682	0	43
exp2	153	38	HalfTowardZero	4682	0	43
exp2	153	38	Trunc	4682	0	43
exp2	153	38	ZeroFiveUp	4682	0	43
exp2	153	76	AwayFromZero	4690	0	35
exp2	153	76	Ceiling	4690	0	35
exp2	153	76	Floor	4690	0	35
exp2	153	76	HalfAwayFromZero	4690	0	35
exp2	153	76	HalfToEven	4690	0	35
exp2	153	76	HalfTowardZero	4690	0	35
exp2	153	76	Trunc	4690	0	35
exp2	153	76	ZeroFiveUp	4690	0	35
exp2	18	0	AwayFromZero	573	0	4152
exp2	18	0	Ceiling	573	0	4152
exp2	18	0	Floor	573	0	4152
exp2	18	0	HalfAwayFromZero	573	0	4152
exp2	18	0	HalfToEven	573	0	4152
exp2	18	0	HalfTowardZero	573	0	4152
exp2	18	0	Trunc	573	0	4152
exp2	18	0	ZeroFiveUp	573	0	4152
exp2	18	13	AwayFromZero	1282	0	3443
exp2	18	13	Ceiling	1282	0	3443
exp2	18	13	Floor	1282	0	3443
exp2	18	13	HalfAwayFromZero	1282	0	3443
exp2	18	13	HalfToEven	1282	0	3443
exp2	18	13	HalfTowardZero	1282	0	3443
exp2	18	13	Trunc	1282	0	3443
exp2	18	13	ZeroFiveUp	1282	0	3443
exp2	18	17	AwayFromZero	1078	0	3647
exp2	18	17	Ceiling	1078	0	3647
exp2	18	17	Floor	1078	0	3647
exp2	18	17	HalfAwayFromZero	1078	0	3647
exp2	18	17	HalfToEven	1078	0	3647
exp2	18	17	HalfTowardZero	1078	0	3647
exp2	18	17	Trunc	1078	0	3647
exp2	18	17	ZeroFiveUp	1078	0	3647
exp2	18	3	AwayFromZero	593	0	4132
exp2	18	3	Ceiling	593	0	4132
exp2	18	3	Floor	593	0	4132
exp2	18	3	HalfAwayFromZero	593	0	4132
exp2	18	3	HalfToEven	593	0	4132
exp2	18	3	HalfTowardZero	593	0	4132
exp2	18	3	Trunc	593	0	4132
exp2	18	3	ZeroFiveUp	593	0	4132
exp2	18	4	AwayFromZero	749	0	3976
exp2	18	4	Ceiling	749	0	3976
exp2	18	4	Floor	749	0	3976
exp2	18	4	HalfAwayFromZero	749	0	3976
exp2	18	4	HalfToEven	749	0	3976
exp2	18	4	HalfTowardZero	749	0	3976
exp2	18	4	Trunc	749	0	3976
exp2	18	4	ZeroFiveUp	749	0	3976
exp2	18	9	AwayFromZero	1085	0	3640
exp2	18	9	Ceiling	1085	0	3640
exp2	18	9	Floor	1085	0	3640
exp2	18	9	HalfAwayFromZero	1085	0	3640
exp2	18	9	HalfToEven	1085	0	3640
exp2	18	9	HalfTowardZero	1085	0	3640
exp2	18	9	Trunc	1085	0	3640
exp2	18	9	ZeroFiveUp	1085	0	3640
exp2	230	0	AwayFromZero	573	0	4152
exp2	230	0	Ceiling	573	0	4152
exp2	230	0	Floor	573	0	4152
exp2	230	0	HalfAwayFromZero	573	0	4152
exp2	230	0	HalfToEven	573	0	4152
exp2	230	0	HalfTowardZero	573	0	4152
exp2	230	0	Trunc	573	0	4152
exp2	230	0	ZeroFiveUp	573	0	4152
exp2	230	115	AwayFromZero	4696	0	29
exp2	230	115	Ceiling	4696	0	29
exp2	230	115	Floor	4696	0	29
exp2	230	115	HalfAwayFromZero	4696	0	29
exp2	230	115	HalfToEven	4696	0	29
exp2	230	115	HalfTowardZero	4696	0	29
exp2	230	115	Trunc	4696	0	29
exp2	230	115	ZeroFiveUp	4696	0	29
exp2	230	172	AwayFromZero	4703	0	22
exp2	230	172	Ceiling	4703	0	22
exp2	230	172	Floor	4703	0	22
exp2	230	172	HalfAwayFromZero	4703	0	22
exp2	230	172	HalfToEven	4703	0	22
exp2	230	172	HalfTowardZero	4703	0	22
exp2	230	172	Trunc	4703	0	22
exp2	230	172	ZeroFiveUp	4703	0	22
exp2	230	229	AwayFromZero	3509	0	1216
exp2	230	229	Ceiling	3509	0	1216
exp2	230	229	Floor	3509	0	1216
exp2	230	229	HalfAwayFromZero	3509	0	1216
exp2	230	229	HalfToEven	3509	0	1216
exp2	230	229	HalfTowardZero	3509	0	1216
exp2	230	229	Trunc	3509	0	1216
exp2	230	229	ZeroFiveUp	3509	0	1216
exp2	230	30	AwayFromZero	4646	0	79
exp2	230	30	Ceiling	4646	0	79
exp2	230	30	Floor	4646	0	79
exp2	230	30	HalfAwayFromZero	4646	0	79
exp2	230	30	HalfToEven	4646	0	79
exp2	230	30	HalfTowardZero	4646	0	79
exp2	230	30	Trunc	4646	0	79
exp2	230	30	ZeroFiveUp	4646	0	79
exp2	230	57	AwayFromZero	4687	0	38
exp2	230	57	Ceiling	4687	0	38
exp2	230	57	Floor	4687	0	38
exp2	230	57	HalfAwayFromZero	4687	0	38
exp2	230	57	HalfToEven	4687	0	38
exp2	230	57	HalfTowardZero	4687	0	38
exp2	230	57	Trunc	4687	0	38
exp2	230	57	ZeroFiveUp	4687	0	38
exp2	307	0	AwayFromZero	573	0	4152
exp2	307	0	Ceiling	573	0	4152
exp2	307	0	Floor	573	0	4152
exp2	307	0	HalfAwayFromZero	573	0	4152
exp2	307	0	HalfToEven	573	0	4152
exp2	307	0	HalfTowardZero	573	0	4152
exp2	307	0	Trunc	573	0	4152
exp2	307	0	ZeroFiveUp	573	0	4152
exp2	307	120	AwayFromZero	4696	0	29
exp2	307	120	Ceiling	4696	0	29
exp2	307	120	Floor	4696	0	29
exp2	307	120	HalfAwayFromZero	4696	0	29
exp2	307	120	HalfToEven	4696	0	29
exp2	307	120	HalfTowardZero	4696	0	29
exp2	307	120	Trunc	4696	0	29
exp2	307	120	ZeroFiveUp	4696	0	29
exp2	307	153	AwayFromZero	4699	0	26
exp2	307	153	Ceiling	4699	0	26
exp2	307	153	Floor	4699	0	26
exp2	307	153	HalfAwayFromZero	4699	0	26
exp2	307	153	HalfToEven	4699	0	26
exp2	307	153	HalfTowardZero	4699	0	26
exp2	307	153	Trunc	4699	0	26
exp2	307	153	ZeroFiveUp	4699	0	26
exp2	307	230	AwayFromZero	4706	0	19
exp2	307	230	Ceiling	4706	0	19
exp2	307	230	Floor	4706	0	19
exp2	307	230	HalfAwayFromZero	4706	0	19
exp2	307	230	HalfToEven	4706	0	19
exp2	307	230	HalfTowardZero	4706	0	19
exp2	307	230	Trunc	4706	0	19
exp2	307	230	ZeroFiveUp	4706	0	19
exp2	307	290	AwayFromZero	4708	0	17
exp2	307	290	Ceiling	4708	0	17
exp2	307	290	Floor	4708	0	17
exp2	307	290	HalfAwayFromZero	4708	0	17
exp2	307	290	HalfToEven	4708	0	17
exp2	307	290	HalfTowardZero	4708	0	17
exp2	307	290	Trunc	4708	0	17
exp2	307	290	ZeroFiveUp	4708	0	17
exp2	307	30	AwayFromZero	4646	0	79
exp2	307	30	Ceiling	4646	0	79
exp2	307	30	Floor	4646	0	79
exp2	307	30	HalfAwayFromZero	4646	0	79
exp2	307	30	HalfToEven	4646	0	79
exp2	307	30	HalfTowardZero	4646	0	79
exp2	307	30	Trunc	4646	0	79
exp2	307	30	ZeroFiveUp	4646	0	79
exp2	307	306	AwayFromZero	3586	0	1139
exp2	307	306	Ceiling	3586	0	1139
exp2	307	306	Floor	3586	0	1139
exp2	307	306	HalfAwayFromZero	3586	0	1139
exp2	307	306	HalfToEven	3586	0	1139
exp2	307	306	HalfTowardZero	3586	0	1139
exp2	307	306	Trunc	3586	0	1139
exp2	307	306	ZeroFiveUp	3586	0	1139
exp2	307	50	AwayFromZero	4684	0	41
exp2	307	50	Ceiling	4684	0	41
exp2	307	50	Floor	4684	0	41
exp2	307	50	HalfAwayFromZero	4684	0	41
exp2	307	50	HalfToEven	4684	0	41
exp2	307	50	HalfTowardZero	4684	0	41
exp2	307	50	Trunc	4684	0	41
exp2	307	50	ZeroFiveUp	4684	0	41
exp2	307	70	AwayFromZero	4687	0	38
exp2	307	70	Ceiling	4687	0	38
exp2	307	70	Floor	4687	0	38
exp2	307	70	HalfAwayFromZero	4687	0	38
exp2	307	70	HalfToEven	4687	0	38
exp2	307	70	HalfTowardZero	4687	0	38
exp2	307	70	Trunc	4687	0	38
exp2	307	70	ZeroFiveUp	4687	0	38
exp2	307	76	AwayFromZero	4690	0	35
exp2	307	76	Ceiling	4690	0	35
exp2	307	76	Floor	4690	0	35
exp2	307	76	HalfAwayFromZero	4690	0	35
exp2	307	76	HalfToEven	4690	0	35
exp2	307	76	HalfTowardZero	4690	0	35
exp2	307	76	Trunc	4690	0	35
exp2	307	76	ZeroFiveUp	4690	0	35
exp2	38	0	AwayFromZero	573	0	4152
exp2	38	0	Ceiling	573	0	4152
exp2	38	0	Floor	573	0	4152
exp2	38	0	HalfAwayFromZero	573	0	4152
exp2	38	0	HalfToEven	573	0	4152
exp2	38	0	HalfTowardZero	573	0	4152
exp2	38	0	Trunc	573	0	4152
exp2	38	0	ZeroFiveUp	573	0	4152
exp2	38	10	AwayFromZero	1085	0	3640
exp2	38	10	Ceiling	1085	0	3640
exp2	38	10	Floor	1085	0	3640
exp2	38	10	HalfAwayFromZero	1085	0	3640
exp2	38	10	HalfToEven	1085	0	3640
exp2	38	10	HalfTowardZero	1085	0	3640
exp2	38	10	Trunc	1085	0	3640
exp2	38	10	ZeroFiveUp	1085	0	3640
exp2	38	12	AwayFromZero	1102	0	3623
exp2	38	12	Ceiling	1102	0	3623
exp2	38	12	Floor	1102	0	3623
exp2	38	12	HalfAwayFromZero	1102	0	3623
exp2	38	12	HalfToEven	1102	0	3623
exp2	38	12	HalfTowardZero	1102	0	3623
exp2	38	12	Trunc	1102	0	3623
exp2	38	12	ZeroFiveUp	1102	0	3623
exp2	38	17	AwayFromZero	1505	0	3220
exp2	38	17	Ceiling	1505	0	3220
exp2	38	17	Floor	1505	0	3220
exp2	38	17	HalfAwayFromZero	1505	0	3220
exp2	38	17	HalfToEven	1505	0	3220
exp2	38	17	HalfTowardZero	1505	0	3220
exp2	38	17	Trunc	1505	0	3220
exp2	38	17	ZeroFiveUp	1505	0	3220
exp2	38	18	AwayFromZero	1532	0	3193
exp2	38	18	Ceiling	1532	0	3193
exp2	38	18	Floor	1532	0	3193
exp2	38	18	HalfAwayFromZero	1532	0	3193
exp2	38	18	HalfToEven	1532	0	3193
exp2	38	18	HalfTowardZero	1532	0	3193
exp2	38	18	Trunc	1532	0	3193
exp2	38	18	ZeroFiveUp	1532	0	3193
exp2	38	19	AwayFromZero	1778	0	2947
exp2	38	19	Ceiling	1778	0	2947
exp2	38	19	Floor	1778	0	2947
exp2	38	19	HalfAwayFromZero	1778	0	2947
exp2	38	19	HalfToEven	1778	0	2947
exp2	38	19	HalfTowardZero	1778	0	2947
exp2	38	19	Trunc	1778	0	2947
exp2	38	19	ZeroFiveUp	1778	0	2947
exp2	38	2	AwayFromZero	575	0	4150
exp2	38	2	Ceiling	575	0	4150
exp2	38	2	Floor	575	0	4150
exp2	38	2	HalfAwayFromZero	575	0	4150
exp2	38	2	HalfToEven	575	0	4150
exp2	38	2	HalfTowardZero	575	0	4150
exp2	38	2	Trunc	575	0	4150
exp2	38	2	ZeroFiveUp	575	0	4150
exp2	38	28	AwayFromZero	4334	0	391
exp2	38	28	Ceiling	4334	0	391
exp2	38	28	Floor	4334	0	391
exp2	38	28	HalfAwayFromZero	4334	0	391
exp2	38	28	HalfToEven	4334	0	391
exp2	38	28	HalfTowardZero	4334	0	391
exp2	38	28	Trunc	4334	0	391
exp2	38	28	ZeroFiveUp	4334	0	391
exp2	38	37	AwayFromZero	2689	0	2036
exp2	38	37	Ceiling	2689	0	2036
exp2	38	37	Floor	2689	0	2036
exp2	38	37	HalfAwayFromZero	2689	0	2036
exp2	38	37	HalfToEven	2689	0	2036
exp2	38	37	HalfTowardZero	2689	0	2036
exp2	38	37	Trunc	2689	0	2036
exp2	38	37	ZeroFiveUp	2689	0	2036
exp2	38	6	AwayFromZero	749	0	3976
exp2	38	6	Ceiling	749	0	3976
exp2	38	6	Floor	749	0	3976
exp2	38	6	HalfAwayFromZero	749	0	3976
exp2	38	6	HalfToEven	749	0	3976
exp2	38	6	HalfTowardZero	749	0	3976
exp2	38	6	Trunc	749	0	3976
exp2	38	6	ZeroFiveUp	749	0	3976
exp2	38	9	AwayFromZero	1085	0	3640
exp2	38	9	Ceiling	1085	0	3640
exp2	38	9	Floor	1085	0	3640
exp2	38	9	HalfAwayFromZero	1085	0	3640
exp2	38	9	HalfToEven	1085	0	3640
exp2	38	9	HalfTowardZero	1085	0	3640
exp2	38	9	Trunc	1085	0	3640
exp2	38	9	ZeroFiveUp	1085	0	3640
exp2	462	0	AwayFromZero	573	0	4152
exp2	462	0	Ceiling	573	0	4152
exp2	462	0	Floor	573	0	4152
exp2	462	0	HalfAwayFromZero	573	0	4152
exp2	462	0	HalfToEven	573	0	4152
exp2	462	0	HalfTowardZero	573	0	4152
exp2	462	0	Trunc	573	0	4152
exp2	462	0	ZeroFiveUp	573	0	4152
exp2	462	100	AwayFromZero	4692	0	33
exp2	462	100	Ceiling	4692	0	33
exp2	462	100	Floor	4692	0	33
exp2	462	100	HalfAwayFromZero	4692	0	33
exp2	462	100	HalfToEven	4692	0	33
exp2	462	100	HalfTowardZero	4692	0	33
exp2	462	100	Trunc	4692	0	33
exp2	462	100	ZeroFiveUp	4692	0	33
exp2	462	115	AwayFromZero	4696	0	29
exp2	462	115	Ceiling	4696	0	29
exp2	462	115	Floor	4696	0	29
exp2	462	115	HalfAwayFromZero	4696	0	29
exp2	462	115	HalfToEven	4696	0	29
exp2	462	115	HalfTowardZero	4696	0	29
exp2	462	115	Trunc	4696	0	29
exp2	462	115	ZeroFiveUp	4696	0	29
exp2	462	180	AwayFromZero	4703	0	22
exp2	462	180	Ceiling	4703	0	22
exp2	462	180	Floor	4703	0	22
exp2	462	180	HalfAwayFromZero	4703	0	22
exp2	462	180	HalfToEven	4703	0	22
exp2	462	180	HalfTowardZero	4703	0	22
exp2	462	180	Trunc	4703	0	22
exp2	462	180	ZeroFiveUp	4703	0	22
exp2	462	231	AwayFromZero	4708	0	17
exp2	462	231	Ceiling	4708	0	17
exp2	462	231	Floor	4708	0	17
exp2	462	231	HalfAwayFromZero	4708	0	17
exp2	462	231	HalfToEven	4708	0	17
exp2	462	231	HalfTowardZero	4708	0	17
exp2	462	231	Trunc	4708	0	17
exp2	462	231	ZeroFiveUp	4708	0	17
exp2	462	30	AwayFromZero	4646	0	79
exp2	462	30	Ceiling	4646	0	79
exp2	462	30	Floor	4646	0	79
exp2	462	30	HalfAwayFromZero	4646	0	79
exp2	462	30	HalfToEven	4646	0	79
exp2	462	30	HalfTowardZero	4646	0	79
exp2	462	30	Trunc	4646	0	79
exp2	462	30	ZeroFiveUp	4646	0	79
exp2	462	346	AwayFromZero	4713	0	12
exp2	462	346	Ceiling	4713	0	12
exp2	462	346	Floor	4713	0	12
exp2	462	346	HalfAwayFromZero	4713	0	12
exp2	462	346	HalfToEven	4713	0	12
exp2	462	346	HalfTowardZero	4713	0	12
exp2	462	346	Trunc	4713	0	12
exp2	462	346	ZeroFiveUp	4713	0	12
exp2	462	461	AwayFromZero	2424	0	2301
exp2	462	461	Ceiling	2424	0	2301
exp2	462	461	Floor	2424	0	2301
exp2	462	461	HalfAwayFromZero	2424	0	2301
exp2	462	461	HalfToEven	2424	0	2301
exp2	462	461	HalfTowardZero	2424	0	2301
exp2	462	461	Trunc	2424	0	2301
exp2	462	461	ZeroFiveUp	2424	0	2301
exp2	57	0	AwayFromZero	573	0	4152
exp2	57	0	Ceiling	573	0	4152
exp2	57	0	Floor	573	0	4152
exp2	57	0	HalfAwayFromZero	573	0	4152
exp2	57	0	HalfToEven	573	0	4152
exp2	57	0	HalfTowardZero	573	0	4152
exp2	57	0	Trunc	573	0	4152
exp2	57	0	ZeroFiveUp	573	0	4152
exp2	57	14	AwayFromZero	1403	0	3322
exp2	57	14	Ceiling	1403	0	3322
exp2	57	14	Floor	1403	0	3322
exp2	57	14	HalfAwayFromZero	1403	0	3322
exp2	57	14	HalfToEven	1403	0	3322
exp2	57	14	HalfTowardZero	1403	0	3322
exp2	57	14	Trunc	1403	0	3322
exp2	57	14	ZeroFiveUp	1403	0	3322
exp2	57	20	AwayFromZero	1778	0	2947
exp2	57	20	Ceiling	1778	0	2947
exp2	57	20	Floor	1778	0	2947
exp2	57	20	HalfAwayFromZero	1778	0	2947
exp2	57	20	HalfToEven	1778	0	2947
exp2	57	20	HalfTowardZero	1778	0	2947
exp2	57	20	Trunc	1778	0	2947
exp2	57	20	ZeroFiveUp	1778	0	2947
exp2	57	28	AwayFromZero	4334	0	391
exp2	57	28	Ceiling	4334	0	391
exp2	57	28	Floor	4334	0	391
exp2	57	28	HalfAwayFromZero	4334	0	391
exp2	57	28	HalfToEven	4334	0	391
exp2	57	28	HalfTowardZero	4334	0	391
exp2	57	28	Trunc	4334	0	391
exp2	57	28	ZeroFiveUp	4334	0	391
exp2	57	30	AwayFromZero	4646	0	79
exp2	57	30	Ceiling	4646	0	79
exp2	57	30	Floor	4646	0	79
exp2	57	30	HalfAwayFromZero	4646	0	79
exp2	57	30	HalfToEven	4646	0	79
exp2	57	30	HalfTowardZero	4646	0	79
exp2	57	30	Trunc	4646	0	79
exp2	57	30	ZeroFiveUp	4646	0	79
exp2	57	42	AwayFromZero	4684	0	41
exp2	57	42	Ceiling	4684	0	41
exp2	57	42	Floor	4684	0	41
exp2	57	42	HalfAwayFromZero	4684	0	41
exp2	57	42	HalfToEven	4684	0	41
exp2	57	42	HalfTowardZero	4684	0	41
exp2	57	42	Trunc	4684	0	41
exp2	57	42	ZeroFiveUp	4684	0	41
exp2	57	56	AwayFromZero	3058	0	1667
exp2	57	56	Ceiling	3058	0	1667
exp2	57	56	Floor	3058	0	1667
exp2	57	56	HalfAwayFromZero	3058	0	1667
exp2	57	56	HalfToEven	3058	0	1667
exp2	57	56	HalfTowardZero	3058	0	1667
exp2	57	56	Trunc	3058	0	1667
exp2	57	56	ZeroFiveUp	3058	0	1667
exp2	616	0	AwayFromZero	573	0	4152
exp2	616	0	Ceiling	573	0	4152
exp2	616	0	Floor	573	0	4152
exp2	616	0	HalfAwayFromZero	573	0	4152
exp2	616	0	HalfToEven	573	0	4152
exp2	616	0	HalfTowardZero	573	0	4152
exp2	616	0	Trunc	573	0	4152
exp2	616	0	ZeroFiveUp	573	0	4152
exp2	616	130	AwayFromZero	4696	0	29
exp2	616	130	Ceiling	4696	0	29
exp2	616	130	Floor	4696	0	29
exp2	616	130	HalfAwayFromZero	4696	0	29
exp2	616	130	HalfToEven	4696	0	29
exp2	616	130	HalfTowardZero	4696	0	29
exp2	616	130	Trunc	4696	0	29
exp2	616	130	ZeroFiveUp	4696	0	29
exp2	616	154	AwayFromZero	4701	0	24
exp2	616	154	Ceiling	4701	0	24
exp2	616	154	Floor	4701	0	24
exp2	616	154	HalfAwayFromZero	4701	0	24
exp2	616	154	HalfToEven	4701	0	24
exp2	616	154	HalfTowardZero	4701	0	24
exp2	616	154	Trunc	4701	0	24
exp2	616	154	ZeroFiveUp	4701	0	24
exp2	616	240	AwayFromZero	4708	0	17
exp2	616	240	Ceiling	4708	0	17
exp2	616	240	Floor	4708	0	17
exp2	616	240	HalfAwayFromZero	4708	0	17
exp2	616	240	HalfToEven	4708	0	17
exp2	616	240	HalfTowardZero	4708	0	17
exp2	616	240	Trunc	4708	0	17
exp2	616	240	ZeroFiveUp	4708	0	17
exp2	616	30	AwayFromZero	4646	0	79
exp2	616	30	Ceiling	4646	0	79
exp2	616	30	Floor	4646	0	79
exp2	616	30	HalfAwayFromZero	4646	0	79
exp2	616	30	HalfToEven	4646	0	79
exp2	616	30	HalfTowardZero	4646	0	79
exp2	616	30	Trunc	4646	0	79
exp2	616	30	ZeroFiveUp	4646	0	79
exp2	616	308	AwayFromZero	4711	0	14
exp2	616	308	Ceiling	4711	0	14
exp2	616	308	Floor	4711	0	14
exp2	616	308	HalfAwayFromZero	4711	0	14
exp2	616	308	HalfToEven	4711	0	14
exp2	616	308	HalfTowardZero	4711	0	14
exp2	616	308	Trunc	4711	0	14
exp2	616	308	ZeroFiveUp	4711	0	14
exp2	616	462	AwayFromZero	4716	0	9
exp2	616	462	Ceiling	4716	0	9
exp2	616	462	Floor	4716	0	9
exp2	616	462	HalfAwayFromZero	4716	0	9
exp2	616	462	HalfToEven	4716	0	9
exp2	616	462	HalfTowardZero	4716	0	9
exp2	616	462	Trunc	4716	0	9
exp2	616	462	ZeroFiveUp	4716	0	9
exp2	616	590	AwayFromZero	4716	0	9
exp2	616	590	Ceiling	4716	0	9
exp2	616	590	Floor	4716	0	9
exp2	616	590	HalfAwayFromZero	4716	0	9
exp2	616	590	HalfToEven	4716	0	9
exp2	616	590	HalfTowardZero	4716	0	9
exp2	616	590	Trunc	4716	0	9
exp2	616	590	ZeroFiveUp	4716	0	9
exp2	616	615	AwayFromZero	2672	0	2053
exp2	616	615	Ceiling	2672	0	2053
exp2	616	615	Floor	2672	0	2053
exp2	616	615	HalfAwayFromZero	2672	0	2053
exp2	616	615	HalfToEven	2672	0	2053
exp2	616	615	HalfTowardZero	2672	0	2053
exp2	616	615	Trunc	2672	0	2053
exp2	616	615	ZeroFiveUp	2672	0	2053
exp2	76	0	AwayFromZero	573	0	4152
exp2	76	0	Ceiling	573	0	4152
exp2	76	0	Floor	573	0	4152
exp2	76	0	HalfAwayFromZero	573	0	4152
exp2	76	0	HalfToEven	573	0	4152
exp2	76	0	HalfTowardZero	573	0	4152
exp2	76	0	Trunc	573	0	4152
exp2	76	0	ZeroFiveUp	573	0	4152
exp2	76	18	AwayFromZero	1532	0	3193
exp2	76	18	Ceiling	1532	0	3193
exp2	76	18	Floor	1532	0	3193
exp2	76	18	HalfAwayFromZero	1532	0	3193
exp2	76	18	HalfToEven	1532	0	3193
exp2	76	18	HalfTowardZero	1532	0	3193
exp2	76	18	Trunc	1532	0	3193
exp2	76	18	ZeroFiveUp	1532	0	3193
exp2	76	19	AwayFromZero	1778	0	2947
exp2	76	19	Ceiling	1778	0	2947
exp2	76	19	Floor	1778	0	2947
exp2	76	19	HalfAwayFromZero	1778	0	2947
exp2	76	19	HalfToEven	1778	0	2947
exp2	76	19	HalfTowardZero	1778	0	2947
exp2	76	19	Trunc	1778	0	2947
exp2	76	19	ZeroFiveUp	1778	0	2947
exp2	76	38	AwayFromZero	4682	0	43
exp2	76	38	Ceiling	4682	0	43
exp2	76	38	Floor	4682	0	43
exp2	76	38	HalfAwayFromZero	4682	0	43
exp2	76	38	HalfToEven	4682	0	43
exp2	76	38	HalfTowardZero	4682	0	43
exp2	76	38	Trunc	4682	0	43
exp2	76	38	ZeroFiveUp	4682	0	43
exp2	76	40	AwayFromZero	4682	0	43
exp2	76	40	Ceiling	4682	0	43
exp2	76	40	Floor	4682	0	43
exp2	76	40	HalfAwayFromZero	4682	0	43
exp2	76	40	HalfToEven	4682	0	43
exp2	76	40	HalfTowardZero	4682	0	43
exp2	76	40	Trunc	4682	0	43
exp2	76	40	ZeroFiveUp	4682	0	43
exp2	76	57	AwayFromZero	4687	0	38
exp2	76	57	Ceiling	4687	0	38
exp2	76	57	Floor	4687	0	38
exp2	76	57	HalfAwayFromZero	4687	0	38
exp2	76	57	HalfToEven	4687	0	38
exp2	76	57	HalfTowardZero	4687	0	38
exp2	76	57	Trunc	4687	0	38
exp2	76	57	ZeroFiveUp	4687	0	38
exp2	76	75	AwayFromZero	3349	0	1376
exp2	76	75	Ceiling	3349	0	1376
exp2	76	75	Floor	3349	0	1376
exp2	76	75	HalfAwayFromZero	3349	0	1376
exp2	76	75	HalfToEven	3349	0	1376
exp2	76	75	HalfTowardZero	3349	0	1376
exp2	76	75	Trunc	3349	0	1376
exp2	76	75	ZeroFiveUp	3349	0	1376
exp2	924	0	AwayFromZero	573	0	4152
exp2	924	0	Ceiling	573	0	4152
exp2	924	0	Floor	573	0	4152
exp2	924	0	HalfAwayFromZero	573	0	4152
exp2	924	0	HalfToEven	573	0	4152
exp2	924	0	HalfTowardZero	573	0	4152
exp2	924	0	Trunc	573	0	4152
exp2	924	0	ZeroFiveUp	573	0	4152
exp2	924	180	AwayFromZero	4703	0	22
exp2	924	180	Ceiling	4703	0	22
exp2	924	180	Floor	4703	0	22
exp2	924	180	HalfAwayFromZero	4703	0	22
exp2	924	180	HalfToEven	4703	0	22
exp2	924	180	HalfTowardZero	4703	0	22
exp2	924	180	Trunc	4703	0	22
exp2	924	180	ZeroFiveUp	4703	0	22
exp2	924	231	AwayFromZero	4708	0	17
exp2	924	231	Ceiling	4708	0	17
exp2	924	231	Floor	4708	0	17
exp2	924	231	HalfAwayFromZero	4708	0	17
exp2	924	231	HalfToEven	4708	0	17
exp2	924	231	HalfTowardZero	4708	0	17
exp2	924	231	Trunc	4708	0	17
exp2	924	231	ZeroFiveUp	4708	0	17
exp2	924	30	AwayFromZero	4646	0	79
exp2	924	30	Ceiling	4646	0	79
exp2	924	30	Floor	4646	0	79
exp2	924	30	HalfAwayFromZero	4646	0	79
exp2	924	30	HalfToEven	4646	0	79
exp2	924	30	HalfTowardZero	4646	0	79
exp2	924	30	Trunc	4646	0	79
exp2	924	30	ZeroFiveUp	4646	0	79
exp2	924	350	AwayFromZero	4713	0	12
exp2	924	350	Ceiling	4713	0	12
exp2	924	350	Floor	4713	0	12
exp2	924	350	HalfAwayFromZero	4713	0	12
exp2	924	350	HalfToEven	4713	0	12
exp2	924	350	HalfTowardZero	4713	0	12
exp2	924	350	Trunc	4713	0	12
exp2	924	350	ZeroFiveUp	4713	0	12
exp2	924	462	AwayFromZero	4716	0	9
exp2	924	462	Ceiling	4716	0	9
exp2	924	462	Floor	4716	0	9
exp2	924	462	HalfAwayFromZero	4716	0	9
exp2	924	462	HalfToEven	4716	0	9
exp2	924	462	HalfTowardZero	4716	0	9
exp2	924	462	Trunc	4716	0	9
exp2	924	462	ZeroFiveUp	4716	0	9
exp2	924	693	AwayFromZero	4721	0	4
exp2	924	693	Ceiling	4721	0	4
exp2	924	693	Floor	4721	0	4
exp2	924	693	HalfAwayFromZero	4721	0	4
exp2	924	693	HalfToEven	4721	0	4
exp2	924	693	HalfTowardZero	4721	0	4
exp2	924	693	Trunc	4721	0	4
exp2	924	693	ZeroFiveUp	4721	0	4
exp2	924	900	AwayFromZero	4721	0	4
exp2	924	900	Ceiling	4721	0	4
exp2	924	900	Floor	4721	0	4
exp2	924	900	HalfAwayFromZero	4721	0	4
exp2	924	900	HalfToEven	4721	0	4
exp2	924	900	HalfTowardZero	4721	0	4
exp2	924	900	Trunc	4721	0	4
exp2	924	900	ZeroFiveUp	4721	0	4
exp2	924	923	AwayFromZero	3071	0	1654
exp2	924	923	Ceiling	3071	0	1654
exp2	924	923	Floor	3071	0	1654
exp2	924	923	HalfAwayFromZero	3071	0	1654
exp2	924	923	HalfToEven	3071	0	1654
exp2	924	923	HalfTowardZero	3071	0	1654
exp2	924	923	Trunc	3071	0	1654
exp2	924	923	ZeroFiveUp	3071	0	1654
expm1	115	0	AwayFromZero	5	0	466
expm1	115	0	Ceiling	5	0	466
expm1	115	0	Floor	5	0	466
expm1	115	0	HalfAwayFromZero	5	0	466
expm1	115	0	HalfToEven	5	0	466
expm1	115	0	HalfTowardZero	5	0	466
expm1	115	0	Trunc	5	0	466
expm1	115	0	ZeroFiveUp	5	0	466
expm1	115	114	AwayFromZero	232	0	239
expm1	115	114	Ceiling	232	0	239
expm1	115	114	Floor	232	0	239
expm1	115	114	HalfAwayFromZero	232	0	239
expm1	115	114	HalfToEven	232	0	239
expm1	115	114	HalfTowardZero	232	0	239
expm1	115	114	Trunc	232	0	239
expm1	115	114	ZeroFiveUp	232	0	239
expm1	115	28	AwayFromZero	119	0	352
expm1	115	28	Ceiling	119	0	352
expm1	115	28	Floor	119	0	352
expm1	115	28	HalfAwayFromZero	119	0	352
expm1	115	28	HalfToEven	119	0	352
expm1	115	28	HalfTowardZero	119	0	352
expm1	115	28	Trunc	119	0	352
expm1	115	28	ZeroFiveUp	119	0	352
expm1	115	50	AwayFromZero	170	0	301
expm1	115	50	Ceiling	170	0	301
expm1	115	50	Floor	170	0	301
expm1	115	50	HalfAwayFromZero	170	0	301
expm1	115	50	HalfToEven	170	0	301
expm1	115	50	HalfTowardZero	170	0	301
expm1	115	50	Trunc	170	0	301
expm1	115	50	ZeroFiveUp	170	0	301
expm1	115	57	AwayFromZero	188	0	283
expm1	115	57	Ceiling	188	0	283
expm1	115	57	Floor	188	0	283
expm1	115	57	HalfAwayFromZero	188	0	283
expm1	115	57	HalfToEven	188	0	283
expm1	115	57	HalfTowardZero	188	0	283
expm1	115	57	Trunc	188	0	283
expm1	115	57	ZeroFiveUp	188	0	283
expm1	115	86	AwayFromZero	226	0	245
expm1	115	86	Ceiling	226	0	245
expm1	115	86	Floor	226	0	245
expm1	115	86	HalfAwayFromZero	226	0	245
expm1	115	86	HalfToEven	226	0	245
expm1	115	86	HalfTowardZero	226	0	245
expm1	115	86	Trunc	226	0	245
expm1	115	86	ZeroFiveUp	226	0	245
expm1	1232	0	AwayFromZero	5	0	466
expm1	1232	0	Ceiling	5	0	466
expm1	1232	0	Floor	5	0	466
expm1	1232	0	HalfAwayFromZero	5	0	466
expm1	1232	0	HalfToEven	5	0	466
expm1	1232	0	HalfTowardZero	5	0	466
expm1	1232	0	Trunc	5	0	466
expm1	1232	0	ZeroFiveUp	5	0	466
expm1	1232	1200	AwayFromZero	463	0	8
expm1	1232	1200	Ceiling	463	0	8
expm1	1232	1200	Floor	463	0	8
expm1	1232	1200	HalfAwayFromZero	463	0	8
expm1	1232	1200	HalfToEven	463	0	8
expm1	1232	1200	HalfTowardZero	463	0	8
expm1	1232	1200	Trunc	463	0	8
expm1	1232	1200	ZeroFiveUp	463	0	8
expm1	1232	1231	AwayFromZero	444	0	27
expm1	1232	1231	Ceiling	444	0	27
expm1	1232	1231	Floor	444	0	27
expm1	1232	1231	HalfAwayFromZero	444	0	27
expm1	1232	1231	HalfToEven	444	0	27
expm1	1232	1231	HalfTowardZero	444	0	27
expm1	1232	1231	Trunc	444	0	27
expm1	1232	1231	ZeroFiveUp	444	0	27
expm1	1232	250	AwayFromZero	352	0	119
expm1	1232	250	Ceiling	352	0	119
expm1	1232	250	Floor	352	0	119
expm1	1232	250	HalfAwayFromZero	352	0	119
expm1	1232	250	HalfToEven	352	0	119
expm1	1232	250	HalfTowardZero	352	0	119
expm1	1232	250	Trunc	352	0	119
expm1	1232	250	ZeroFiveUp	352	0	119
expm1	1232	30	AwayFromZero	127	0	344
expm1	1232	30	Ceiling	127	0	344
expm1	1232	30	Floor	127	0	344
expm1	1232	30	HalfAwayFromZero	127	0	344
expm1	1232	30	HalfToEven	127	0	344
expm1	1232	30	HalfTowardZero	127	0	344
expm1	1232	30	Trunc	127	0	344
expm1	1232	30	ZeroFiveUp	127	0	344
expm1	1232	308	AwayFromZero	373	0	98
expm1	1232	308	Ceiling	373	0	98
expm1	1232	308	Floor	373	0	98
expm1	1232	308	HalfAwayFromZero	373	0	98
expm1	1232	308	HalfToEven	373	0	98
expm1	1232	308	HalfTowardZero	373	0	98
expm1	1232	308	Trunc	373	0	98
expm1	1232	308	ZeroFiveUp	373	0	98
expm1	1232	470	AwayFromZero	404	0	67
expm1	1232	470	Ceiling	404	0	67
expm1	1232	470	Floor	404	0	67
expm1	1232	470	HalfAwayFromZero	404	0	67
expm1	1232	470	HalfToEven	404	0	67
expm1	1232	470	HalfTowardZero	404	0	67
expm1	1232	470	Trunc	404	0	67
expm1	1232	470	ZeroFiveUp	404	0	67
expm1	1232	616	AwayFromZero	423	0	48
expm1	1232	616	Ceiling	423	0	48
expm1	1232	616	Floor	423	0	48
expm1	1232	616	HalfAwayFromZero	423	0	48
expm1	1232	616	HalfToEven	423	0	48
expm1	1232	616	HalfTowardZero	423	0	48
expm1	1232	616	Trunc	423	0	48
expm1	1232	616	ZeroFiveUp	423	0	48
expm1	1232	924	AwayFromZero	455	0	16
expm1	1232	924	Ceiling	455	0	16
expm1	1232	924	Floor	455	0	16
expm1	1232	924	HalfAwayFromZero	455	0	16
expm1	1232	924	HalfToEven	455	0	16
expm1	1232	924	HalfTowardZero	455	0	16
expm1	1232	924	Trunc	455	0	16
expm1	1232	924	ZeroFiveUp	455	0	16
expm1	153	0	AwayFromZero	5	0	466
expm1	153	0	Ceiling	5	0	466
expm1	153	0	Floor	5	0	466
expm1	153	0	HalfAwayFromZero	5	0	466
expm1	153	0	HalfToEven	5	0	466
expm1	153	0	HalfTowardZero	5	0	466
expm1	153	0	Trunc	5	0	466
expm1	153	0	ZeroFiveUp	5	0	466
expm1	153	114	AwayFromZero	246	0	225
expm1	153	114	Ceiling	246	0	225
expm1	153	114	Floor	246	0	225
expm1	153	114	HalfAwayFromZero	246	0	225
expm1	153	114	HalfToEven	246	0	225
expm1	153	114	HalfTowardZero	246	0	225
expm1	153	114	Trunc	246	0	225
expm1	153	114	ZeroFiveUp	246	0	225
expm1	153	152	AwayFromZero	274	0	197
expm1	153	152	Ceiling	274	0	197
expm1	153	152	Floor	274	0	197
expm1	153	152	HalfAwayFromZero	274	0	197
expm1	153	152	HalfToEven	274	0	197
expm1	153	152	HalfTowardZero	274	0	197
expm1	153	152	Trunc	274	0	197
expm1	153	152	ZeroFiveUp	274	0	197
expm1	153	38	AwayFromZero	144	0	327
expm1	153	38	Ceiling	144	0	327
expm1	153	38	Floor	144	0	327
expm1	153	38	HalfAwayFromZero	144	0	327
expm1	153	38	HalfToEven	144	0	327
expm1	153	38	HalfTowardZero	144	0	327
expm1	153	38	Trunc	144	0	327
expm1	153	38	ZeroFiveUp	144	0	327
expm1	153	76	AwayFromZero	215	0	256
expm1	153	76	Ceiling	215	0	256
expm1	153	76	Floor	215	0	256
expm1	153	76	HalfAwayFromZero	215	0	256
expm1	153	76	HalfToEven	215	0	256
expm1	153	76	HalfTowardZero	215	0	256
expm1	153	76	Trunc	215	0	256
expm1	153	76	ZeroFiveUp	215	0	256
expm1	18	0	AwayFromZero	5	0	466
expm1	18	0	Ceiling	5	0	466
expm1	18	0	Floor	5	0	466
expm1	18	0	HalfAwayFromZero	5	0	466
expm1	18	0	HalfToEven	5	0	466
expm1	18	0	HalfTowardZero	5	0	466
expm1	18	0	Trunc	5	0	466
expm1	18	0	ZeroFiveUp	5	0	466
expm1	18	13	AwayFromZero	67	0	404
expm1	18	13	Ceiling	67	0	404
expm1	18	13	Floor	67	0	404
expm1	18	13	HalfAwayFromZero	67	0	404
expm1	18	13	HalfToEven	67	0	404
expm1	18	13	HalfTowardZero	67	0	404
expm1	18	13	Trunc	67	0	404
expm1	18	13	ZeroFiveUp	67	0	404
expm1	18	17	AwayFromZero	84	0	387
expm1	18	17	Ceiling	84	0	387
expm1	18	17	Floor	84	0	387
expm1	18	17	HalfAwayFromZero	84	0	387
expm1	18	17	HalfToEven	84	0	387
expm1	18	17	HalfTowardZero	84	0	387
expm1	18	17	Trunc	84	0	387
expm1	18	17	ZeroFiveUp	84	0	387
expm1	18	3	AwayFromZero	21	0	450
expm1	18	3	Ceiling	21	0	450
expm1	18	3	Floor	21	0	450
expm1	18	3	HalfAwayFromZero	21	0	450
expm1	18	3	HalfToEven	21	0	450
expm1	18	3	HalfTowardZero	21	0	450
expm1	18	3	Trunc	21	0	450
expm1	18	3	ZeroFiveUp	21	0	450
expm1	18	4	AwayFromZero	27	0	444
expm1	18	4	Ceiling	27	0	444
expm1	18	4	Floor	27	0	444
expm1	18	4	HalfAwayFromZero	27	0	444
expm1	18	4	HalfToEven	27	0	444
expm1	18	4	HalfTowardZero	27	0	444
expm1	18	4	Trunc	27	0	444
expm1	18	4	ZeroFiveUp	27	0	444
expm1	18	9	AwayFromZero	44	0	427
expm1	18	9	Ceiling	44	0	427
expm1	18	9	Floor	44	0	427
expm1	18	9	HalfAwayFromZero	44	0	427
expm1	18	9	HalfToEven	44	0	427
expm1	18	9	HalfTowardZero	44	0	427
expm1	18	9	Trunc	44	0	427
expm1	18	9	ZeroFiveUp	44	0	427
expm1	230	0	AwayFromZero	5	0	466
expm1	230	0	Ceiling	5	0	466
expm1	230	0	Floor	5	0	466
expm1	230	0	HalfAwayFromZero	5	0	466
expm1	230	0	HalfToEven	5	0	466
expm1	230	0	HalfTowardZero	5	0	466
expm1	230	0	Trunc	5	0	466
expm1	230	0	ZeroFiveUp	5	0	466
expm1	230	115	AwayFromZero	253	0	218
expm1	230	115	Ceiling	253	0	218
expm1	230	115	Floor	253	0	218
expm1	230	115	HalfAwayFromZero	253	0	218
expm1	230	115	HalfToEven	253	0	218
expm1	230	115	HalfTowardZero	253	0	218
expm1	230	115	Trunc	253	0	218
expm1	230	115	ZeroFiveUp	253	0	218
expm1	230	172	AwayFromZero	303	0	168
expm1	230	172	Ceiling	303	0	168
expm1	230	172	Floor	303	0	168
expm1	230	172	HalfAwayFromZero	303	0	168
expm1	230	172	HalfToEven	303	0	168
expm1	230	172	HalfTowardZero	303	0	168
expm1	230	172	Trunc	303	0	168
expm1	230	172	ZeroFiveUp	303	0	168
expm1	230	229	AwayFromZero	316	0	155
expm1	230	229	Ceiling	316	0	155
expm1	230	229	Floor	316	0	155
expm1	230	229	HalfAwayFromZero	316	0	155
expm1	230	229	HalfToEven	316	0	155
expm1	230	229	HalfTowardZero	316	0	155
expm1	230	229	Trunc	316	0	155
expm1	230	229	ZeroFiveUp	316	0	155
expm1	230	30	AwayFromZero	127	0	344
expm1	230	30	Ceiling	127	0	344
expm1	230	30	Floor	127	0	344
expm1	230	30	HalfAwayFromZero	127	0	344
expm1	230	30	HalfToEven	127	0	344
expm1	230	30	HalfTowardZero	127	0	344
expm1	230	30	Trunc	127	0	344
expm1	230	30	ZeroFiveUp	127	0	344
expm1	230	57	AwayFromZero	188	0	283
expm1	230	57	Ceiling	188	0	283
expm1	230	57	Floor	188	0	283
expm1	230	57	HalfAwayFromZero	188	0	283
expm1	230	57	HalfToEven	188	0	283
expm1	230	57	HalfTowardZero	188	0	283
expm1	230	57	Trunc	188	0	283
expm1	230	57	ZeroFiveUp	188	0	283
expm1	307	0	AwayFromZero	5	0	466
expm1	307	0	Ceiling	5	0	466
expm1	307	0	Floor	5	0	466
expm1	307	0	HalfAwayFromZero	5	0	466
expm1	307	0	HalfToEven	5	0	466
expm1	307	0	HalfTowardZero	5	0	466
expm1	307	0	Trunc	5	0	466
expm1	307	0	ZeroFiveUp	5	0	466
expm1	307	120	AwayFromZero	260	0	211
expm1	307	120	Ceiling	260	0	211
expm1	307	120	Floor	260	0	211
expm1	307	120	HalfAwayFromZero	260	0	211
expm1	307	120	HalfToEven	260	0	211
expm1	307	120	HalfTowardZero	260	0	211
expm1	307	120	Trunc	260	0	211
expm1	307	120	ZeroFiveUp	260	0	211
expm1	307	153	AwayFromZero	287	0	184
expm1	307	153	Ceiling	287	0	184
expm1	307	153	Floor	287	0	184
expm1	307	153	HalfAwayFromZero	287	0	184
expm1	307	153	HalfToEven	287	0	184
expm1	307	153	HalfTowardZero	287	0	184
expm1	307	153	Trunc	287	0	184
expm1	307	153	ZeroFiveUp	287	0	184
expm1	307	230	AwayFromZero	331	0	140
expm1	307	230	Ceiling	331	0	140
expm1	307	230	Floor	331	0	140
expm1	307	230	HalfAwayFromZero	331	0	140
expm1	307	230	HalfToEven	331	0	140
expm1	307	230	HalfTowardZero	331	0	140
expm1	307	230	Trunc	331	0	140
expm1	307	230	ZeroFiveUp	331	0	140
expm1	307	290	AwayFromZero	359	0	112
expm1	307	290	Ceiling	359	0	112
expm1	307	290	Floor	359	0	112
expm1	307	290	HalfAwayFromZero	359	0	112
expm1	307	290	HalfToEven	359	0	112
expm1	307	290	HalfTowardZero	359	0	112
expm1	307	290	Trunc	359	0	112
expm1	307	290	ZeroFiveUp	359	0	112
expm1	307	30	AwayFromZero	127	0	344
expm1	307	30	Ceiling	127	0	344
expm1	307	30	Floor	127	0	344
expm1	307	30	HalfAwayFromZero	127	0	344
expm1	307	30	HalfToEven	127	0	344
expm1	307	30	HalfTowardZero	127	0	344
expm1	307	30	Trunc	127	0	344
expm1	307	30	ZeroFiveUp	127	0	344
expm1	307	306	AwayFromZero	359	0	112
expm1	307	306	Ceiling	359	0	112
expm1	307	306	Floor	359	0	112
expm1	307	306	HalfAwayFromZero	359	0	112
expm1	307	306	HalfToEven	359	0	112
expm1	307	306	HalfTowardZero	359	0	112
expm1	307	306	Trunc	359	0	112
expm1	307	306	ZeroFiveUp	359	0	112
expm1	307	50	AwayFromZero	170	0	301
expm1	307	50	Ceiling	170	0	301
expm1	307	50	Floor	170	0	301
expm1	307	50	HalfAwayFromZero	170	0	301
expm1	307	50	HalfToEven	170	0	301
expm1	307	50	HalfTowardZero	170	0	301
expm1	307	50	Trunc	170	0	301
expm1	307	50	ZeroFiveUp	170	0	301
expm1	307	70	AwayFromZero	199	0	272
expm1	307	70	Ceiling	199	0	272
expm1	307	70	Floor	199	0	272
expm1	307	70	HalfAwayFromZero	199	0	272
expm1	307	70	HalfToEven	199	0	272
expm1	307	70	HalfTowardZero	199	0	272
expm1	307	70	Trunc	199	0	272
expm1	307	70	ZeroFiveUp	199	0	272
expm1	307	76	AwayFromZero	215	0	256
expm1	307	76	Ceiling	215	0	256
expm1	307	76	Floor	215	0	256
expm1	307	76	HalfAwayFromZero	215	0	256
expm1	307	76	HalfToEven	215	0	256
expm1	307	76	HalfTowardZero	215	0	256
expm1	307	76	Trunc	215	0	256
expm1	307	76	ZeroFiveUp	215	0	256
expm1	38	0	AwayFromZero	5	0	466
expm1	38	0	Ceiling	5	0	466
expm1	38	0	Floor	5	0	466
expm1	38	0	HalfAwayFromZero	5	0	466
expm1	38	0	HalfToEven	5	0	466
expm1	38	0	HalfTowardZero	5	0	466
expm1	38	0	Trunc	5	0	466
expm1	38	0	ZeroFiveUp	5	0	466
expm1	38	10	AwayFromZero	51	0	420
expm1	38	10	Ceiling	51	0	420
expm1	38	10	Floor	51	0	420
expm1	38	10	HalfAwayFromZero	51	0	420
expm1	38	10	HalfToEven	51	0	420
expm1	38	10	HalfTowardZero	51	0	420
expm1	38	10	Trunc	51	0	420
expm1	38	10	ZeroFiveUp	51	0	420
expm1	38	12	AwayFromZero	59	0	412
expm1	38	12	Ceiling	59	0	412
expm1	38	12	Floor	59	0	412
expm1	38	12	HalfAwayFromZero	59	0	412
expm1	38	12	HalfToEven	59	0	412
expm1	38	12	HalfTowardZero	59	0	412
expm1	38	12	Trunc	59	0	412
expm1	38	12	ZeroFiveUp	59	0	412
expm1	38	17	AwayFromZero	84	0	387
expm1	38	17	Ceiling	84	0	387
expm1	38	17	Floor	84	0	387
expm1	38	17	HalfAwayFromZero	84	0	387
expm1	38	17	HalfToEven	84	0	387
expm1	38	17	HalfTowardZero	84	0	387
expm1	38	17	Trunc	84	0	387
expm1	38	17	ZeroFiveUp	84	0	387
expm1	38	18	AwayFromZero	91	0	380
expm1	38	18	Ceiling	91	0	380
expm1	38	18	Floor	91	0	380
expm1	38	18	HalfAwayFromZero	91	0	380
expm1	38	18	HalfToEven	91	0	380
expm1	38	18	HalfTowardZero	91	0	380
expm1	38	18	Trunc	91	0	380
expm1	38	18	ZeroFiveUp	91	0	380
expm1	38	19	AwayFromZero	99	0	372
expm1	38	19	Ceiling	99	0	372
expm1	38	19	Floor	99	0	372
expm1	38	19	HalfAwayFromZero	99	0	372
expm1	38	19	HalfToEven	99	0	372
expm1	38	19	HalfTowardZero	99	0	372
expm1	38	19	Trunc	99	0	372
expm1	38	19	ZeroFiveUp	99	0	372
expm1	38	2	AwayFromZero	14	0	457
expm1	38	2	Ceiling	14	0	457
expm1	38	2	Floor	14	0	457
expm1	38	2	HalfAwayFromZero	14	0	457
expm1	38	2	HalfToEven	14	0	457
expm1	38	2	HalfTowardZero	14	0	457
expm1	38	2	Trunc	14	0	457
expm1	38	2	ZeroFiveUp	14	0	457
expm1	38	28	AwayFromZero	119	0	352
expm1	38	28	Ceiling	119	0	352
expm1	38	28	Floor	119	0	352
expm1	38	28	HalfAwayFromZero	119	0	352
expm1	38	28	HalfToEven	119	0	352
expm1	38	28	HalfTowardZero	119	0	352
expm1	38	28	Trunc	119	0	352
expm1	38	28	ZeroFiveUp	119	0	352
expm1	38	37	AwayFromZero	134	0	337
expm1	38	37	Ceiling	134	0	337
expm1	38	37	Floor	134	0	337
expm1	38	37	HalfAwayFromZero	134	0	337
expm1	38	37	HalfToEven	134	0	337
expm1	38	37	HalfTowardZero	134	0	337
expm1	38	37	Trunc	134	0	337
expm1	38	37	ZeroFiveUp	134	0	337
expm1	38	6	AwayFromZero	35	0	436
expm1	38	6	Ceiling	35	0	436
expm1	38	6	Floor	35	0	436
expm1	38	6	HalfAwayFromZero	35	0	436
expm1	38	6	HalfToEven	35	0	436
expm1	38	6	HalfTowardZero	35	0	436
expm1	38	6	Trunc	35	0	436
expm1	38	6	ZeroFiveUp	35	0	436
expm1	38	9	AwayFromZero	44	0	427
expm1	38	9	Ceiling	44	0	427
expm1	38	9	Floor	44	0	427
expm1	38	9	HalfAwayFromZero	44	0	427
expm1	38	9	HalfToEven	44	0	427
expm1	38	9	HalfTowardZero	44	0	427
expm1	38	9	Trunc	44	0	427
expm1	38	9	ZeroFiveUp	44	0	427
expm1	462	0	AwayFromZero	5	0	466
expm1	462	0	Ceiling	5	0	466
expm1	462	0	Floor	5	0	466
expm1	462	0	HalfAwayFromZero	5	0	466
expm1	462	0	HalfToEven	5	0	466
expm1	462	0	HalfTowardZero	5	0	466
expm1	462	0	Trunc	5	0	466
expm1	462	0	ZeroFiveUp	5	0	466
expm1	462	100	AwayFromZero	235	0	236
expm1	462	100	Ceiling	235	0	236
expm1	462	100	Floor	235	0	236
expm1	462	100	HalfAwayFromZero	235	0	236
expm1	462	100	HalfToEven	235	0	236
expm1	462	100	HalfTowardZero	235	0	236
expm1	462	100	Trunc	235	0	236
expm1	462	100	ZeroFiveUp	235	0	236
expm1	462	115	AwayFromZero	253	0	218
expm1	462	115	Ceiling	253	0	218
expm1	462	115	Floor	253	0	218
expm1	462	115	HalfAwayFromZero	253	0	218
expm1	462	115	HalfToEven	253	0	218
expm1	462	115	HalfTowardZero	253	0	218
expm1	462	115	Trunc	253	0	218
expm1	462	115	ZeroFiveUp	253	0	218
expm1	462	180	AwayFromZero	313	0	158
expm1	462	180	Ceiling	313	0	158
expm1	462	180	Floor	313	0	158
expm1	462	180	HalfAwayFromZero	313	0	158
expm1	462	180	HalfToEven	313	0	158
expm1	462	180	HalfTowardZero	313	0	158
expm1	462	180	Trunc	313	0	158
expm1	462	180	ZeroFiveUp	313	0	158
expm1	462	231	AwayFromZero	339	0	132
expm1	462	231	Ceiling	339	0	132
expm1	462	231	Floor	339	0	132
expm1	462	231	HalfAwayFromZero	339	0	132
expm1	462	231	HalfToEven	339	0	132
expm1	462	231	HalfTowardZero	339	0	132
expm1	462	231	Trunc	339	0	132
expm1	462	231	ZeroFiveUp	339	0	132
expm1	462	30	AwayFromZero	127	0	344
expm1	462	30	Ceiling	127	0	344
expm1	462	30	Floor	127	0	344
expm1	462	30	HalfAwayFromZero	127	0	344
expm1	462	30	HalfToEven	127	0	344
expm1	462	30	HalfTowardZero	127	0	344
expm1	462	30	Trunc	127	0	344
expm1	462	30	ZeroFiveUp	127	0	344
expm1	462	346	AwayFromZero	381	0	90
expm1	462	346	Ceiling	381	0	90
expm1	462	346	Floor	381	0	90
expm1	462	346	HalfAwayFromZero	381	0	90
expm1	462	346	HalfToEven	381	0	90
expm1	462	346	HalfTowardZero	381	0	90
expm1	462	346	Trunc	381	0	90
expm1	462	346	ZeroFiveUp	381	0	90
expm1	462	461	AwayFromZero	369	0	102
expm1	462	461	Ceiling	369	0	102
expm1	462	461	Floor	369	0	102
expm1	462	461	HalfAwayFromZero	369	0	102
expm1	462	461	HalfToEven	369	0	102
expm1	462	461	HalfTowardZero	369	0	102
expm1	462	461	Trunc	369	0	102
expm1	462	461	ZeroFiveUp	369	0	102
expm1	57	0	AwayFromZero	5	0	466
expm1	57	0	Ceiling	5	0	466
expm1	57	0	Floor	5	0	466
expm1	57	0	HalfAwayFromZero	5	0	466
expm1	57	0	HalfToEven	5	0	466
expm1	57	0	HalfTowardZero	5	0	466
expm1	57	0	Trunc	5	0	466
expm1	57	0	ZeroFiveUp	5	0	466
expm1	57	14	AwayFromZero	74	0	397
expm1	57	14	Ceiling	74	0	397
expm1	57	14	Floor	74	0	397
expm1	57	14	HalfAwayFromZero	74	0	397
expm1	57	14	HalfToEven	74	0	397
expm1	57	14	HalfTowardZero	74	0	397
expm1	57	14	Trunc	74	0	397
expm1	57	14	ZeroFiveUp	74	0	397
expm1	57	20	AwayFromZero	106	0	365
expm1	57	20	Ceiling	106	0	365
expm1	57	20	Floor	106	0	365
expm1	57	20	HalfAwayFromZero	106	0	365
expm1	57	20	HalfToEven	106	0	365
expm1	57	20	HalfTowardZero	106	0	365
expm1	57	20	Trunc	106	0	365
expm1	57	20	ZeroFiveUp	106	0	365
expm1	57	28	AwayFromZero	119	0	352
expm1	57	28	Ceiling	119	0	352
expm1	57	28	Floor	119	0	352
expm1	57	28	HalfAwayFromZero	119	0	352
expm1	57	28	HalfToEven	119	0	352
expm1	57	28	HalfTowardZero	119	0	352
expm1	57	28	Trunc	119	0	352
expm1	57	28	ZeroFiveUp	119	0	352
expm1	57	30	AwayFromZero	127	0	344
expm1	57	30	Ceiling	127	0	344
expm1	57	30	Floor	127	0	344
expm1	57	30	HalfAwayFromZero	127	0	344
expm1	57	30	HalfToEven	127	0	344
expm1	57	30	HalfTowardZero	127	0	344
expm1	57	30	Trunc	127	0	344
expm1	57	30	ZeroFiveUp	127	0	344
expm1	57	42	AwayFromZero	161	0	310
expm1	57	42	Ceiling	161	0	310
expm1	57	42	Floor	161	0	310
expm1	57	42	HalfAwayFromZero	161	0	310
expm1	57	42	HalfToEven	161	0	310
expm1	57	42	HalfTowardZero	161	0	310
expm1	57	42	Trunc	161	0	310
expm1	57	42	ZeroFiveUp	161	0	310
expm1	57	56	AwayFromZero	173	0	298
expm1	57	56	Ceiling	173	0	298
expm1	57	56	Floor	173	0	298
expm1	57	56	HalfAwayFromZero	173	0	298
expm1	57	56	HalfToEven	173	0	298
expm1	57	56	HalfTowardZero	173	0	298
expm1	57	56	Trunc	173	0	298
expm1	57	56	ZeroFiveUp	173	0	298
expm1	616	0	AwayFromZero	5	0	466
expm1	616	0	Ceiling	5	0	466
expm1	616	0	Floor	5	0	466
expm1	616	0	HalfAwayFromZero	5	0	466
expm1	616	0	HalfToEven	5	0	466
expm1	616	0	HalfTowardZero	5	0	466
expm1	616	0	Trunc	5	0	466
expm1	616	0	ZeroFiveUp	5	0	466
expm1	616	130	AwayFromZero	269	0	202
expm1	616	130	Ceiling	269	0	202
expm1	616	130	Floor	269	0	202
expm1	616	130	HalfAwayFromZero	269	0	202
expm1	616	130	HalfToEven	269	0	202
expm1	616	130	HalfTowardZero	269	0	202
expm1	616	130	Trunc	269	0	202
expm1	616	130	ZeroFiveUp	269	0	202
expm1	616	154	AwayFromZero	294	0	177
expm1	616	154	Ceiling	294	0	177
expm1	616	154	Floor	294	0	177
expm1	616	154	HalfAwayFromZero	294	0	177
expm1	616	154	HalfToEven	294	0	177
expm1	616	154	HalfTowardZero	294	0	177
expm1	616	154	Trunc	294	0	177
expm1	616	154	ZeroFiveUp	294	0	177
expm1	616	240	AwayFromZero	347	0	124
expm1	616	240	Ceiling	347	0	124
expm1	616	240	Floor	347	0	124
expm1	616	240	HalfAwayFromZero	347	0	124
expm1	616	240	HalfToEven	347	0	124
expm1	616	240	HalfTowardZero	347	0	124
expm1	616	240	Trunc	347	0	124
expm1	616	240	ZeroFiveUp	347	0	124
expm1	616	30	AwayFromZero	127	0	344
expm1	616	30	Ceiling	127	0	344
expm1	616	30	Floor	127	0	344
expm1	616	30	HalfAwayFromZero	127	0	344
expm1	616	30	HalfToEven	127	0	344
expm1	616	30	HalfTowardZero	127	0	344
expm1	616	30	Trunc	127	0	344
expm1	616	30	ZeroFiveUp	127	0	344
expm1	616	308	AwayFromZero	373	0	98
expm1	616	308	Ceiling	373	0	98
expm1	616	308	Floor	373	0	98
expm1	616	308	HalfAwayFromZero	373	0	98
expm1	616	308	HalfToEven	373	0	98
expm1	616	308	HalfTowardZero	373	0	98
expm1	616	308	Trunc	373	0	98
expm1	616	308	ZeroFiveUp	373	0	98
expm1	616	462	AwayFromZero	401	0	70
expm1	616	462	Ceiling	401	0	70
expm1	616	462	Floor	401	0	70
expm1	616	462	HalfAwayFromZero	401	0	70
expm1	616	462	HalfToEven	401	0	70
expm1	616	462	HalfTowardZero	401	0	70
expm1	616	462	Trunc	401	0	70
expm1	616	462	ZeroFiveUp	401	0	70
expm1	616	590	AwayFromZero	410	0	61
expm1	616	590	Ceiling	410	0	61
expm1	616	590	Floor	410	0	61
expm1	616	590	HalfAwayFromZero	410	0	61
expm1	616	590	HalfToEven	410	0	61
expm1	616	590	HalfTowardZero	410	0	61
expm1	616	590	Trunc	410	0	61
expm1	616	590	ZeroFiveUp	410	0	61
expm1	616	615	AwayFromZero	388	0	83
expm1	616	615	Ceiling	388	0	83
expm1	616	615	Floor	388	0	83
expm1	616	615	HalfAwayFromZero	388	0	83
expm1	616	615	HalfToEven	388	0	83
expm1	616	615	HalfTowardZero	388	0	83
expm1	616	615	Trunc	388	0	83
expm1	616	615	ZeroFiveUp	388	0	83
expm1	76	0	AwayFromZero	5	0	466
expm1	76	0	Ceiling	5	0	466
expm1	76	0	Floor	5	0	466
expm1	76	0	HalfAwayFromZero	5	0	466
expm1	76	0	HalfToEven	5	0	466
expm1	76	0	HalfTowardZero	5	0	466
expm1	76	0	Trunc	5	0	466
expm1	76	0	ZeroFiveUp	5	0	466
expm1	76	18	AwayFromZero	91	0	380
expm1	76	18	Ceiling	91	0	380
expm1	76	18	Floor	91	0	380
expm1	76	18	HalfAwayFromZero	91	0	380
expm1	76	18	HalfToEven	91	0	380
expm1	76	18	HalfTowardZero	91	0	380
expm1	76	18	Trunc	91	0	380
expm1	76	18	ZeroFiveUp	91	0	380
expm1	76	19	AwayFromZero	99	0	372
expm1	76	19	Ceiling	99	0	372
expm1	76	19	Floor	99	0	372
expm1	76	19	HalfAwayFromZero	99	0	372
expm1	76	19	HalfToEven	99	0	372
expm1	76	19	HalfTowardZero	99	0	372
expm1	76	19	Trunc	99	0	372
expm1	76	19	ZeroFiveUp	99	0	372
expm1	76	38	AwayFromZero	144	0	327
expm1	76	38	Ceiling	144	0	327
expm1	76	38	Floor	144	0	327
expm1	76	38	HalfAwayFromZero	144	0	327
expm1	76	38	HalfToEven	144	0	327
expm1	76	38	HalfTowardZero	144	0	327
expm1	76	38	Trunc	144	0	327
expm1	76	38	ZeroFiveUp	144	0	327
expm1	76	40	AwayFromZero	153	0	318
expm1	76	40	Ceiling	153	0	318
expm1	76	40	Floor	153	0	318
expm1	76	40	HalfAwayFromZero	153	0	318
expm1	76	40	HalfToEven	153	0	318
expm1	76	40	HalfTowardZero	153	0	318
expm1	76	40	Trunc	153	0	318
expm1	76	40	ZeroFiveUp	153	0	318
expm1	76	57	AwayFromZero	188	0	283
expm1	76	57	Ceiling	188	0	283
expm1	76	57	Floor	188	0	283
expm1	76	57	HalfAwayFromZero	188	0	283
expm1	76	57	HalfToEven	188	0	283
expm1	76	57	HalfTowardZero	188	0	283
expm1	76	57	Trunc	188	0	283
expm1	76	57	ZeroFiveUp	188	0	283
expm1	76	75	AwayFromZero	205	0	266
expm1	76	75	Ceiling	205	0	266
expm1	76	75	Floor	205	0	266
expm1	76	75	HalfAwayFromZero	205	0	266
expm1	76	75	HalfToEven	205	0	266
expm1	76	75	HalfTowardZero	205	0	266
expm1	76	75	Trunc	205	0	266
expm1	76	75	ZeroFiveUp	205	0	266
expm1	924	0	AwayFromZero	5	0	466
expm1	924	0	Ceiling	5	0	466
expm1	924	0	Floor	5	0	466
expm1	924	0	HalfAwayFromZero	5	0	466
expm1	924	0	HalfToEven	5	0	466
expm1	924	0	HalfTowardZero	5	0	466
expm1	924	0	Trunc	5	0	466
expm1	924	0	ZeroFiveUp	5	0	466
expm1	924	180	AwayFromZero	313	0	158
expm1	924	180	Ceiling	313	0	158
expm1	924	180	Floor	313	0	158
expm1	924	180	HalfAwayFromZero	313	0	158
expm1	924	180	HalfToEven	313	0	158
expm1	924	180	HalfTowardZero	313	0	158
expm1	924	180	Trunc	313	0	158
expm1	924	180	ZeroFiveUp	313	0	158
expm1	924	231	AwayFromZero	339	0	132
expm1	924	231	Ceiling	339	0	132
expm1	924	231	Floor	339	0	132
expm1	924	231	HalfAwayFromZero	339	0	132
expm1	924	231	HalfToEven	339	0	132
expm1	924	231	HalfTowardZero	339	0	132
expm1	924	231	Trunc	339	0	132
expm1	924	231	ZeroFiveUp	339	0	132
expm1	924	30	AwayFromZero	127	0	344
expm1	924	30	Ceiling	127	0	344
expm1	924	30	Floor	127	0	344
expm1	924	30	HalfAwayFromZero	127	0	344
expm1	924	30	HalfToEven	127	0	344
expm1	924	30	HalfTowardZero	127	0	344
expm1	924	30	Trunc	127	0	344
expm1	924	30	ZeroFiveUp	127	0	344
expm1	924	350	AwayFromZero	388	0	83
expm1	924	350	Ceiling	388	0	83
expm1	924	350	Floor	388	0	83
expm1	924	350	HalfAwayFromZero	388	0	83
expm1	924	350	HalfToEven	388	0	83
expm1	924	350	HalfTowardZero	388	0	83
expm1	924	350	Trunc	388	0	83
expm1	924	350	ZeroFiveUp	388	0	83
expm1	924	462	AwayFromZero	401	0	70
expm1	924	462	Ceiling	401	0	70
expm1	924	462	Floor	401	0	70
expm1	924	462	HalfAwayFromZero	401	0	70
expm1	924	462	HalfToEven	401	0	70
expm1	924	462	HalfTowardZero	401	0	70
expm1	924	462	Trunc	401	0	70
expm1	924	462	ZeroFiveUp	401	0	70
expm1	924	693	AwayFromZero	431	0	40
expm1	924	693	Ceiling	431	0	40
expm1	924	693	Floor	431	0	40
expm1	924	693	HalfAwayFromZero	431	0	40
expm1	924	693	HalfToEven	431	0	40
expm1	924	693	HalfTowardZero	431	0	40
expm1	924	693	Trunc	431	0	40
expm1	924	693	ZeroFiveUp	431	0	40
expm1	924	900	AwayFromZero	439	0	32
expm1	924	900	Ceiling	439	0	32
expm1	924	900	Floor	439	0	32
expm1	924	900	HalfAwayFromZero	439	0	32
expm1	924	900	HalfToEven	439	0	32
expm1	924	900	HalfTowardZero	439	0	32
expm1	924	900	Trunc	439	0	32
expm1	924	900	ZeroFiveUp	439	0	32
expm1	924	923	AwayFromZero	417	0	54
expm1	924	923	Ceiling	417	0	54
expm1	924	923	Floor	417	0	54
expm1	924	923	HalfAwayFromZero	417	0	54
expm1	924	923	HalfToEven	417	0	54
expm1	924	923	HalfTowardZero	417	0	54
expm1	924	923	Trunc	417	0	54
expm1	924	923	ZeroFiveUp	417	0	54
hypot	115	0	AwayFromZero	75	0	55
hypot	115	0	Ceiling	75	0	55
hypot	115	0	Floor	75	0	55
hypot	115	0	HalfAwayFromZero	75	0	55
hypot	115	0	HalfToEven	75	0	55
hypot	115	0	HalfTowardZero	75	0	55
hypot	115	0	Trunc	75	0	55
hypot	115	0	ZeroFiveUp	75	0	55
hypot	115	114	AwayFromZero	32	0	98
hypot	115	114	Ceiling	32	0	98
hypot	115	114	Floor	32	0	98
hypot	115	114	HalfAwayFromZero	32	0	98
hypot	115	114	HalfToEven	32	0	98
hypot	115	114	HalfTowardZero	32	0	98
hypot	115	114	Trunc	32	0	98
hypot	115	114	ZeroFiveUp	32	0	98
hypot	115	28	AwayFromZero	105	0	25
hypot	115	28	Ceiling	105	0	25
hypot	115	28	Floor	105	0	25
hypot	115	28	HalfAwayFromZero	105	0	25
hypot	115	28	HalfToEven	105	0	25
hypot	115	28	HalfTowardZero	105	0	25
hypot	115	28	Trunc	105	0	25
hypot	115	28	ZeroFiveUp	105	0	25
hypot	115	50	AwayFromZero	101	0	29
hypot	115	50	Ceiling	101	0	29
hypot	115	50	Floor	101	0	29
hypot	115	50	HalfAwayFromZero	101	0	29
hypot	115	50	HalfToEven	101	0	29
hypot	115	50	HalfTowardZero	101	0	29
hypot	115	50	Trunc	101	0	29
hypot	115	50	ZeroFiveUp	101	0	29
hypot	115	57	AwayFromZero	100	0	30
hypot	115	57	Ceiling	100	0	30
hypot	115	57	Floor	100	0	30
hypot	115	57	HalfAwayFromZero	100	0	30
hypot	115	57	HalfToEven	100	0	30
hypot	115	57	HalfTowardZero	100	0	30
hypot	115	57	Trunc	100	0	30
hypot	115	57	ZeroFiveUp	100	0	30
hypot	115	86	AwayFromZero	85	0	45
hypot	115	86	Ceiling	85	0	45
hypot	115	86	Floor	85	0	45
hypot	115	86	HalfAwayFromZero	85	0	45
hypot	115	86	HalfToEven	85	0	45
hypot	115	86	HalfTowardZero	85	0	45
hypot	115	86	Trunc	85	0	45
hypot	115	86	ZeroFiveUp	85	0	45
hypot	1232	0	AwayFromZero	99	0	31
hypot	1232	0	Ceiling	99	0	31
hypot	1232	0	Floor	99	0	31
hypot	1232	0	HalfAwayFromZero	99	0	31
hypot	1232	0	HalfToEven	99	0	31
hypot	1232	0	HalfTowardZero	99	0	31
hypot	1232	0	Trunc	99	0	31
hypot	1232	0	ZeroFiveUp	99	0	31
hypot	1232	1200	AwayFromZero	87	0	43
hypot	1232	1200	Ceiling	87	0	43
hypot	1232	1200	Floor	87	0	43
hypot	1232	1200	HalfAwayFromZero	87	0	43
hypot	1232	1200	HalfToEven	87	0	43
hypot	1232	1200	HalfTowardZero	87	0	43
hypot	1232	1200	Trunc	87	0	43
hypot	1232	1200	ZeroFiveUp	87	0	43
hypot	1232	1231	AwayFromZero	43	0	87
hypot	1232	1231	Ceiling	43	0	87
hypot	1232	1231	Floor	43	0	87
hypot	1232	1231	HalfAwayFromZero	43	0	87
hypot	1232	1231	HalfToEven	43	0	87
hypot	1232	1231	HalfTowardZero	43	0	87
hypot	1232	1231	Trunc	43	0	87
hypot	1232	1231	ZeroFiveUp	43	0	87
hypot	1232	250	AwayFromZero	129	0	1
hypot	1232	250	Ceiling	129	0	1
hypot	1232	250	Floor	129	0	1
hypot	1232	250	HalfAwayFromZero	129	0	1
hypot	1232	250	HalfToEven	129	0	1
hypot	1232	250	HalfTowardZero	129	0	1
hypot	1232	250	Trunc	129	0	1
hypot	1232	250	ZeroFiveUp	129	0	1
hypot	1232	30	AwayFromZero	129	0	1
hypot	1232	30	Ceiling	129	0	1
hypot	1232	30	Floor	129	0	1
hypot	1232	30	HalfAwayFromZero	129	0	1
hypot	1232	30	HalfToEven	129	0	1
hypot	1232	30	HalfTowardZero	129	0	1
hypot	1232	30	Trunc	129	0	1
hypot	1232	30	ZeroFiveUp	129	0	1
hypot	1232	308	AwayFromZero	129	0	1
hypot	1232	308	Ceiling	129	0	1
hypot	1232	308	Floor	129	0	1
hypot	1232	308	HalfAwayFromZero	129	0	1
hypot	1232	308	HalfToEven	129	0	1
hypot	1232	308	HalfTowardZero	129	0	1
hypot	1232	308	Trunc	129	0	1
hypot	1232	308	ZeroFiveUp	129	0	1
hypot	1232	470	AwayFromZero	127	0	3
hypot	1232	470	Ceiling	127	0	3
hypot	1232	470	Floor	127	0	3
hypot	1232	470	HalfAwayFromZero	127	0	3
hypot	1232	470	HalfToEven	127	0	3
hypot	1232	470	HalfTowardZero	127	0	3
hypot	1232	470	Trunc	127	0	3
hypot	1232	470	ZeroFiveUp	127	0	3
hypot	1232	616	AwayFromZero	126	0	4
hypot	1232	616	Ceiling	126	0	4
hypot	1232	616	Floor	126	0	4
hypot	1232	616	HalfAwayFromZero	126	0	4
hypot	1232	616	HalfToEven	126	0	4
hypot	1232	616	HalfTowardZero	126	0	4
hypot	1232	616	Trunc	126	0	4
hypot	1232	616	ZeroFiveUp	126	0	4
hypot	1232	924	AwayFromZero	120	0	10
hypot	1232	924	Ceiling	120	0	10
hypot	1232	924	Floor	120	0	10
hypot	1232	924	HalfAwayFromZero	120	0	10
hypot	1232	924	HalfToEven	120	0	10
hypot	1232	924	HalfTowardZero	120	0	10
hypot	1232	924	Trunc	120	0	10
hypot	1232	924	ZeroFiveUp	120	0	10
hypot	153	0	AwayFromZero	79	0	51
hypot	153	0	Ceiling	79	0	51
hypot	153	0	Floor	79	0	51
hypot	153	0	HalfAwayFromZero	79	0	51
hypot	153	0	HalfToEven	79	0	51
hypot	153	0	HalfTowardZero	79	0	51
hypot	153	0	Trunc	79	0	51
hypot	153	0	ZeroFiveUp	79	0	51
hypot	153	114	AwayFromZero	95	0	35
hypot	153	114	Ceiling	95	0	35
hypot	153	114	Floor	95	0	35
hypot	153	114	HalfAwayFromZero	95	0	35
hypot	153	114	HalfToEven	95	0	35
hypot	153	114	HalfTowardZero	95	0	35
hypot	153	114	Trunc	95	0	35
hypot	153	114	ZeroFiveUp	95	0	35
hypot	153	152	AwayFromZero	46	0	84
hypot	153	152	Ceiling	46	0	84
hypot	153	152	Floor	46	0	84
hypot	153	152	HalfAwayFromZero	46	0	84
hypot	153	152	HalfToEven	46	0	84
hypot	153	152	HalfTowardZero	46	0	84
hypot	153	152	Trunc	46	0	84
hypot	153	152	ZeroFiveUp	46	0	84
hypot	153	38	AwayFromZero	108	0	22
hypot	153	38	Ceiling	108	0	22
hypot	153	38	Floor	108	0	22
hypot	153	38	HalfAwayFromZero	108	0	22
hypot	153	38	HalfToEven	108	0	22
hypot	153	38	HalfTowardZero	108	0	22
hypot	153	38	Trunc	108	0	22
hypot	153	38	ZeroFiveUp	108	0	22
hypot	153	76	AwayFromZero	104	0	26
hypot	153	76	Ceiling	104	0	26
hypot	153	76	Floor	104	0	26
hypot	153	76	HalfAwayFromZero	104	0	26
hypot	153	76	HalfToEven	104	0	26
hypot	153	76	HalfTowardZero	104	0	26
hypot	153	76	Trunc	104	0	26
hypot	153	76	ZeroFiveUp	104	0	26
hypot	18	0	AwayFromZero	50	0	80
hypot	18	0	Ceiling	50	0	80
hypot	18	0	Floor	50	0	80
hypot	18	0	HalfAwayFromZero	50	0	80
hypot	18	0	HalfToEven	50	0	80
hypot	18	0	HalfTowardZero	50	0	80
hypot	18	0	Trunc	50	0	80
hypot	18	0	ZeroFiveUp	50	0	80
hypot	18	13	AwayFromZero	36	0	94
hypot	18	13	Ceiling	36	0	94
hypot	18	13	Floor	36	0	94
hypot	18	13	HalfAwayFromZero	36	0	94
hypot	18	13	HalfToEven	36	0	94
hypot	18	13	HalfTowardZero	36	0	94
hypot	18	13	Trunc	36	0	94
hypot	18	13	ZeroFiveUp	36	0	94
hypot	18	17	AwayFromZero	30	0	100
hypot	18	17	Ceiling	30	0	100
hypot	18	17	Floor	30	0	100
hypot	18	17	HalfAwayFromZero	30	0	100
hypot	18	17	HalfToEven	30	0	100
hypot	18	17	HalfTowardZero	30	0	100
hypot	18	17	Trunc	30	0	100
hypot	18	17	ZeroFiveUp	30	0	100
hypot	18	3	AwayFromZero	41	0	89
hypot	18	3	Ceiling	41	0	89
hypot	18	3	Floor	41	0	89
hypot	18	3	HalfAwayFromZero	41	0	89
hypot	18	3	HalfToEven	41	0	89
hypot	18	3	HalfTowardZero	41	0	89
hypot	18	3	Trunc	41	0	89
hypot	18	3	ZeroFiveUp	41	0	89
hypot	18	4	AwayFromZero	43	0	87
hypot	18	4	Ceiling	43	0	87
hypot	18	4	Floor	43	0	87
hypot	18	4	HalfAwayFromZero	43	0	87
hypot	18	4	HalfToEven	43	0	87
hypot	18	4	HalfTowardZero	43	0	87
hypot	18	4	Trunc	43	0	87
hypot	18	4	ZeroFiveUp	43	0	87
hypot	18	9	AwayFromZero	40	0	90
hypot	18	9	Ceiling	40	0	90
hypot	18	9	Floor	40	0	90
hypot	18	9	HalfAwayFromZero	40	0	90
hypot	18	9	HalfToEven	40	0	90
hypot	18	9	HalfTowardZero	40	0	90
hypot	18	9	Trunc	40	0	90
hypot	18	9	ZeroFiveUp	40	0	90
hypot	230	0	AwayFromZero	83	0	47
hypot	230	0	Ceiling	83	0	47
hypot	230	0	Floor	83	0	47
hypot	230	0	HalfAwayFromZero	83	0	47
hypot	230	0	HalfToEven	83	0	47
hypot	230	0	HalfTowardZero	83	0	47
hypot	230	0	Trunc	83	0	47
hypot	230	0	ZeroFiveUp	83	0	47
hypot	230	115	AwayFromZero	108	0	22
hypot	230	115	Ceiling	108	0	22
hypot	230	115	Floor	108	0	22
hypot	230	115	HalfAwayFromZero	108	0	22
hypot	230	115	HalfToEven	108	0	22
hypot	230	115	HalfTowardZero	108	0	22
hypot	230	115	Trunc	108	0	22
hypot	230	115	ZeroFiveUp	108	0	22
hypot	230	172	AwayFromZero	101	0	29
hypot	230	172	Ceiling	101	0	29
hypot	230	172	Floor	101	0	29
hypot	230	172	HalfAwayFromZero	101	0	29
hypot	230	172	HalfToEven	101	0	29
hypot	230	172	HalfTowardZero	101	0	29
hypot	230	172	Trunc	101	0	29
hypot	230	172	ZeroFiveUp	101	0	29
hypot	230	229	AwayFromZero	47	0	83
hypot	230	229	Ceiling	47	0	83
hypot	230	229	Floor	47	0	83
hypot	230	229	HalfAwayFromZero	47	0	83
hypot	230	229	HalfToEven	47	0	83
hypot	230	229	HalfTowardZero	47	0	83
hypot	230	229	Trunc	47	0	83
hypot	230	229	ZeroFiveUp	47	0	83
hypot	230	30	AwayFromZero	113	0	17
hypot	230	30	Ceiling	113	0	17
hypot	230	30	Floor	113	0	17
hypot	230	30	HalfAwayFromZero	113	0	17
hypot	230	30	HalfToEven	113	0	17
hypot	230	30	HalfTowardZero	113	0	17
hypot	230	30	Trunc	113	0	17
hypot	230	30	ZeroFiveUp	113	0	17
hypot	230	57	AwayFromZero	113	0	17
hypot	230	57	Ceiling	113	0	17
hypot	230	57	Floor	113	0	17
hypot	230	57	HalfAwayFromZero	113	0	17
hypot	230	57	HalfToEven	113	0	17
hypot	230	57	HalfTowardZero	113	0	17
hypot	230	57	Trunc	113	0	17
hypot	230	57	ZeroFiveUp	113	0	17
hypot	307	0	AwayFromZero	87	0	43
hypot	307	0	Ceiling	87	0	43
hypot	307	0	Floor	87	0	43
hypot	307	0	HalfAwayFromZero	87	0	43
hypot	307	0	HalfToEven	87	0	43
hypot	307	0	HalfTowardZero	87	0	43
hypot	307	0	Trunc	87	0	43
hypot	307	0	ZeroFiveUp	87	0	43
hypot	307	120	AwayFromZero	113	0	17
hypot	307	120	Ceiling	113	0	17
hypot	307	120	Floor	113	0	17
hypot	307	120	HalfAwayFromZero	113	0	17
hypot	307	120	HalfToEven	113	0	17
hypot	307	120	HalfTowardZero	113	0	17
hypot	307	120	Trunc	113	0	17
hypot	307	120	ZeroFiveUp	113	0	17
hypot	307	153	AwayFromZero	112	0	18
hypot	307	153	Ceiling	112	0	18
hypot	307	153	Floor	112	0	18
hypot	307	153	HalfAwayFromZero	112	0	18
hypot	307	153	HalfToEven	112	0	18
hypot	307	153	HalfTowardZero	112	0	18
hypot	307	153	Trunc	112	0	18
hypot	307	153	ZeroFiveUp	112	0	18
hypot	307	230	AwayFromZero	104	0	26
hypot	307	230	Ceiling	104	0	26
hypot	307	230	Floor	104	0	26
hypot	307	230	HalfAwayFromZero	104	0	26
hypot	307	230	HalfToEven	104	0	26
hypot	307	230	HalfTowardZero	104	0	26
hypot	307	230	Trunc	104	0	26
hypot	307	230	ZeroFiveUp	104	0	26
hypot	307	290	AwayFromZero	76	0	54
hypot	307	290	Ceiling	76	0	54
hypot	307	290	Floor	76	0	54
hypot	307	290	HalfAwayFromZero	76	0	54
hypot	307	290	HalfToEven	76	0	54
hypot	307	290	HalfTowardZero	76	0	54
hypot	307	290	Trunc	76	0	54
hypot	307	290	ZeroFiveUp	76	0	54
hypot	307	30	AwayFromZero	117	0	13
hypot	307	30	Ceiling	117	0	13
hypot	307	30	Floor	117	0	13
hypot	307	30	HalfAwayFromZero	117	0	13
hypot	307	30	HalfToEven	117	0	13
hypot	307	30	HalfTowardZero	117	0	13
hypot	307	30	Trunc	117	0	13
hypot	307	30	ZeroFiveUp	117	0	13
hypot	307	306	AwayFromZero	47	0	83
hypot	307	306	Ceiling	47	0	83
hypot	307	306	Floor	47	0	83
hypot	307	306	HalfAwayFromZero	47	0	83
hypot	307	306	HalfToEven	47	0	83
hypot	307	306	HalfTowardZero	47	0	83
hypot	307	306	Trunc	47	0	83
hypot	307	306	ZeroFiveUp	47	0	83
hypot	307	50	AwayFromZero	117	0	13
hypot	307	50	Ceiling	117	0	13
hypot	307	50	Floor	117	0	13
hypot	307	50	HalfAwayFromZero	117	0	13
hypot	307	50	HalfToEven	117	0	13
hypot	307	50	HalfTowardZero	117	0	13
hypot	307	50	Trunc	117	0	13
hypot	307	50	ZeroFiveUp	117	0	13
hypot	307	70	AwayFromZero	117	0	13
hypot	307	70	Ceiling	117	0	13
hypot	307	70	Floor	117	0	13
hypot	307	70	HalfAwayFromZero	117	0	13
hypot	307	70	HalfToEven	117	0	13
hypot	307	70	HalfTowardZero	117	0	13
hypot	307	70	Trunc	117	0	13
hypot	307	70	ZeroFiveUp	117	0	13
hypot	307	76	AwayFromZero	117	0	13
hypot	307	76	Ceiling	117	0	13
hypot	307	76	Floor	117	0	13
hypot	307	76	HalfAwayFromZero	117	0	13
hypot	307	76	HalfToEven	117	0	13
hypot	307	76	HalfTowardZero	117	0	13
hypot	307	76	Trunc	117	0	13
hypot	307	76	ZeroFiveUp	117	0	13
hypot	38	0	AwayFromZero	57	0	73
hypot	38	0	Ceiling	57	0	73
hypot	38	0	Floor	57	0	73
hypot	38	0	HalfAwayFromZero	57	0	73
hypot	38	0	HalfToEven	57	0	73
hypot	38	0	HalfTowardZero	57	0	73
hypot	38	0	Trunc	57	0	73
hypot	38	0	ZeroFiveUp	57	0	73
hypot	38	10	AwayFromZero	59	0	71
hypot	38	10	Ceiling	59	0	71
hypot	38	10	Floor	59	0	71
hypot	38	10	HalfAwayFromZero	59	0	71
hypot	38	10	HalfToEven	59	0	71
hypot	38	10	HalfTowardZero	59	0	71
hypot	38	10	Trunc	59	0	71
hypot	38	10	ZeroFiveUp	59	0	71
hypot	38	12	AwayFromZero	60	0	70
hypot	38	12	Ceiling	60	0	70
hypot	38	12	Floor	60	0	70
hypot	38	12	HalfAwayFromZero	60	0	70
hypot	38	12	HalfToEven	60	0	70
hypot	38	12	HalfTowardZero	60	0	70
hypot	38	12	Trunc	60	0	70
hypot	38	12	ZeroFiveUp	60	0	70
hypot	38	17	AwayFromZero	65	0	65
hypot	38	17	Ceiling	65	0	65
hypot	38	17	Floor	65	0	65
hypot	38	17	HalfAwayFromZero	65	0	65
hypot	38	17	HalfToEven	65	0	65
hypot	38	17	HalfTowardZero	65	0	65
hypot	38	17	Trunc	65	0	65
hypot	38	17	ZeroFiveUp	65	0	65
hypot	38	18	AwayFromZero	66	0	64
hypot	38	18	Ceiling	66	0	64
hypot	38	18	Floor	66	0	64
hypot	38	18	HalfAwayFromZero	66	0	64
hypot	38	18	HalfToEven	66	0	64
hypot	38	18	HalfTowardZero	66	0	64
hypot	38	18	Trunc	66	0	64
hypot	38	18	ZeroFiveUp	66	0	64
hypot	38	19	AwayFromZero	68	0	62
hypot	38	19	Ceiling	68	0	62
hypot	38	19	Floor	68	0	62
hypot	38	19	HalfAwayFromZero	68	0	62
hypot	38	19	HalfToEven	68	0	62
hypot	38	19	HalfTowardZero	68	0	62
hypot	38	19	Trunc	68	0	62
hypot	38	19	ZeroFiveUp	68	0	62
hypot	38	2	AwayFromZero	57	0	73
hypot	38	2	Ceiling	57	0	73
hypot	38	2	Floor	57	0	73
hypot	38	2	HalfAwayFromZero	57	0	73
hypot	38	2	HalfToEven	57	0	73
hypot	38	2	HalfTowardZero	57	0	73
hypot	38	2	Trunc	57	0	73
hypot	38	2	ZeroFiveUp	57	0	73
hypot	38	28	AwayFromZero	63	0	67
hypot	38	28	Ceiling	63	0	67
hypot	38	28	Floor	63	0	67
hypot	38	28	HalfAwayFromZero	63	0	67
hypot	38	28	HalfToEven	63	0	67
hypot	38	28	HalfTowardZero	63	0	67
hypot	38	28	Trunc	63	0	67
hypot	38	28	ZeroFiveUp	63	0	67
hypot	38	37	AwayFromZero	32	0	98
hypot	38	37	Ceiling	32	0	98
hypot	38	37	Floor	32	0	98
hypot	38	37	HalfAwayFromZero	32	0	98
hypot	38	37	HalfToEven	32	0	98
hypot	38	37	HalfTowardZero	32	0	98
hypot	38	37	Trunc	32	0	98
hypot	38	37	ZeroFiveUp	32	0	98
hypot	38	6	AwayFromZero	59	0	71
hypot	38	6	Ceiling	59	0	71
hypot	38	6	Floor	59	0	71
hypot	38	6	HalfAwayFromZero	59	0	71
hypot	38	6	HalfToEven	59	0	71
hypot	38	6	HalfTowardZero	59	0	71
hypot	38	6	Trunc	59	0	71
hypot	38	6	ZeroFiveUp	59	0	71
hypot	38	9	AwayFromZero	61	0	69
hypot	38	9	Ceiling	61	0	69
hypot	38	9	Floor	61	0	69
hypot	38	9	HalfAwayFromZero	61	0	69
hypot	38	9	HalfToEven	61	0	69
hypot	38	9	HalfTowardZero	61	0	69
hypot	38	9	Trunc	61	0	69
hypot	38	9	ZeroFiveUp	61	0	69
hypot	462	0	AwayFromZero	92	0	38
hypot	462	0	Ceiling	92	0	38
hypot	462	0	Floor	92	0	38
hypot	462	0	HalfAwayFromZero	92	0	38
hypot	462	0	HalfToEven	92	0	38
hypot	462	0	HalfTowardZero	92	0	38
hypot	462	0	Trunc	92	0	38
hypot	462	0	ZeroFiveUp	92	0	38
hypot	462	100	AwayFromZero	121	0	9
hypot	462	100	Ceiling	121	0	9
hypot	462	100	Floor	121	0	9
hypot	462	100	HalfAwayFromZero	121	0	9
hypot	462	100	HalfToEven	121	0	9
hypot	462	100	HalfTowardZero	121	0	9
hypot	462	100	Trunc	121	0	9
hypot	462	100	ZeroFiveUp	121	0	9
hypot	462	115	AwayFromZero	121	0	9
hypot	462	115	Ceiling	121	0	9
hypot	462	115	Floor	121	0	9
hypot	462	115	HalfAwayFromZero	121	0	9
hypot	462	115	HalfToEven	121	0	9
hypot	462	115	HalfTowardZero	121	0	9
hypot	462	115	Trunc	121	0	9
hypot	462	115	ZeroFiveUp	121	0	9
hypot	462	180	AwayFromZero	117	0	13
hypot	462	180	Ceiling	117	0	13
hypot	462	180	Floor	117	0	13
hypot	462	180	HalfAwayFromZero	117	0	13
hypot	462	180	HalfToEven	117	0	13
hypot	462	180	HalfTowardZero	117	0	13
hypot	462	180	Trunc	117	0	13
hypot	462	180	ZeroFiveUp	117	0	13
hypot	462	231	AwayFromZero	115	0	15
hypot	462	231	Ceiling	115	0	15
hypot	462	231	Floor	115	0	15
hypot	462	231	HalfAwayFromZero	115	0	15
hypot	462	231	HalfToEven	115	0	15
hypot	462	231	HalfTowardZero	115	0	15
hypot	462	231	Trunc	115	0	15
hypot	462	231	ZeroFiveUp	115	0	15
hypot	462	30	AwayFromZero	121	0	9
hypot	462	30	Ceiling	121	0	9
hypot	462	30	Floor	121	0	9
hypot	462	30	HalfAwayFromZero	121	0	9
hypot	462	30	HalfToEven	121	0	9
hypot	462	30	HalfTowardZero	121	0	9
hypot	462	30	Trunc	121	0	9
hypot	462	30	ZeroFiveUp	121	0	9
hypot	462	346	AwayFromZero	109	0	21
hypot	462	346	Ceiling	109	0	21
hypot	462	346	Floor	109	0	21
hypot	462	346	HalfAwayFromZero	109	0	21
hypot	462	346	HalfToEven	109	0	21
hypot	462	346	HalfTowardZero	109	0	21
hypot	462	346	Trunc	109	0	21
hypot	462	346	ZeroFiveUp	109	0	21
hypot	462	461	AwayFromZero	30	0	100
hypot	462	461	Ceiling	30	0	100
hypot	462	461	Floor	30	0	100
hypot	462	461	HalfAwayFromZero	30	0	100
hypot	462	461	HalfToEven	30	0	100
hypot	462	461	HalfTowardZero	30	0	100
hypot	462	461	Trunc	30	0	100
hypot	462	461	ZeroFiveUp	30	0	100
hypot	57	0	AwayFromZero	66	0	64
hypot	57	0	Ceiling	66	0	64
hypot	57	0	Floor	66	0	64
hypot	57	0	HalfAwayFromZero	66	0	64
hypot	57	0	HalfToEven	66	0	64
hypot	57	0	HalfTowardZero	66	0	64
hypot	57	0	Trunc	66	0	64
hypot	57	0	ZeroFiveUp	66	0	64
hypot	57	14	AwayFromZero	76	0	54
hypot	57	14	Ceiling	76	0	54
hypot	57	14	Floor	76	0	54
hypot	57	14	HalfAwayFromZero	76	0	54
hypot	57	14	HalfToEven	76	0	54
hypot	57	14	HalfTowardZero	76	0	54
hypot	57	14	Trunc	76	0	54
hypot	57	14	ZeroFiveUp	76	0	54
hypot	57	20	AwayFromZero	75	0	55
hypot	57	20	Ceiling	75	0	55
hypot	57	20	Floor	75	0	55
hypot	57	20	HalfAwayFromZero	75	0	55
hypot	57	20	HalfToEven	75	0	55
hypot	57	20	HalfTowardZero	75	0	55
hypot	57	20	Trunc	75	0	55
hypot	57	20	ZeroFiveUp	75	0	55
hypot	57	28	AwayFromZero	86	0	44
hypot	57	28	Ceiling	86	0	44
hypot	57	28	Floor	86	0	44
hypot	57	28	HalfAwayFromZero	86	0	44
hypot	57	28	HalfToEven	86	0	44
hypot	57	28	HalfTowardZero	86	0	44
hypot	57	28	Trunc	86	0	44
hypot	57	28	ZeroFiveUp	86	0	44
hypot	57	30	AwayFromZero	83	0	47
hypot	57	30	Ceiling	83	0	47
hypot	57	30	Floor	83	0	47
hypot	57	30	HalfAwayFromZero	83	0	47
hypot	57	30	HalfToEven	83	0	47
hypot	57	30	HalfTowardZero	83	0	47
hypot	57	30	Trunc	83	0	47
hypot	57	30	ZeroFiveUp	83	0	47
hypot	57	42	AwayFromZero	69	0	61
hypot	57	42	Ceiling	69	0	61
hypot	57	42	Floor	69	0	61
hypot	57	42	HalfAwayFromZero	69	0	61
hypot	57	42	HalfToEven	69	0	61
hypot	57	42	HalfTowardZero	69	0	61
hypot	57	42	Trunc	69	0	61
hypot	57	42	ZeroFiveUp	69	0	61
hypot	57	56	AwayFromZero	38	0	92
hypot	57	56	Ceiling	38	0	92
hypot	57	56	Floor	38	0	92
hypot	57	56	HalfAwayFromZero	38	0	92
hypot	57	56	HalfToEven	38	0	92
hypot	57	56	HalfTowardZero	38	0	92
hypot	57	56	Trunc	38	0	92
hypot	57	56	ZeroFiveUp	38	0	92
hypot	616	0	AwayFromZero	94	0	36
hypot	616	0	Ceiling	94	0	36
hypot	616	0	Floor	94	0	36
hypot	616	0	HalfAwayFromZero	94	0	36
hypot	616	0	HalfToEven	94	0	36
hypot	616	0	HalfTowardZero	94	0	36
hypot	616	0	Trunc	94	0	36
hypot	616	0	ZeroFiveUp	94	0	36
hypot	616	130	AwayFromZero	124	0	6
hypot	616	130	Ceiling	124	0	6
hypot	616	130	Floor	124	0	6
hypot	616	130	HalfAwayFromZero	124	0	6
hypot	616	130	HalfToEven	124	0	6
hypot	616	130	HalfTowardZero	124	0	6
hypot	616	130	Trunc	124	0	6
hypot	616	130	ZeroFiveUp	124	0	6
hypot	616	154	AwayFromZero	123	0	7
hypot	616	154	Ceiling	123	0	7
hypot	616	154	Floor	123	0	7
hypot	616	154	HalfAwayFromZero	123	0	7
hypot	616	154	HalfToEven	123	0	7
hypot	616	154	HalfTowardZero	123	0	7
hypot	616	154	Trunc	123	0	7
hypot	616	154	ZeroFiveUp	123	0	7
hypot	616	240	AwayFromZero	121	0	9
hypot	616	240	Ceiling	121	0	9
hypot	616	240	Floor	121	0	9
hypot	616	240	HalfAwayFromZero	121	0	9
hypot	616	240	HalfToEven	121	0	9
hypot	616	240	HalfTowardZero	121	0	9
hypot	616	240	Trunc	121	0	9
hypot	616	240	ZeroFiveUp	121	0	9
hypot	616	30	AwayFromZero	124	0	6
hypot	616	30	Ceiling	124	0	6
hypot	616	30	Floor	124	0	6
hypot	616	30	HalfAwayFromZero	124	0	6
hypot	616	30	HalfToEven	124	0	6
hypot	616	30	HalfTowardZero	124	0	6
hypot	616	30	Trunc	124	0	6
hypot	616	30	ZeroFiveUp	124	0	6
hypot	616	308	AwayFromZero	119	0	11
hypot	616	308	Ceiling	119	0	11
hypot	616	308	Floor	119	0	11
hypot	616	308	HalfAwayFromZero	119	0	11
hypot	616	308	HalfToEven	119	0	11
hypot	616	308	HalfTowardZero	119	0	11
hypot	616	308	Trunc	119	0	11
hypot	616	308	ZeroFiveUp	119	0	11
hypot	616	462	AwayFromZero	111	0	19
hypot	616	462	Ceiling	111	0	19
hypot	616	462	Floor	111	0	19
hypot	616	462	HalfAwayFromZero	111	0	19
hypot	616	462	HalfToEven	111	0	19
hypot	616	462	HalfTowardZero	111	0	19
hypot	616	462	Trunc	111	0	19
hypot	616	462	ZeroFiveUp	111	0	19
hypot	616	590	AwayFromZero	83	0	47
hypot	616	590	Ceiling	83	0	47
hypot	616	590	Floor	83	0	47
hypot	616	590	HalfAwayFromZero	83	0	47
hypot	616	590	HalfToEven	83	0	47
hypot	616	590	HalfTowardZero	83	0	47
hypot	616	590	Trunc	83	0	47
hypot	616	590	ZeroFiveUp	83	0	47
hypot	616	615	AwayFromZero	32	0	98
hypot	616	615	Ceiling	32	0	98
hypot	616	615	Floor	32	0	98
hypot	616	615	HalfAwayFromZero	32	0	98
hypot	616	615	HalfToEven	32	0	98
hypot	616	615	HalfTowardZero	32	0	98
hypot	616	615	Trunc	32	0	98
hypot	616	615	ZeroFiveUp	32	0	98
hypot	76	0	AwayFromZero	71	0	59
hypot	76	0	Ceiling	71	0	59
hypot	76	0	Floor	71	0	59
hypot	76	0	HalfAwayFromZero	71	0	59
hypot	76	0	HalfToEven	71	0	59
hypot	76	0	HalfTowardZero	71	0	59
hypot	76	0	Trunc	71	0	59
hypot	76	0	ZeroFiveUp	71	0	59
hypot	76	18	AwayFromZero	85	0	45
hypot	76	18	Ceiling	85	0	45
hypot	76	18	Floor	85	0	45
hypot	76	18	HalfAwayFromZero	85	0	45
hypot	76	18	HalfToEven	85	0	45
hypot	76	18	HalfTowardZero	85	0	45
hypot	76	18	Trunc	85	0	45
hypot	76	18	ZeroFiveUp	85	0	45
hypot	76	19	AwayFromZero	87	0	43
hypot	76	19	Ceiling	87	0	43
hypot	76	19	Floor	87	0	43
hypot	76	19	HalfAwayFromZero	87	0	43
hypot	76	19	HalfToEven	87	0	43
hypot	76	19	HalfTowardZero	87	0	43
hypot	76	19	Trunc	87	0	43
hypot	76	19	ZeroFiveUp	87	0	43
hypot	76	38	AwayFromZero	94	0	36
hypot	76	38	Ceiling	94	0	36
hypot	76	38	Floor	94	0	36
hypot	76	38	HalfAwayFromZero	94	0	36
hypot	76	38	HalfToEven	94	0	36
hypot	76	38	HalfTowardZero	94	0	36
hypot	76	38	Trunc	94	0	36
hypot	76	38	ZeroFiveUp	94	0	36
hypot	76	40	AwayFromZero	87	0	43
hypot	76	40	Ceiling	87	0	43
hypot	76	40	Floor	87	0	43
hypot	76	40	HalfAwayFromZero	87	0	43
hypot	76	40	HalfToEven	87	0	43
hypot	76	40	HalfTowardZero	87	0	43
hypot	76	40	Trunc	87	0	43
hypot	76	40	ZeroFiveUp	87	0	43
hypot	76	57	AwayFromZero	82	0	48
hypot	76	57	Ceiling	82	0	48
hypot	76	57	Floor	82	0	48
hypot	76	57	HalfAwayFromZero	82	0	48
hypot	76	57	HalfToEven	82	0	48
hypot	76	57	HalfTowardZero	82	0	48
hypot	76	57	Trunc	82	0	48
hypot	76	57	ZeroFiveUp	82	0	48
hypot	76	75	AwayFromZero	44	0	86
hypot	76	75	Ceiling	44	0	86
hypot	76	75	Floor	44	0	86
hypot	76	75	HalfAwayFromZero	44	0	86
hypot	76	75	HalfToEven	44	0	86
hypot	76	75	HalfTowardZero	44	0	86
hypot	76	75	Trunc	44	0	86
hypot	76	75	ZeroFiveUp	44	0	86
hypot	924	0	AwayFromZero	97	0	33
hypot	924	0	Ceiling	97	0	33
hypot	924	0	Floor	97	0	33
hypot	924	0	HalfAwayFromZero	97	0	33
hypot	924	0	HalfToEven	97	0	33
hypot	924	0	HalfTowardZero	97	0	33
hypot	924	0	Trunc	97	0	33
hypot	924	0	ZeroFiveUp	97	0	33
hypot	924	180	AwayFromZero	127	0	3
hypot	924	180	Ceiling	127	0	3
hypot	924	180	Floor	127	0	3
hypot	924	180	HalfAwayFromZero	127	0	3
hypot	924	180	HalfToEven	127	0	3
hypot	924	180	HalfTowardZero	127	0	3
hypot	924	180	Trunc	127	0	3
hypot	924	180	ZeroFiveUp	127	0	3
hypot	924	231	AwayFromZero	127	0	3
hypot	924	231	Ceiling	127	0	3
hypot	924	231	Floor	127	0	3
hypot	924	231	HalfAwayFromZero	127	0	3
hypot	924	231	HalfToEven	127	0	3
hypot	924	231	HalfTowardZero	127	0	3
hypot	924	231	Trunc	127	0	3
hypot	924	231	ZeroFiveUp	127	0	3
hypot	924	30	AwayFromZero	127	0	3
hypot	924	30	Ceiling	127	0	3
hypot	924	30	Floor	127	0	3
hypot	924	30	HalfAwayFromZero	127	0	3
hypot	924	30	HalfToEven	127	0	3
hypot	924	30	HalfTowardZero	127	0	3
hypot	924	30	Trunc	127	0	3
hypot	924	30	ZeroFiveUp	127	0	3
hypot	924	350	AwayFromZero	124	0	6
hypot	924	350	Ceiling	124	0	6
hypot	924	350	Floor	124	0	6
hypot	924	350	HalfAwayFromZero	124	0	6
hypot	924	350	HalfToEven	124	0	6
hypot	924	350	HalfTowardZero	124	0	6
hypot	924	350	Trunc	124	0	6
hypot	924	350	ZeroFiveUp	124	0	6
hypot	924	462	AwayFromZero	124	0	6
hypot	924	462	Ceiling	124	0	6
hypot	924	462	Floor	124	0	6
hypot	924	462	HalfAwayFromZero	124	0	6
hypot	924	462	HalfToEven	124	0	6
hypot	924	462	HalfTowardZero	124	0	6
hypot	924	462	Trunc	124	0	6
hypot	924	462	ZeroFiveUp	124	0	6
hypot	924	693	AwayFromZero	116	0	14
hypot	924	693	Ceiling	116	0	14
hypot	924	693	Floor	116	0	14
hypot	924	693	HalfAwayFromZero	116	0	14
hypot	924	693	HalfToEven	116	0	14
hypot	924	693	HalfTowardZero	116	0	14
hypot	924	693	Trunc	116	0	14
hypot	924	693	ZeroFiveUp	116	0	14
hypot	924	900	AwayFromZero	82	0	48
hypot	924	900	Ceiling	82	0	48
hypot	924	900	Floor	82	0	48
hypot	924	900	HalfAwayFromZero	82	0	48
hypot	924	900	HalfToEven	82	0	48
hypot	924	900	HalfTowardZero	82	0	48
hypot	924	900	Trunc	82	0	48
hypot	924	900	ZeroFiveUp	82	0	48
hypot	924	923	AwayFromZero	38	0	92
hypot	924	923	Ceiling	38	0	92
hypot	924	923	Floor	38	0	92
hypot	924	923	HalfAwayFromZero	38	0	92
hypot	924	923	HalfToEven	38	0	92
hypot	924	923	HalfTowardZero	38	0	92
hypot	924	923	Trunc	38	0	92
hypot	924	923	ZeroFiveUp	38	0	92
ln	115	0	AwayFromZero	849	0	4228
ln	115	0	Ceiling	849	0	4228
ln	115	0	Floor	849	0	4228
ln	115	0	HalfAwayFromZero	849	0	4228
ln	115	0	HalfToEven	849	0	4228
ln	115	0	HalfTowardZero	849	0	4228
ln	115	0	Trunc	849	0	4228
ln	115	0	ZeroFiveUp	849	0	4228
ln	115	114	AwayFromZero	1661	0	3416
ln	115	114	Ceiling	1661	0	3416
ln	115	114	Floor	1661	0	3416
ln	115	114	HalfAwayFromZero	1661	0	3416
ln	115	114	HalfToEven	1661	0	3416
ln	115	114	HalfTowardZero	1661	0	3416
ln	115	114	Trunc	1661	0	3416
ln	115	114	ZeroFiveUp	1661	0	3416
ln	115	28	AwayFromZero	5029	0	48
ln	115	28	Ceiling	5029	0	48
ln	115	28	Floor	5029	0	48
ln	115	28	HalfAwayFromZero	5029	0	48
ln	115	28	HalfToEven	5029	0	48
ln	115	28	HalfTowardZero	5029	0	48
ln	115	28	Trunc	5029	0	48
ln	115	28	ZeroFiveUp	5029	0	48
ln	115	50	AwayFromZero	5033	0	44
ln	115	50	Ceiling	5033	0	44
ln	115	50	Floor	5033	0	44
ln	115	50	HalfAwayFromZero	5033	0	44
ln	115	50	HalfToEven	5033	0	44
ln	115	50	HalfTowardZero	5033	0	44
ln	115	50	Trunc	5033	0	44
ln	115	50	ZeroFiveUp	5033	0	44
ln	115	57	AwayFromZero	5034	0	43
ln	115	57	Ceiling	5034	0	43
ln	115	57	Floor	5034	0	43
ln	115	57	HalfAwayFromZero	5034	0	43
ln	115	57	HalfToEven	5034	0	43
ln	115	57	HalfTowardZero	5034	0	43
ln	115	57	Trunc	5034	0	43
ln	115	57	ZeroFiveUp	5034	0	43
ln	115	86	AwayFromZero	5038	0	39
ln	115	86	Ceiling	5038	0	39
ln	115	86	Floor	5038	0	39
ln	115	86	HalfAwayFromZero	5038	0	39
ln	115	86	HalfToEven	5038	0	39
ln	115	86	HalfTowardZero	5038	0	39
ln	115	86	Trunc	5038	0	39
ln	115	86	ZeroFiveUp	5038	0	39
ln	1232	0	AwayFromZero	849	0	4228
ln	1232	0	Ceiling	849	0	4228
ln	1232	0	Floor	849	0	4228
ln	1232	0	HalfAwayFromZero	849	0	4228
ln	1232	0	HalfToEven	849	0	4228
ln	1232	0	HalfTowardZero	849	0	4228
ln	1232	0	Trunc	849	0	4228
ln	1232	0	ZeroFiveUp	849	0	4228
ln	1232	1200	AwayFromZero	5077	0	0
ln	1232	1200	Ceiling	5077	0	0
ln	1232	1200	Floor	5077	0	0
ln	1232	1200	HalfAwayFromZero	5077	0	0
ln	1232	1200	HalfToEven	5077	0	0
ln	1232	1200	HalfTowardZero	5077	0	0
ln	1232	1200	Trunc	5077	0	0
ln	1232	1200	ZeroFiveUp	5077	0	0
ln	1232	1231	AwayFromZero	1700	0	3377
ln	1232	1231	Ceiling	1700	0	3377
ln	1232	1231	Floor	1700	0	3377
ln	1232	1231	HalfAwayFromZero	1700	0	3377
ln	1232	1231	HalfToEven	1700	0	3377
ln	1232	1231	HalfTowardZero	1700	0	3377
ln	1232	1231	Trunc	1700	0	3377
ln	1232	1231	ZeroFiveUp	1700	0	3377
ln	1232	250	AwayFromZero	5056	0	21
ln	1232	250	Ceiling	5056	0	21
ln	1232	250	Floor	5056	0	21
ln	1232	250	HalfAwayFromZero	5056	0	21
ln	1232	250	HalfToEven	5056	0	21
ln	1232	250	HalfTowardZero	5056	0	21
ln	1232	250	Trunc	5056	0	21
ln	1232	250	ZeroFiveUp	5056	0	21
ln	1232	30	AwayFromZero	5029	0	48
ln	1232	30	Ceiling	5029	0	48
ln	1232	30	Floor	5029	0	48
ln	1232	30	HalfAwayFromZero	5029	0	48
ln	1232	30	HalfToEven	5029	0	48
ln	1232	30	HalfTowardZero	5029	0	48
ln	1232	30	Trunc	5029	0	48
ln	1232	30	ZeroFiveUp	5029	0	48
ln	1232	308	AwayFromZero	5065	0	12
ln	1232	308	Ceiling	5065	0	12
ln	1232	308	Floor	5065	0	12
ln	1232	308	HalfAwayFromZero	5065	0	12
ln	1232	308	HalfToEven	5065	0	12
ln	1232	308	HalfTowardZero	5065	0	12
ln	1232	308	Trunc	5065	0	12
ln	1232	308	ZeroFiveUp	5065	0	12
ln	1232	470	AwayFromZero	5072	0	5
ln	1232	470	Ceiling	5072	0	5
ln	1232	470	Floor	5072	0	5
ln	1232	470	HalfAwayFromZero	5072	0	5
ln	1232	470	HalfToEven	5072	0	5
ln	1232	470	HalfTowardZero	5072	0	5
ln	1232	470	Trunc	5072	0	5
ln	1232	470	ZeroFiveUp	5072	0	5
ln	1232	616	AwayFromZero	5075	0	2
ln	1232	616	Ceiling	5075	0	2
ln	1232	616	Floor	5075	0	2
ln	1232	616	HalfAwayFromZero	5075	0	2
ln	1232	616	HalfToEven	5075	0	2
ln	1232	616	HalfTowardZero	5075	0	2
ln	1232	616	Trunc	5075	0	2
ln	1232	616	ZeroFiveUp	5075	0	2
ln	1232	924	AwayFromZero	5077	0	0
ln	1232	924	Ceiling	5077	0	0
ln	1232	924	Floor	5077	0	0
ln	1232	924	HalfAwayFromZero	5077	0	0
ln	1232	924	HalfToEven	5077	0	0
ln	1232	924	HalfTowardZero	5077	0	0
ln	1232	924	Trunc	5077	0	0
ln	1232	924	ZeroFiveUp	5077	0	0
ln	153	0	AwayFromZero	849	0	4228
ln	153	0	Ceiling	849	0	4228
ln	153	0	Floor	849	0	4228
ln	153	0	HalfAwayFromZero	849	0	4228
ln	153	0	HalfToEven	849	0	4228
ln	153	0	HalfTowardZero	849	0	4228
ln	153	0	Trunc	849	0	4228
ln	153	0	ZeroFiveUp	849	0	4228
ln	153	114	AwayFromZero	5039	0	38
ln	153	114	Ceiling	5039	0	38
ln	153	114	Floor	5039	0	38
ln	153	114	HalfAwayFromZero	5039	0	38
ln	153	114	HalfToEven	5039	0	38
ln	153	114	HalfTowardZero	5039	0	38
ln	153	114	Trunc	5039	0	38
ln	153	114	ZeroFiveUp	5039	0	38
ln	153	152	AwayFromZero	1667	0	3410
ln	153	152	Ceiling	1667	0	3410
ln	153	152	Floor	1667	0	3410
ln	153	152	HalfAwayFromZero	1667	0	3410
ln	153	152	HalfToEven	1667	0	3410
ln	153	152	HalfTowardZero	1667	0	3410
ln	153	152	Trunc	1667	0	3410
ln	153	152	ZeroFiveUp	1667	0	3410
ln	153	38	AwayFromZero	5032	0	45
ln	153	38	Ceiling	5032	0	45
ln	153	38	Floor	5032	0	45
ln	153	38	HalfAwayFromZero	5032	0	45
ln	153	38	HalfToEven	5032	0	45
ln	153	38	HalfTowardZero	5032	0	45
ln	153	38	Trunc	5032	0	45
ln	153	38	ZeroFiveUp	5032	0	45
ln	153	76	AwayFromZero	5037	0	40
ln	153	76	Ceiling	5037	0	40
ln	153	76	Floor	5037	0	40
ln	153	76	HalfAwayFromZero	5037	0	40
ln	153	76	HalfToEven	5037	0	40
ln	153	76	HalfTowardZero	5037	0	40
ln	153	76	Trunc	5037	0	40
ln	153	76	ZeroFiveUp	5037	0	40
ln	18	0	AwayFromZero	849	0	4228
ln	18	0	Ceiling	849	0	4228
ln	18	0	Floor	849	0	4228
ln	18	0	HalfAwayFromZero	849	0	4228
ln	18	0	HalfToEven	849	0	4228
ln	18	0	HalfTowardZero	849	0	4228
ln	18	0	Trunc	849	0	4228
ln	18	0	ZeroFiveUp	849	0	4228
ln	18	13	AwayFromZero	721	0	4356
ln	18	13	Ceiling	721	0	4356
ln	18	13	Floor	721	0	4356
ln	18	13	HalfAwayFromZero	721	0	4356
ln	18	13	HalfToEven	721	0	4356
ln	18	13	HalfTowardZero	721	0	4356
ln	18	13	Trunc	721	0	4356
ln	18	13	ZeroFiveUp	721	0	4356
ln	18	17	AwayFromZero	366	0	4711
ln	18	17	Ceiling	366	0	4711
ln	18	17	Floor	366	0	4711
ln	18	17	HalfAwayFromZero	366	0	4711
ln	18	17	HalfToEven	366	0	4711
ln	18	17	HalfTowardZero	366	0	4711
ln	18	17	Trunc	366	0	4711
ln	18	17	ZeroFiveUp	366	0	4711
ln	18	3	AwayFromZero	866	0	4211
ln	18	3	Ceiling	866	0	4211
ln	18	3	Floor	866	0	4211
ln	18	3	HalfAwayFromZero	866	0	4211
ln	18	3	HalfToEven	866	0	4211
ln	18	3	HalfTowardZero	866	0	4211
ln	18	3	Trunc	866	0	4211
ln	18	3	ZeroFiveUp	866	0	4211
ln	18	4	AwayFromZero	1028	0	4049
ln	18	4	Ceiling	1028	0	4049
ln	18	4	Floor	1028	0	4049
ln	18	4	HalfAwayFromZero	1028	0	4049
ln	18	4	HalfToEven	1028	0	4049
ln	18	4	HalfTowardZero	1028	0	4049
ln	18	4	Trunc	1028	0	4049
ln	18	4	ZeroFiveUp	1028	0	4049
ln	18	9	AwayFromZero	1367	0	3710
ln	18	9	Ceiling	1367	0	3710
ln	18	9	Floor	1367	0	3710
ln	18	9	HalfAwayFromZero	1367	0	3710
ln	18	9	HalfToEven	1367	0	3710
ln	18	9	HalfTowardZero	1367	0	3710
ln	18	9	Trunc	1367	0	3710
ln	18	9	ZeroFiveUp	1367	0	3710
ln	230	0	AwayFromZero	849	0	4228
ln	230	0	Ceiling	849	0	4228
ln	230	0	Floor	849	0	4228
ln	230	0	HalfAwayFromZero	849	0	4228
ln	230	0	HalfToEven	849	0	4228
ln	230	0	HalfTowardZero	849	0	4228
ln	230	0	Trunc	849	0	4228
ln	230	0	ZeroFiveUp	849	0	4228
ln	230	115	AwayFromZero	5040	0	37
ln	230	115	Ceiling	5040	0	37
ln	230	115	Floor	5040	0	37
ln	230	115	HalfAwayFromZero	5040	0	37
ln	230	115	HalfToEven	5040	0	37
ln	230	115	HalfTowardZero	5040	0	37
ln	230	115	Trunc	5040	0	37
ln	230	115	ZeroFiveUp	5040	0	37
ln	230	172	AwayFromZero	5047	0	30
ln	230	172	Ceiling	5047	0	30
ln	230	172	Floor	5047	0	30
ln	230	172	HalfAwayFromZero	5047	0	30
ln	230	172	HalfToEven	5047	0	30
ln	230	172	HalfTowardZero	5047	0	30
ln	230	172	Trunc	5047	0	30
ln	230	172	ZeroFiveUp	5047	0	30
ln	230	229	AwayFromZero	1676	0	3401
ln	230	229	Ceiling	1676	0	3401
ln	230	229	Floor	1676	0	3401
ln	230	229	HalfAwayFromZero	1676	0	3401
ln	230	229	HalfToEven	1676	0	3401
ln	230	229	HalfTowardZero	1676	0	3401
ln	230	229	Trunc	1676	0	3401
ln	230	229	ZeroFiveUp	1676	0	3401
ln	230	30	AwayFromZero	5029	0	48
ln	230	30	Ceiling	5029	0	48
ln	230	30	Floor	5029	0	48
ln	230	30	HalfAwayFromZero	5029	0	48
ln	230	30	HalfToEven	5029	0	48
ln	230	30	HalfTowardZero	5029	0	48
ln	230	30	Trunc	5029	0	48
ln	230	30	ZeroFiveUp	5029	0	48
ln	230	57	AwayFromZero	5034	0	43
ln	230	57	Ceiling	5034	0	43
ln	230	57	Floor	5034	0	43
ln	230	57	HalfAwayFromZero	5034	0	43
ln	230	57	HalfToEven	5034	0	43
ln	230	57	HalfTowardZero	5034	0	43
ln	230	57	Trunc	5034	0	43
ln	230	57	ZeroFiveUp	5034	0	43
ln	307	0	AwayFromZero	849	0	4228
ln	307	0	Ceiling	849	0	4228
ln	307	0	Floor	849	0	4228
ln	307	0	HalfAwayFromZero	849	0	4228
ln	307	0	HalfToEven	849	0	4228
ln	307	0	HalfTowardZero	849	0	4228
ln	307	0	Trunc	849	0	4228
ln	307	0	ZeroFiveUp	849	0	4228
ln	307	120	AwayFromZero	5042	0	35
ln	307	120	Ceiling	5042	0	35
ln	307	120	Floor	5042	0	35
ln	307	120	HalfAwayFromZero	5042	0	35
ln	307	120	HalfToEven	5042	0	35
ln	307	120	HalfTowardZero	5042	0	35
ln	307	120	Trunc	5042	0	35
ln	307	120	ZeroFiveUp	5042	0	35
ln	307	153	AwayFromZero	5045	0	32
ln	307	153	Ceiling	5045	0	32
ln	307	153	Floor	5045	0	32
ln	307	153	HalfAwayFromZero	5045	0	32
ln	307	153	HalfToEven	5045	0	32
ln	307	153	HalfTowardZero	5045	0	32
ln	307	153	Trunc	5045	0	32
ln	307	153	ZeroFiveUp	5045	0	32
ln	307	230	AwayFromZero	5055	0	22
ln	307	230	Ceiling	5055	0	22
ln	307	230	Floor	5055	0	22
ln	307	230	HalfAwayFromZero	5055	0	22
ln	307	230	HalfToEven	5055	0	22
ln	307	230	HalfTowardZero	5055	0	22
ln	307	230	Trunc	5055	0	22
ln	307	230	ZeroFiveUp	5055	0	22
ln	307	290	AwayFromZero	5060	0	17
ln	307	290	Ceiling	5060	0	17
ln	307	290	Floor	5060	0	17
ln	307	290	HalfAwayFromZero	5060	0	17
ln	307	290	HalfToEven	5060	0	17
ln	307	290	HalfTowardZero	5060	0	17
ln	307	290	Trunc	5060	0	17
ln	307	290	ZeroFiveUp	5060	0	17
ln	307	30	AwayFromZero	5029	0	48
ln	307	30	Ceiling	5029	0	48
ln	307	30	Floor	5029	0	48
ln	307	30	HalfAwayFromZero	5029	0	48
ln	307	30	HalfToEven	5029	0	48
ln	307	30	HalfTowardZero	5029	0	48
ln	307	30	Trunc	5029	0	48
ln	307	30	ZeroFiveUp	5029	0	48
ln	307	306	AwayFromZero	1687	0	3390
ln	307	306	Ceiling	1687	0	3390
ln	307	306	Floor	1687	0	3390
ln	307	306	HalfAwayFromZero	1687	0	3390
ln	307	306	HalfToEven	1687	0	3390
ln	307	306	HalfTowardZero	1687	0	3390
ln	307	306	Trunc	1687	0	3390
ln	307	306	ZeroFiveUp	1687	0	3390
ln	307	50	AwayFromZero	5033	0	44
ln	307	50	Ceiling	5033	0	44
ln	307	50	Floor	5033	0	44
ln	307	50	HalfAwayFromZero	5033	0	44
ln	307	50	HalfToEven	5033	0	44
ln	307	50	HalfTowardZero	5033	0	44
ln	307	50	Trunc	5033	0	44
ln	307	50	ZeroFiveUp	5033	0	44
ln	307	70	AwayFromZero	5036	0	41
ln	307	70	Ceiling	5036	0	41
ln	307	70	Floor	5036	0	41
ln	307	70	HalfAwayFromZero	5036	0	41
ln	307	70	HalfToEven	5036	0	41
ln	307	70	HalfTowardZero	5036	0	41
ln	307	70	Trunc	5036	0	41
ln	307	70	ZeroFiveUp	5036	0	41
ln	307	76	AwayFromZero	5037	0	40
ln	307	76	Ceiling	5037	0	40
ln	307	76	Floor	5037	0	40
ln	307	76	HalfAwayFromZero	5037	0	40
ln	307	76	HalfToEven	5037	0	40
ln	307	76	HalfTowardZero	5037	0	40
ln	307	76	Trunc	5037	0	40
ln	307	76	ZeroFiveUp	5037	0	40
ln	38	0	AwayFromZero	849	0	4228
ln	38	0	Ceiling	849	0	4228
ln	38	0	Floor	849	0	4228
ln	38	0	HalfAwayFromZero	849	0	4228
ln	38	0	HalfToEven	849	0	4228
ln	38	0	HalfTowardZero	849	0	4228
ln	38	0	Trunc	849	0	4228
ln	38	0	ZeroFiveUp	849	0	4228
ln	38	10	AwayFromZero	1369	0	3708
ln	38	10	Ceiling	1369	0	3708
ln	38	10	Floor	1369	0	3708
ln	38	10	HalfAwayFromZero	1369	0	3708
ln	38	10	HalfToEven	1369	0	3708
ln	38	10	HalfTowardZero	1369	0	3708
ln	38	10	Trunc	1369	0	3708
ln	38	10	ZeroFiveUp	1369	0	3708
ln	38	12	AwayFromZero	1390	0	3687
ln	38	12	Ceiling	1390	0	3687
ln	38	12	Floor	1390	0	3687
ln	38	12	HalfAwayFromZero	1390	0	3687
ln	38	12	HalfToEven	1390	0	3687
ln	38	12	HalfTowardZero	1390	0	3687
ln	38	12	Trunc	1390	0	3687
ln	38	12	ZeroFiveUp	1390	0	3687
ln	38	17	AwayFromZero	1794	0	3283
ln	38	17	Ceiling	1794	0	3283
ln	38	17	Floor	1794	0	3283
ln	38	17	HalfAwayFromZero	1794	0	3283
ln	38	17	HalfToEven	1794	0	3283
ln	38	17	HalfTowardZero	1794	0	3283
ln	38	17	Trunc	1794	0	3283
ln	38	17	ZeroFiveUp	1794	0	3283
ln	38	18	AwayFromZero	1838	0	3239
ln	38	18	Ceiling	1838	0	3239
ln	38	18	Floor	1838	0	3239
ln	38	18	HalfAwayFromZero	1838	0	3239
ln	38	18	HalfToEven	1838	0	3239
ln	38	18	HalfTowardZero	1838	0	3239
ln	38	18	Trunc	1838	0	3239
ln	38	18	ZeroFiveUp	1838	0	3239
ln	38	19	AwayFromZero	2178	0	2899
ln	38	19	Ceiling	2178	0	2899
ln	38	19	Floor	2178	0	2899
ln	38	19	HalfAwayFromZero	2178	0	2899
ln	38	19	HalfToEven	2178	0	2899
ln	38	19	HalfTowardZero	2178	0	2899
ln	38	19	Trunc	2178	0	2899
ln	38	19	ZeroFiveUp	2178	0	2899
ln	38	2	AwayFromZero	851	0	4226
ln	38	2	Ceiling	851	0	4226
ln	38	2	Floor	851	0	4226
ln	38	2	HalfAwayFromZero	851	0	4226
ln	38	2	HalfToEven	851	0	4226
ln	38	2	HalfTowardZero	851	0	4226
ln	38	2	Trunc	851	0	4226
ln	38	2	ZeroFiveUp	851	0	4226
ln	38	28	AwayFromZero	5029	0	48
ln	38	28	Ceiling	5029	0	48
ln	38	28	Floor	5029	0	48
ln	38	28	HalfAwayFromZero	5029	0	48
ln	38	28	HalfToEven	5029	0	48
ln	38	28	HalfTowardZero	5029	0	48
ln	38	28	Trunc	5029	0	48
ln	38	28	ZeroFiveUp	5029	0	48
ln	38	37	AwayFromZero	1651	0	3426
ln	38	37	Ceiling	1651	0	3426
ln	38	37	Floor	1651	0	3426
ln	38	37	HalfAwayFromZero	1651	0	3426
ln	38	37	HalfToEven	1651	0	3426
ln	38	37	HalfTowardZero	1651	0	3426
ln	38	37	Trunc	1651	0	3426
ln	38	37	ZeroFiveUp	1651	0	3426
ln	38	6	AwayFromZero	1031	0	4046
ln	38	6	Ceiling	1031	0	4046
ln	38	6	Floor	1031	0	4046
ln	38	6	HalfAwayFromZero	1031	0	4046
ln	38	6	HalfToEven	1031	0	4046
ln	38	6	HalfTowardZero	1031	0	4046
ln	38	6	Trunc	1031	0	4046
ln	38	6	ZeroFiveUp	1031	0	4046
ln	38	9	AwayFromZero	1367	0	3710
ln	38	9	Ceiling	1367	0	3710
ln	38	9	Floor	1367	0	3710
ln	38	9	HalfAwayFromZero	1367	0	3710
ln	38	9	HalfToEven	1367	0	3710
ln	38	9	HalfTowardZero	1367	0	3710
ln	38	9	Trunc	1367	0	3710
ln	38	9	ZeroFiveUp	1367	0	3710
ln	462	0	AwayFromZero	849	0	4228
ln	462	0	Ceiling	849	0	4228
ln	462	0	Floor	849	0	4228
ln	462	0	HalfAwayFromZero	849	0	4228
ln	462	0	HalfToEven	849	0	4228
ln	462	0	HalfTowardZero	849	0	4228
ln	462	0	Trunc	849	0	4228
ln	462	0	ZeroFiveUp	849	0	4228
ln	462	100	AwayFromZero	5038	0	39
ln	462	100	Ceiling	5038	0	39
ln	462	100	Floor	5038	0	39
ln	462	100	HalfAwayFromZero	5038	0	39
ln	462	100	HalfToEven	5038	0	39
ln	462	100	HalfTowardZero	5038	0	39
ln	462	100	Trunc	5038	0	39
ln	462	100	ZeroFiveUp	5038	0	39
ln	462	115	AwayFromZero	5040	0	37
ln	462	115	Ceiling	5040	0	37
ln	462	115	Floor	5040	0	37
ln	462	115	HalfAwayFromZero	5040	0	37
ln	462	115	HalfToEven	5040	0	37
ln	462	115	HalfTowardZero	5040	0	37
ln	462	115	Trunc	5040	0	37
ln	462	115	ZeroFiveUp	5040	0	37
ln	462	180	AwayFromZero	5049	0	28
ln	462	180	Ceiling	5049	0	28
ln	462	180	Floor	5049	0	28
ln	462	180	HalfAwayFromZero	5049	0	28
ln	462	180	HalfToEven	5049	0	28
ln	462	180	HalfTowardZero	5049	0	28
ln	462	180	Trunc	5049	0	28
ln	462	180	ZeroFiveUp	5049	0	28
ln	462	231	AwayFromZero	5056	0	21
ln	462	231	Ceiling	5056	0	21
ln	462	231	Floor	5056	0	21
ln	462	231	HalfAwayFromZero	5056	0	21
ln	462	231	HalfToEven	5056	0	21
ln	462	231	HalfTowardZero	5056	0	21
ln	462	231	Trunc	5056	0	21
ln	462	231	ZeroFiveUp	5056	0	21
ln	462	30	AwayFromZero	5029	0	48
ln	462	30	Ceiling	5029	0	48
ln	462	30	Floor	5029	0	48
ln	462	30	HalfAwayFromZero	5029	0	48
ln	462	30	HalfToEven	5029	0	48
ln	462	30	HalfTowardZero	5029	0	48
ln	462	30	Trunc	5029	0	48
ln	462	30	ZeroFiveUp	5029	0	48
ln	462	346	AwayFromZero	5068	0	9
ln	462	346	Ceiling	5068	0	9
ln	462	346	Floor	5068	0	9
ln	462	346	HalfAwayFromZero	5068	0	9
ln	462	346	HalfToEven	5068	0	9
ln	462	346	HalfTowardZero	5068	0	9
ln	462	346	Trunc	5068	0	9
ln	462	346	ZeroFiveUp	5068	0	9
ln	462	461	AwayFromZero	1693	0	3384
ln	462	461	Ceiling	1693	0	3384
ln	462	461	Floor	1693	0	3384
ln	462	461	HalfAwayFromZero	1693	0	3384
ln	462	461	HalfToEven	1693	0	3384
ln	462	461	HalfTowardZero	1693	0	3384
ln	462	461	Trunc	1693	0	3384
ln	462	461	ZeroFiveUp	1693	0	3384
ln	57	0	AwayFromZero	849	0	4228
ln	57	0	Ceiling	849	0	4228
ln	57	0	Floor	849	0	4228
ln	57	0	HalfAwayFromZero	849	0	4228
ln	57	0	HalfToEven	849	0	4228
ln	57	0	HalfTowardZero	849	0	4228
ln	57	0	Trunc	849	0	4228
ln	57	0	ZeroFiveUp	849	0	4228
ln	57	14	AwayFromZero	1688	0	3389
ln	57	14	Ceiling	1688	0	3389
ln	57	14	Floor	1688	0	3389
ln	57	14	HalfAwayFromZero	1688	0	3389
ln	57	14	HalfToEven	1688	0	3389
ln	57	14	HalfTowardZero	1688	0	3389
ln	57	14	Trunc	1688	0	3389
ln	57	14	ZeroFiveUp	1688	0	3389
ln	57	20	AwayFromZero	3141	0	1936
ln	57	20	Ceiling	3141	0	1936
ln	57	20	Floor	3141	0	1936
ln	57	20	HalfAwayFromZero	3141	0	1936
ln	57	20	HalfToEven	3141	0	1936
ln	57	20	HalfTowardZero	3141	0	1936
ln	57	20	Trunc	3141	0	1936
ln	57	20	ZeroFiveUp	3141	0	1936
ln	57	28	AwayFromZero	5029	0	48
ln	57	28	Ceiling	5029	0	48
ln	57	28	Floor	5029	0	48
ln	57	28	HalfAwayFromZero	5029	0	48
ln	57	28	HalfToEven	5029	0	48
ln	57	28	HalfTowardZero	5029	0	48
ln	57	28	Trunc	5029	0	48
ln	57	28	ZeroFiveUp	5029	0	48
ln	57	30	AwayFromZero	5029	0	48
ln	57	30	Ceiling	5029	0	48
ln	57	30	Floor	5029	0	48
ln	57	30	HalfAwayFromZero	5029	0	48
ln	57	30	HalfToEven	5029	0	48
ln	57	30	HalfTowardZero	5029	0	48
ln	57	30	Trunc	5029	0	48
ln	57	30	ZeroFiveUp	5029	0	48
ln	57	42	AwayFromZero	5033	0	44
ln	57	42	Ceiling	5033	0	44
ln	57	42	Floor	5033	0	44
ln	57	42	HalfAwayFromZero	5033	0	44
ln	57	42	HalfToEven	5033	0	44
ln	57	42	HalfTowardZero	5033	0	44
ln	57	42	Trunc	5033	0	44
ln	57	42	ZeroFiveUp	5033	0	44
ln	57	56	AwayFromZero	1655	0	3422
ln	57	56	Ceiling	1655	0	3422
ln	57	56	Floor	1655	0	3422
ln	57	56	HalfAwayFromZero	1655	0	3422
ln	57	56	HalfToEven	1655	0	3422
ln	57	56	HalfTowardZero	1655	0	3422
ln	57	56	Trunc	1655	0	3422
ln	57	56	ZeroFiveUp	1655	0	3422
ln	616	0	AwayFromZero	849	0	4228
ln	616	0	Ceiling	849	0	4228
ln	616	0	Floor	849	0	4228
ln	616	0	HalfAwayFromZero	849	0	4228
ln	616	0	HalfToEven	849	0	4228
ln	616	0	HalfTowardZero	849	0	4228
ln	616	0	Trunc	849	0	4228
ln	616	0	ZeroFiveUp	849	0	4228
ln	616	130	AwayFromZero	5044	0	33
ln	616	130	Ceiling	5044	0	33
ln	616	130	Floor	5044	0	33
ln	616	130	HalfAwayFromZero	5044	0	33
ln	616	130	HalfToEven	5044	0	33
ln	616	130	HalfTowardZero	5044	0	33
ln	616	130	Trunc	5044	0	33
ln	616	130	ZeroFiveUp	5044	0	33
ln	616	154	AwayFromZero	5046	0	31
ln	616	154	Ceiling	5046	0	31
ln	616	154	Floor	5046	0	31
ln	616	154	HalfAwayFromZero	5046	0	31
ln	616	154	HalfToEven	5046	0	31
ln	616	154	HalfTowardZero	5046	0	31
ln	616	154	Trunc	5046	0	31
ln	616	154	ZeroFiveUp	5046	0	31
ln	616	240	AwayFromZero	5056	0	21
ln	616	240	Ceiling	5056	0	21
ln	616	240	Floor	5056	0	21
ln	616	240	HalfAwayFromZero	5056	0	21
ln	616	240	HalfToEven	5056	0	21
ln	616	240	HalfTowardZero	5056	0	21
ln	616	240	Trunc	5056	0	21
ln	616	240	ZeroFiveUp	5056	0	21
ln	616	30	AwayFromZero	5029	0	48
ln	616	30	Ceiling	5029	0	48
ln	616	30	Floor	5029	0	48
ln	616	30	HalfAwayFromZero	5029	0	48
ln	616	30	HalfToEven	5029	0	48
ln	616	30	HalfTowardZero	5029	0	48
ln	616	30	Trunc	5029	0	48
ln	616	30	ZeroFiveUp	5029	0	48
ln	616	308	AwayFromZero	5065	0	12
ln	616	308	Ceiling	5065	0	12
ln	616	308	Floor	5065	0	12
ln	616	308	HalfAwayFromZero	5065	0	12
ln	616	308	HalfToEven	5065	0	12
ln	616	308	HalfTowardZero	5065	0	12
ln	616	308	Trunc	5065	0	12
ln	616	308	ZeroFiveUp	5065	0	12
ln	616	462	AwayFromZero	5072	0	5
ln	616	462	Ceiling	5072	0	5
ln	616	462	Floor	5072	0	5
ln	616	462	HalfAwayFromZero	5072	0	5
ln	616	462	HalfToEven	5072	0	5
ln	616	462	HalfTowardZero	5072	0	5
ln	616	462	Trunc	5072	0	5
ln	616	462	ZeroFiveUp	5072	0	5
ln	616	590	AwayFromZero	5074	0	3
ln	616	590	Ceiling	5074	0	3
ln	616	590	Floor	5074	0	3
ln	616	590	HalfAwayFromZero	5074	0	3
ln	616	590	HalfToEven	5074	0	3
ln	616	590	HalfTowardZero	5074	0	3
ln	616	590	Trunc	5074	0	3
ln	616	590	ZeroFiveUp	5074	0	3
ln	616	615	AwayFromZero	1696	0	3381
ln	616	615	Ceiling	1696	0	3381
ln	616	615	Floor	1696	0	3381
ln	616	615	HalfAwayFromZero	1696	0	3381
ln	616	615	HalfToEven	1696	0	3381
ln	616	615	HalfTowardZero	1696	0	3381
ln	616	615	Trunc	1696	0	3381
ln	616	615	ZeroFiveUp	1696	0	3381
ln	76	0	AwayFromZero	849	0	4228
ln	76	0	Ceiling	849	0	4228
ln	76	0	Floor	849	0	4228
ln	76	0	HalfAwayFromZero	849	0	4228
ln	76	0	HalfToEven	849	0	4228
ln	76	0	HalfTowardZero	849	0	4228
ln	76	0	Trunc	849	0	4228
ln	76	0	ZeroFiveUp	849	0	4228
ln	76	18	AwayFromZero	1838	0	3239
ln	76	18	Ceiling	1838	0	3239
ln	76	18	Floor	1838	0	3239
ln	76	18	HalfAwayFromZero	1838	0	3239
ln	76	18	HalfToEven	1838	0	3239
ln	76	18	HalfTowardZero	1838	0	3239
ln	76	18	Trunc	1838	0	3239
ln	76	18	ZeroFiveUp	1838	0	3239
ln	76	19	AwayFromZero	2178	0	2899
ln	76	19	Ceiling	2178	0	2899
ln	76	19	Floor	2178	0	2899
ln	76	19	HalfAwayFromZero	2178	0	2899
ln	76	19	HalfToEven	2178	0	2899
ln	76	19	HalfTowardZero	2178	0	2899
ln	76	19	Trunc	2178	0	2899
ln	76	19	ZeroFiveUp	2178	0	2899
ln	76	38	AwayFromZero	5032	0	45
ln	76	38	Ceiling	5032	0	45
ln	76	38	Floor	5032	0	45
ln	76	38	HalfAwayFromZero	5032	0	45
ln	76	38	HalfToEven	5032	0	45
ln	76	38	HalfTowardZero	5032	0	45
ln	76	38	Trunc	5032	0	45
ln	76	38	ZeroFiveUp	5032	0	45
ln	76	40	AwayFromZero	5032	0	45
ln	76	40	Ceiling	5032	0	45
ln	76	40	Floor	5032	0	45
ln	76	40	HalfAwayFromZero	5032	0	45
ln	76	40	HalfToEven	5032	0	45
ln	76	40	HalfTowardZero	5032	0	45
ln	76	40	Trunc	5032	0	45
ln	76	40	ZeroFiveUp	5032	0	45
ln	76	57	AwayFromZero	5034	0	43
ln	76	57	Ceiling	5034	0	43
ln	76	57	Floor	5034	0	43
ln	76	57	HalfAwayFromZero	5034	0	43
ln	76	57	HalfToEven	5034	0	43
ln	76	57	HalfTowardZero	5034	0	43
ln	76	57	Trunc	5034	0	43
ln	76	57	ZeroFiveUp	5034	0	43
ln	76	75	AwayFromZero	1659	0	3418
ln	76	75	Ceiling	1659	0	3418
ln	76	75	Floor	1659	0	3418
ln	76	75	HalfAwayFromZero	1659	0	3418
ln	76	75	HalfToEven	1659	0	3418
ln	76	75	HalfTowardZero	1659	0	3418
ln	76	75	Trunc	1659	0	3418
ln	76	75	ZeroFiveUp	1659	0	3418
ln	924	0	AwayFromZero	849	0	4228
ln	924	0	Ceiling	849	0	4228
ln	924	0	Floor	849	0	4228
ln	924	0	HalfAwayFromZero	849	0	4228
ln	924	0	HalfToEven	849	0	4228
ln	924	0	HalfTowardZero	849	0	4228
ln	924	0	Trunc	849	0	4228
ln	924	0	ZeroFiveUp	849	0	4228
ln	924	180	AwayFromZero	5049	0	28
ln	924	180	Ceiling	5049	0	28
ln	924	180	Floor	5049	0	28
ln	924	180	HalfAwayFromZero	5049	0	28
ln	924	180	HalfToEven	5049	0	28
ln	924	180	HalfTowardZero	5049	0	28
ln	924	180	Trunc	5049	0	28
ln	924	180	ZeroFiveUp	5049	0	28
ln	924	231	AwayFromZero	5056	0	21
ln	924	231	Ceiling	5056	0	21
ln	924	231	Floor	5056	0	21
ln	924	231	HalfAwayFromZero	5056	0	21
ln	924	231	HalfToEven	5056	0	21
ln	924	231	HalfTowardZero	5056	0	21
ln	924	231	Trunc	5056	0	21
ln	924	231	ZeroFiveUp	5056	0	21
ln	924	30	AwayFromZero	5029	0	48
ln	924	30	Ceiling	5029	0	48
ln	924	30	Floor	5029	0	48
ln	924	30	HalfAwayFromZero	5029	0	48
ln	924	30	HalfToEven	5029	0	48
ln	924	30	HalfTowardZero	5029	0	48
ln	924	30	Trunc	5029	0	48
ln	924	30	ZeroFiveUp	5029	0	48
ln	924	350	AwayFromZero	5068	0	9
ln	924	350	Ceiling	5068	0	9
ln	924	350	Floor	5068	0	9
ln	924	350	HalfAwayFromZero	5068	0	9
ln	924	350	HalfToEven	5068	0	9
ln	924	350	HalfTowardZero	5068	0	9
ln	924	350	Trunc	5068	0	9
ln	924	350	ZeroFiveUp	5068	0	9
ln	924	462	AwayFromZero	5072	0	5
ln	924	462	Ceiling	5072	0	5
ln	924	462	Floor	5072	0	5
ln	924	462	HalfAwayFromZero	5072	0	5
ln	924	462	HalfToEven	5072	0	5
ln	924	462	HalfTowardZero	5072	0	5
ln	924	462	Trunc	5072	0	5
ln	924	462	ZeroFiveUp	5072	0	5
ln	924	693	AwayFromZero	5076	0	1
ln	924	693	Ceiling	5076	0	1
ln	924	693	Floor	5076	0	1
ln	924	693	HalfAwayFromZero	5076	0	1
ln	924	693	HalfToEven	5076	0	1
ln	924	693	HalfTowardZero	5076	0	1
ln	924	693	Trunc	5076	0	1
ln	924	693	ZeroFiveUp	5076	0	1
ln	924	900	AwayFromZero	5076	0	1
ln	924	900	Ceiling	5076	0	1
ln	924	900	Floor	5076	0	1
ln	924	900	HalfAwayFromZero	5076	0	1
ln	924	900	HalfToEven	5076	0	1
ln	924	900	HalfTowardZero	5076	0	1
ln	924	900	Trunc	5076	0	1
ln	924	900	ZeroFiveUp	5076	0	1
ln	924	923	AwayFromZero	1698	0	3379
ln	924	923	Ceiling	1698	0	3379
ln	924	923	Floor	1698	0	3379
ln	924	923	HalfAwayFromZero	1698	0	3379
ln	924	923	HalfToEven	1698	0	3379
ln	924	923	HalfTowardZero	1698	0	3379
ln	924	923	Trunc	1698	0	3379
ln	924	923	ZeroFiveUp	1698	0	3379
log	115	0	AwayFromZero	329	0	1317
log	115	0	Ceiling	329	0	1317
log	115	0	Floor	329	0	1317
log	115	0	HalfAwayFromZero	329	0	1317
log	115	0	HalfToEven	329	0	1317
log	115	0	HalfTowardZero	329	0	1317
log	115	0	Trunc	329	0	1317
log	115	0	ZeroFiveUp	329	0	1317
log	115	114	AwayFromZero	547	0	1099
log	115	114	Ceiling	547	0	1099
log	115	114	Floor	547	0	1099
log	115	114	HalfAwayFromZero	547	0	1099
log	115	114	HalfToEven	547	0	1099
log	115	114	HalfTowardZero	547	0	1099
log	115	114	Trunc	547	0	1099
log	115	114	ZeroFiveUp	547	0	1099
log	115	28	AwayFromZero	1567	0	79
log	115	28	Ceiling	1567	0	79
log	115	28	Floor	1567	0	79
log	115	28	HalfAwayFromZero	1567	0	79
log	115	28	HalfToEven	1567	0	79
log	115	28	HalfTowardZero	1567	0	79
log	115	28	Trunc	1567	0	79
log	115	28	ZeroFiveUp	1567	0	79
log	115	50	AwayFromZero	1646	0	0
log	115	50	Ceiling	1646	0	0
log	115	50	Floor	1646	0	0
log	115	50	HalfAwayFromZero	1646	0	0
log	115	50	HalfToEven	1646	0	0
log	115	50	HalfTowardZero	1646	0	0
log	115	50	Trunc	1646	0	0
log	115	50	ZeroFiveUp	1646	0	0
log	115	57	AwayFromZero	1646	0	0
log	115	57	Ceiling	1646	0	0
log	115	57	Floor	1646	0	0
log	115	57	HalfAwayFromZero	1646	0	0
log	115	57	HalfToEven	1646	0	0
log	115	57	HalfTowardZero	1646	0	0
log	115	57	Trunc	1646	0	0
log	115	57	ZeroFiveUp	1646	0	0
log	115	86	AwayFromZero	1645	0	1
log	115	86	Ceiling	1645	0	1
log	115	86	Floor	1645	0	1
log	115	86	HalfAwayFromZero	1645	0	1
log	115	86	HalfToEven	1645	0	1
log	115	86	HalfTowardZero	1645	0	1
log	115	86	Trunc	1645	0	1
log	115	86	ZeroFiveUp	1645	0	1
log	1232	0	AwayFromZero	329	0	1317
log	1232	0	Ceiling	329	0	1317
log	1232	0	Floor	329	0	1317
log	1232	0	HalfAwayFromZero	329	0	1317
log	1232	0	HalfToEven	329	0	1317
log	1232	0	HalfTowardZero	329	0	1317
log	1232	0	Trunc	329	0	1317
log	1232	0	ZeroFiveUp	329	0	1317
log	1232	1200	AwayFromZero	1646	0	0
log	1232	1200	Ceiling	1646	0	0
log	1232	1200	Floor	1646	0	0
log	1232	1200	HalfAwayFromZero	1646	0	0
log	1232	1200	HalfToEven	1646	0	0
log	1232	1200	HalfTowardZero	1646	0	0
log	1232	1200	Trunc	1646	0	0
log	1232	1200	ZeroFiveUp	1646	0	0
log	1232	1231	AwayFromZero	550	0	1096
log	1232	1231	Ceiling	550	0	1096
log	1232	1231	Floor	550	0	1096
log	1232	1231	HalfAwayFromZero	550	0	1096
log	1232	1231	HalfToEven	550	0	1096
log	1232	1231	HalfTowardZero	550	0	1096
log	1232	1231	Trunc	550	0	1096
log	1232	1231	ZeroFiveUp	550	0	1096
log	1232	250	AwayFromZero	1646	0	0
log	1232	250	Ceiling	1646	0	0
log	1232	250	Floor	1646	0	0
log	1232	250	HalfAwayFromZero	1646	0	0
log	1232	250	HalfToEven	1646	0	0
log	1232	250	HalfTowardZero	1646	0	0
log	1232	250	Trunc	1646	0	0
log	1232	250	ZeroFiveUp	1646	0	0
log	1232	30	AwayFromZero	1645	0	1
log	1232	30	Ceiling	1645	0	1
log	1232	30	Floor	1645	0	1
log	1232	30	HalfAwayFromZero	1645	0	1
log	1232	30	HalfToEven	1645	0	1
log	1232	30	HalfTowardZero	1645	0	1
log	1232	30	Trunc	1645	0	1
log	1232	30	ZeroFiveUp	1645	0	1
log	1232	308	AwayFromZero	1646	0	0
log	1232	308	Ceiling	1646	0	0
log	1232	308	Floor	1646	0	0
log	1232	308	HalfAwayFromZero	1646	0	0
log	1232	308	HalfToEven	1646	0	0
log	1232	308	HalfTowardZero	1646	0	0
log	1232	308	Trunc	1646	0	0
log	1232	308	ZeroFiveUp	1646	0	0
log	1232	470	AwayFromZero	1646	0	0
log	1232	470	Ceiling	1646	0	0
log	1232	470	Floor	1646	0	0
log	1232	470	HalfAwayFromZero	1646	0	0
log	1232	470	HalfToEven	1646	0	0
log	1232	470	HalfTowardZero	1646	0	0
log	1232	470	Trunc	1646	0	0
log	1232	470	ZeroFiveUp	1646	0	0
log	1232	616	AwayFromZero	1646	0	0
log	1232	616	Ceiling	1646	0	0
log	1232	616	Floor	1646	0	0
log	1232	616	HalfAwayFromZero	1646	0	0
log	1232	616	HalfToEven	1646	0	0
log	1232	616	HalfTowardZero	1646	0	0
log	1232	616	Trunc	1646	0	0
log	1232	616	ZeroFiveUp	1646	0	0
log	1232	924	AwayFromZero	1646	0	0
log	1232	924	Ceiling	1646	0	0
log	1232	924	Floor	1646	0	0
log	1232	924	HalfAwayFromZero	1646	0	0
log	1232	924	HalfToEven	1646	0	0
log	1232	924	HalfTowardZero	1646	0	0
log	1232	924	Trunc	1646	0	0
log	1232	924	ZeroFiveUp	1646	0	0
log	153	0	AwayFromZero	329	0	1317
log	153	0	Ceiling	329	0	1317
log	153	0	Floor	329	0	1317
log	153	0	HalfAwayFromZero	329	0	1317
log	153	0	HalfToEven	329	0	1317
log	153	0	HalfTowardZero	329	0	1317
log	153	0	Trunc	329	0	1317
log	153	0	ZeroFiveUp	329	0	1317
log	153	114	AwayFromZero	1646	0	0
log	153	114	Ceiling	1646	0	0
log	153	114	Floor	1646	0	0
log	153	114	HalfAwayFromZero	1646	0	0
log	153	114	HalfToEven	1646	0	0
log	153	114	HalfTowardZero	1646	0	0
log	153	114	Trunc	1646	0	0
log	153	114	ZeroFiveUp	1646	0	0
log	153	152	AwayFromZero	551	0	1095
log	153	152	Ceiling	551	0	1095
log	153	152	Floor	551	0	1095
log	153	152	HalfAwayFromZero	551	0	1095
log	153	152	HalfToEven	551	0	1095
log	153	152	HalfTowardZero	551	0	1095
log	153	152	Trunc	551	0	1095
log	153	152	ZeroFiveUp	551	0	1095
log	153	38	AwayFromZero	1646	0	0
log	153	38	Ceiling	1646	0	0
log	153	38	Floor	1646	0	0
log	153	38	HalfAwayFromZero	1646	0	0
log	153	38	HalfToEven	1646	0	0
log	153	38	HalfTowardZero	1646	0	0
log	153	38	Trunc	1646	0	0
log	153	38	ZeroFiveUp	1646	0	0
log	153	76	AwayFromZero	1646	0	0
log	153	76	Ceiling	1646	0	0
log	153	76	Floor	1646	0	0
log	153	76	HalfAwayFromZero	1646	0	0
log	153	76	HalfToEven	1646	0	0
log	153	76	HalfTowardZero	1646	0	0
log	153	76	Trunc	1646	0	0
log	153	76	ZeroFiveUp	1646	0	0
log	18	0	AwayFromZero	317	0	1329
log	18	0	Ceiling	317	0	1329
log	18	0	Floor	317	0	1329
log	18	0	HalfAwayFromZero	317	0	1329
log	18	0	HalfToEven	317	0	1329
log	18	0	HalfTowardZero	317	0	1329
log	18	0	Trunc	317	0	1329
log	18	0	ZeroFiveUp	317	0	1329
log	18	13	AwayFromZero	702	0	944
log	18	13	Ceiling	702	0	944
log	18	13	Floor	702	0	944
log	18	13	HalfAwayFromZero	702	0	944
log	18	13	HalfToEven	702	0	944
log	18	13	HalfTowardZero	702	0	944
log	18	13	Trunc	702	0	944
log	18	13	ZeroFiveUp	702	0	944
log	18	17	AwayFromZero	96	0	1550
log	18	17	Ceiling	96	0	1550
log	18	17	Floor	96	0	1550
log	18	17	HalfAwayFromZero	96	0	1550
log	18	17	HalfToEven	96	0	1550
log	18	17	HalfTowardZero	96	0	1550
log	18	17	Trunc	96	0	1550
log	18	17	ZeroFiveUp	96	0	1550
log	18	3	AwayFromZero	317	0	1329
log	18	3	Ceiling	317	0	1329
log	18	3	Floor	317	0	1329
log	18	3	HalfAwayFromZero	317	0	1329
log	18	3	HalfToEven	317	0	1329
log	18	3	HalfTowardZero	317	0	1329
log	18	3	Trunc	317	0	1329
log	18	3	ZeroFiveUp	317	0	1329
log	18	4	AwayFromZero	417	0	1229
log	18	4	Ceiling	417	0	1229
log	18	4	Floor	417	0	1229
log	18	4	HalfAwayFromZero	417	0	1229
log	18	4	HalfToEven	417	0	1229
log	18	4	HalfTowardZero	417	0	1229
log	18	4	Trunc	417	0	1229
log	18	4	ZeroFiveUp	417	0	1229
log	18	9	AwayFromZero	582	0	1064
log	18	9	Ceiling	582	0	1064
log	18	9	Floor	582	0	1064
log	18	9	HalfAwayFromZero	582	0	1064
log	18	9	HalfToEven	582	0	1064
log	18	9	HalfTowardZero	582	0	1064
log	18	9	Trunc	582	0	1064
log	18	9	ZeroFiveUp	582	0	1064
log	230	0	AwayFromZero	329	0	1317
log	230	0	Ceiling	329	0	1317
log	230	0	Floor	329	0	1317
log	230	0	HalfAwayFromZero	329	0	1317
log	230	0	HalfToEven	329	0	1317
log	230	0	HalfTowardZero	329	0	1317
log	230	0	Trunc	329	0	1317
log	230	0	ZeroFiveUp	329	0	1317
log	230	115	AwayFromZero	1646	0	0
log	230	115	Ceiling	1646	0	0
log	230	115	Floor	1646	0	0
log	230	115	HalfAwayFromZero	1646	0	0
log	230	115	HalfToEven	1646	0	0
log	230	115	HalfTowardZero	1646	0	0
log	230	115	Trunc	1646	0	0
log	230	115	ZeroFiveUp	1646	0	0
log	230	172	AwayFromZero	1646	0	0
log	230	172	Ceiling	1646	0	0
log	230	172	Floor	1646	0	0
log	230	172	HalfAwayFromZero	1646	0	0
log	230	172	HalfToEven	1646	0	0
log	230	172	HalfTowardZero	1646	0	0
log	230	172	Trunc	1646	0	0
log	230	172	ZeroFiveUp	1646	0	0
log	230	229	AwayFromZero	551	0	1095
log	230	229	Ceiling	551	0	1095
log	230	229	Floor	551	0	1095
log	230	229	HalfAwayFromZero	551	0	1095
log	230	229	HalfToEven	551	0	1095
log	230	229	HalfTowardZero	551	0	1095
log	230	229	Trunc	551	0	1095
log	230	229	ZeroFiveUp	551	0	1095
log	230	30	AwayFromZero	1645	0	1
log	230	30	Ceiling	1645	0	1
log	230	30	Floor	1645	0	1
log	230	30	HalfAwayFromZero	1645	0	1
log	230	30	HalfToEven	1645	0	1
log	230	30	HalfTowardZero	1645	0	1
log	230	30	Trunc	1645	0	1
log	230	30	ZeroFiveUp	1645	0	1
log	230	57	AwayFromZero	1646	0	0
log	230	57	Ceiling	1646	0	0
log	230	57	Floor	1646	0	0
log	230	57	HalfAwayFromZero	1646	0	0
log	230	57	HalfToEven	1646	0	0
log	230	57	HalfTowardZero	1646	0	0
log	230	57	Trunc	1646	0	0
log	230	57	ZeroFiveUp	1646	0	0
log	307	0	AwayFromZero	329	0	1317
log	307	0	Ceiling	329	0	1317
log	307	0	Floor	329	0	1317
log	307	0	HalfAwayFromZero	329	0	1317
log	307	0	HalfToEven	329	0	1317
log	307	0	HalfTowardZero	329	0	1317
log	307	0	Trunc	329	0	1317
log	307	0	ZeroFiveUp	329	0	1317
log	307	120	AwayFromZero	1646	0	0
log	307	120	Ceiling	1646	0	0
log	307	120	Floor	1646	0	0
log	307	120	HalfAwayFromZero	1646	0	0
log	307	120	HalfToEven	1646	0	0
log	307	120	HalfTowardZero	1646	0	0
log	307	120	Trunc	1646	0	0
log	307	120	ZeroFiveUp	1646	0	0
log	307	153	AwayFromZero	1646	0	0
log	307	153	Ceiling	1646	0	0
log	307	153	Floor	1646	0	0
log	307	153	HalfAwayFromZero	1646	0	0
log	307	153	HalfToEven	1646	0	0
log	307	153	HalfTowardZero	1646	0	0
log	307	153	Trunc	1646	0	0
log	307	153	ZeroFiveUp	1646	0	0
log	307	230	AwayFromZero	1646	0	0
log	307	230	Ceiling	1646	0	0
log	307	230	Floor	1646	0	0
log	307	230	HalfAwayFromZero	1646	0	0
log	307	230	HalfToEven	1646	0	0
log	307	230	HalfTowardZero	1646	0	0
log	307	230	Trunc	1646	0	0
log	307	230	ZeroFiveUp	1646	0	0
log	307	290	AwayFromZero	1633	0	13
log	307	290	Ceiling	1633	0	13
log	307	290	Floor	1633	0	13
log	307	290	HalfAwayFromZero	1633	0	13
log	307	290	HalfToEven	1633	0	13
log	307	290	HalfTowardZero	1633	0	13
log	307	290	Trunc	1633	0	13
log	307	290	ZeroFiveUp	1633	0	13
log	307	30	AwayFromZero	1645	0	1
log	307	30	Ceiling	1645	0	1
log	307	30	Floor	1645	0	1
log	307	30	HalfAwayFromZero	1645	0	1
log	307	30	HalfToEven	1645	0	1
log	307	30	HalfTowardZero	1645	0	1
log	307	30	Trunc	1645	0	1
log	307	30	ZeroFiveUp	1645	0	1
log	307	306	AwayFromZero	552	0	1094
log	307	306	Ceiling	552	0	1094
log	307	306	Floor	552	0	1094
log	307	306	HalfAwayFromZero	552	0	1094
log	307	306	HalfToEven	552	0	1094
log	307	306	HalfTowardZero	552	0	1094
log	307	306	Trunc	552	0	1094
log	307	306	ZeroFiveUp	552	0	1094
log	307	50	AwayFromZero	1646	0	0
log	307	50	Ceiling	1646	0	0
log	307	50	Floor	1646	0	0
log	307	50	HalfAwayFromZero	1646	0	0
log	307	50	HalfToEven	1646	0	0
log	307	50	HalfTowardZero	1646	0	0
log	307	50	Trunc	1646	0	0
log	307	50	ZeroFiveUp	1646	0	0
log	307	70	AwayFromZero	1646	0	0
log	307	70	Ceiling	1646	0	0
log	307	70	Floor	1646	0	0
log	307	70	HalfAwayFromZero	1646	0	0
log	307	70	HalfToEven	1646	0	0
log	307	70	HalfTowardZero	1646	0	0
log	307	70	Trunc	1646	0	0
log	307	70	ZeroFiveUp	1646	0	0
log	307	76	AwayFromZero	1646	0	0
log	307	76	Ceiling	1646	0	0
log	307	76	Floor	1646	0	0
log	307	76	HalfAwayFromZero	1646	0	0
log	307	76	HalfToEven	1646	0	0
log	307	76	HalfTowardZero	1646	0	0
log	307	76	Trunc	1646	0	0
log	307	76	ZeroFiveUp	1646	0	0
log	38	0	AwayFromZero	329	0	1317
log	38	0	Ceiling	329	0	1317
log	38	0	Floor	329	0	1317
log	38	0	HalfAwayFromZero	329	0	1317
log	38	0	HalfToEven	329	0	1317
log	38	0	HalfTowardZero	329	0	1317
log	38	0	Trunc	329	0	1317
log	38	0	ZeroFiveUp	329	0	1317
log	38	10	AwayFromZero	611	0	1035
log	38	10	Ceiling	611	0	1035
log	38	10	Floor	611	0	1035
log	38	10	HalfAwayFromZero	611	0	1035
log	38	10	HalfToEven	611	0	1035
log	38	10	HalfTowardZero	611	0	1035
log	38	10	Trunc	611	0	1035
log	38	10	ZeroFiveUp	611	0	1035
log	38	12	AwayFromZero	610	0	1036
log	38	12	Ceiling	610	0	1036
log	38	12	Floor	610	0	1036
log	38	12	HalfAwayFromZero	610	0	1036
log	38	12	HalfToEven	610	0	1036
log	38	12	HalfTowardZero	610	0	1036
log	38	12	Trunc	610	0	1036
log	38	12	ZeroFiveUp	610	0	1036
log	38	17	AwayFromZero	858	0	788
log	38	17	Ceiling	858	0	788
log	38	17	Floor	858	0	788
log	38	17	HalfAwayFromZero	858	0	788
log	38	17	HalfToEven	858	0	788
log	38	17	HalfTowardZero	858	0	788
log	38	17	Trunc	858	0	788
log	38	17	ZeroFiveUp	858	0	788
log	38	18	AwayFromZero	857	0	789
log	38	18	Ceiling	857	0	789
log	38	18	Floor	857	0	789
log	38	18	HalfAwayFromZero	857	0	789
log	38	18	HalfToEven	857	0	789
log	38	18	HalfTowardZero	857	0	789
log	38	18	Trunc	857	0	789
log	38	18	ZeroFiveUp	857	0	789
log	38	19	AwayFromZero	944	0	702
log	38	19	Ceiling	944	0	702
log	38	19	Floor	944	0	702
log	38	19	HalfAwayFromZero	944	0	702
log	38	19	HalfToEven	944	0	702
log	38	19	HalfTowardZero	944	0	702
log	38	19	Trunc	944	0	702
log	38	19	ZeroFiveUp	944	0	702
log	38	2	AwayFromZero	331	0	1315
log	38	2	Ceiling	331	0	1315
log	38	2	Floor	331	0	1315
log	38	2	HalfAwayFromZero	331	0	1315
log	38	2	HalfToEven	331	0	1315
log	38	2	HalfTowardZero	331	0	1315
log	38	2	Trunc	331	0	1315
log	38	2	ZeroFiveUp	331	0	1315
log	38	28	AwayFromZero	1538	0	108
log	38	28	Ceiling	1538	0	108
log	38	28	Floor	1538	0	108
log	38	28	HalfAwayFromZero	1538	0	108
log	38	28	HalfToEven	1538	0	108
log	38	28	HalfTowardZero	1538	0	108
log	38	28	Trunc	1538	0	108
log	38	28	ZeroFiveUp	1538	0	108
log	38	37	AwayFromZero	547	0	1099
log	38	37	Ceiling	547	0	1099
log	38	37	Floor	547	0	1099
log	38	37	HalfAwayFromZero	547	0	1099
log	38	37	HalfToEven	547	0	1099
log	38	37	HalfTowardZero	547	0	1099
log	38	37	Trunc	547	0	1099
log	38	37	ZeroFiveUp	547	0	1099
log	38	6	AwayFromZero	435	0	1211
log	38	6	Ceiling	435	0	1211
log	38	6	Floor	435	0	1211
log	38	6	HalfAwayFromZero	435	0	1211
log	38	6	HalfToEven	435	0	1211
log	38	6	HalfTowardZero	435	0	1211
log	38	6	Trunc	435	0	1211
log	38	6	ZeroFiveUp	435	0	1211
log	38	9	AwayFromZero	612	0	1034
log	38	9	Ceiling	612	0	1034
log	38	9	Floor	612	0	1034
log	38	9	HalfAwayFromZero	612	0	1034
log	38	9	HalfToEven	612	0	1034
log	38	9	HalfTowardZero	612	0	1034
log	38	9	Trunc	612	0	1034
log	38	9	ZeroFiveUp	612	0	1034
log	462	0	AwayFromZero	329	0	1317
log	462	0	Ceiling	329	0	1317
log	462	0	Floor	329	0	1317
log	462	0	HalfAwayFromZero	329	0	1317
log	462	0	HalfToEven	329	0	1317
log	462	0	HalfTowardZero	329	0	1317
log	462	0	Trunc	329	0	1317
log	462	0	ZeroFiveUp	329	0	1317
log	462	100	AwayFromZero	1646	0	0
log	462	100	Ceiling	1646	0	0
log	462	100	Floor	1646	0	0
log	462	100	HalfAwayFromZero	1646	0	0
log	462	100	HalfToEven	1646	0	0
log	462	100	HalfTowardZero	1646	0	0
log	462	100	Trunc	1646	0	0
log	462	100	ZeroFiveUp	1646	0	0
log	462	115	AwayFromZero	1646	0	0
log	462	115	Ceiling	1646	0	0
log	462	115	Floor	1646	0	0
log	462	115	HalfAwayFromZero	1646	0	0
log	462	115	HalfToEven	1646	0	0
log	462	115	HalfTowardZero	1646	0	0
log	462	115	Trunc	1646	0	0
log	462	115	ZeroFiveUp	1646	0	0
log	462	180	AwayFromZero	1646	0	0
log	462	180	Ceiling	1646	0	0
log	462	180	Floor	1646	0	0
log	462	180	HalfAwayFromZero	1646	0	0
log	462	180	HalfToEven	1646	0	0
log	462	180	HalfTowardZero	1646	0	0
log	462	180	Trunc	1646	0	0
log	462	180	ZeroFiveUp	1646	0	0
log	462	231	AwayFromZero	1646	0	0
log	462	231	Ceiling	1646	0	0
log	462	231	Floor	1646	0	0
log	462	231	HalfAwayFromZero	1646	0	0
log	462	231	HalfToEven	1646	0	0
log	462	231	HalfTowardZero	1646	0	0
log	462	231	Trunc	1646	0	0
log	462	231	ZeroFiveUp	1646	0	0
log	462	30	AwayFromZero	1645	0	1
log	462	30	Ceiling	1645	0	1
log	462	30	Floor	1645	0	1
log	462	30	HalfAwayFromZero	1645	0	1
log	462	30	HalfToEven	1645	0	1
log	462	30	HalfTowardZero	1645	0	1
log	462	30	Trunc	1645	0	1
log	462	30	ZeroFiveUp	1645	0	1
log	462	346	AwayFromZero	1646	0	0
log	462	346	Ceiling	1646	0	0
log	462	346	Floor	1646	0	0
log	462	346	HalfAwayFromZero	1646	0	0
log	462	346	HalfToEven	1646	0	0
log	462	346	HalfTowardZero	1646	0	0
log	462	346	Trunc	1646	0	0
log	462	346	ZeroFiveUp	1646	0	0
log	462	461	AwayFromZero	545	0	1101
log	462	461	Ceiling	545	0	1101
log	462	461	Floor	545	0	1101
log	462	461	HalfAwayFromZero	545	0	1101
log	462	461	HalfToEven	545	0	1101
log	462	461	HalfTowardZero	545	0	1101
log	462	461	Trunc	545	0	1101
log	462	461	ZeroFiveUp	545	0	1101
log	57	0	AwayFromZero	329	0	1317
log	57	0	Ceiling	329	0	1317
log	57	0	Floor	329	0	1317
log	57	0	HalfAwayFromZero	329	0	1317
log	57	0	HalfToEven	329	0	1317
log	57	0	HalfTowardZero	329	0	1317
log	57	0	Trunc	329	0	1317
log	57	0	ZeroFiveUp	329	0	1317
log	57	14	AwayFromZero	794	0	852
log	57	14	Ceiling	794	0	852
log	57	14	Floor	794	0	852
log	57	14	HalfAwayFromZero	794	0	852
log	57	14	HalfToEven	794	0	852
log	57	14	HalfTowardZero	794	0	852
log	57	14	Trunc	794	0	852
log	57	14	ZeroFiveUp	794	0	852
log	57	20	AwayFromZero	955	0	691
log	57	20	Ceiling	955	0	691
log	57	20	Floor	955	0	691
log	57	20	HalfAwayFromZero	955	0	691
log	57	20	HalfToEven	955	0	691
log	57	20	HalfTowardZero	955	0	691
log	57	20	Trunc	955	0	691
log	57	20	ZeroFiveUp	955	0	691
log	57	28	AwayFromZero	1566	0	80
log	57	28	Ceiling	1566	0	80
log	57	28	Floor	1566	0	80
log	57	28	HalfAwayFromZero	1566	0	80
log	57	28	HalfToEven	1566	0	80
log	57	28	HalfTowardZero	1566	0	80
log	57	28	Trunc	1566	0	80
log	57	28	ZeroFiveUp	1566	0	80
log	57	30	AwayFromZero	1642	0	4
log	57	30	Ceiling	1642	0	4
log	57	30	Floor	1642	0	4
log	57	30	HalfAwayFromZero	1642	0	4
log	57	30	HalfToEven	1642	0	4
log	57	30	HalfTowardZero	1642	0	4
log	57	30	Trunc	1642	0	4
log	57	30	ZeroFiveUp	1642	0	4
log	57	42	AwayFromZero	1631	0	15
log	57	42	Ceiling	1631	0	15
log	57	42	Floor	1631	0	15
log	57	42	HalfAwayFromZero	1631	0	15
log	57	42	HalfToEven	1631	0	15
log	57	42	HalfTowardZero	1631	0	15
log	57	42	Trunc	1631	0	15
log	57	42	ZeroFiveUp	1631	0	15
log	57	56	AwayFromZero	548	0	1098
log	57	56	Ceiling	548	0	1098
log	57	56	Floor	548	0	1098
log	57	56	HalfAwayFromZero	548	0	1098
log	57	56	HalfToEven	548	0	1098
log	57	56	HalfTowardZero	548	0	1098
log	57	56	Trunc	548	0	1098
log	57	56	ZeroFiveUp	548	0	1098
log	616	0	AwayFromZero	329	0	1317
log	616	0	Ceiling	329	0	1317
log	616	0	Floor	329	0	1317
log	616	0	HalfAwayFromZero	329	0	1317
log	616	0	HalfToEven	329	0	1317
log	616	0	HalfTowardZero	329	0	1317
log	616	0	Trunc	329	0	1317
log	616	0	ZeroFiveUp	329	0	1317
log	616	130	AwayFromZero	1646	0	0
log	616	130	Ceiling	1646	0	0
log	616	130	Floor	1646	0	0
log	616	130	HalfAwayFromZero	1646	0	0
log	616	130	HalfToEven	1646	0	0
log	616	130	HalfTowardZero	1646	0	0
log	616	130	Trunc	1646	0	0
log	616	130	ZeroFiveUp	1646	0	0
log	616	154	AwayFromZero	1646	0	0
log	616	154	Ceiling	1646	0	0
log	616	154	Floor	1646	0	0
log	616	154	HalfAwayFromZero	1646	0	0
log	616	154	HalfToEven	1646	0	0
log	616	154	HalfTowardZero	1646	0	0
log	616	154	Trunc	1646	0	0
log	616	154	ZeroFiveUp	1646	0	0
log	616	240	AwayFromZero	1646	0	0
log	616	240	Ceiling	1646	0	0
log	616	240	Floor	1646	0	0
log	616	240	HalfAwayFromZero	1646	0	0
log	616	240	HalfToEven	1646	0	0
log	616	240	HalfTowardZero	1646	0	0
log	616	240	Trunc	1646	0	0
log	616	240	ZeroFiveUp	1646	0	0
log	616	30	AwayFromZero	1645	0	1
log	616	30	Ceiling	1645	0	1
log	616	30	Floor	1645	0	1
log	616	30	HalfAwayFromZero	1645	0	1
log	616	30	HalfToEven	1645	0	1
log	616	30	HalfTowardZero	1645	0	1
log	616	30	Trunc	1645	0	1
log	616	30	ZeroFiveUp	1645	0	1
log	616	308	AwayFromZero	1646	0	0
log	616	308	Ceiling	1646	0	0
log	616	308	Floor	1646	0	0
log	616	308	HalfAwayFromZero	1646	0	0
log	616	308	HalfToEven	1646	0	0
log	616	308	HalfTowardZero	1646	0	0
log	616	308	Trunc	1646	0	0
log	616	308	ZeroFiveUp	1646	0	0
log	616	462	AwayFromZero	1646	0	0
log	616	462	Ceiling	1646	0	0
log	616	462	Floor	1646	0	0
log	616	462	HalfAwayFromZero	1646	0	0
log	616	462	HalfToEven	1646	0	0
log	616	462	HalfTowardZero	1646	0	0
log	616	462	Trunc	1646	0	0
log	616	462	ZeroFiveUp	1646	0	0
log	616	590	AwayFromZero	1642	0	4
log	616	590	Ceiling	1642	0	4
log	616	590	Floor	1642	0	4
log	616	590	HalfAwayFromZero	1642	0	4
log	616	590	HalfToEven	1642	0	4
log	616	590	HalfTowardZero	1642	0	4
log	616	590	Trunc	1642	0	4
log	616	590	ZeroFiveUp	1642	0	4
log	616	615	AwayFromZero	547	0	1099
log	616	615	Ceiling	547	0	1099
log	616	615	Floor	547	0	1099
log	616	615	HalfAwayFromZero	547	0	1099
log	616	615	HalfToEven	547	0	1099
log	616	615	HalfTowardZero	547	0	1099
log	616	615	Trunc	547	0	1099
log	616	615	ZeroFiveUp	547	0	1099
log	76	0	AwayFromZero	329	0	1317
log	76	0	Ceiling	329	0	1317
log	76	0	Floor	329	0	1317
log	76	0	HalfAwayFromZero	329	0	1317
log	76	0	HalfToEven	329	0	1317
log	76	0	HalfTowardZero	329	0	1317
log	76	0	Trunc	329	0	1317
log	76	0	ZeroFiveUp	329	0	1317
log	76	18	AwayFromZero	867	0	779
log	76	18	Ceiling	867	0	779
log	76	18	Floor	867	0	779
log	76	18	HalfAwayFromZero	867	0	779
log	76	18	HalfToEven	867	0	779
log	76	18	HalfTowardZero	867	0	779
log	76	18	Trunc	867	0	779
log	76	18	ZeroFiveUp	867	0	779
log	76	19	AwayFromZero	955	0	691
log	76	19	Ceiling	955	0	691
log	76	19	Floor	955	0	691
log	76	19	HalfAwayFromZero	955	0	691
log	76	19	HalfToEven	955	0	691
log	76	19	HalfTowardZero	955	0	691
log	76	19	Trunc	955	0	691
log	76	19	ZeroFiveUp	955	0	691
log	76	38	AwayFromZero	1646	0	0
log	76	38	Ceiling	1646	0	0
log	76	38	Floor	1646	0	0
log	76	38	HalfAwayFromZero	1646	0	0
log	76	38	HalfToEven	1646	0	0
log	76	38	HalfTowardZero	1646	0	0
log	76	38	Trunc	1646	0	0
log	76	38	ZeroFiveUp	1646	0	0
log	76	40	AwayFromZero	1646	0	0
log	76	40	Ceiling	1646	0	0
log	76	40	Floor	1646	0	0
log	76	40	HalfAwayFromZero	1646	0	0
log	76	40	HalfToEven	1646	0	0
log	76	40	HalfTowardZero	1646	0	0
log	76	40	Trunc	1646	0	0
log	76	40	ZeroFiveUp	1646	0	0
log	76	57	AwayFromZero	1635	0	11
log	76	57	Ceiling	1635	0	11
log	76	57	Floor	1635	0	11
log	76	57	HalfAwayFromZero	1635	0	11
log	76	57	HalfToEven	1635	0	11
log	76	57	HalfTowardZero	1635	0	11
log	76	57	Trunc	1635	0	11
log	76	57	ZeroFiveUp	1635	0	11
log	76	75	AwayFromZero	550	0	1096
log	76	75	Ceiling	550	0	1096
log	76	75	Floor	550	0	1096
log	76	75	HalfAwayFromZero	550	0	1096
log	76	75	HalfToEven	550	0	1096
log	76	75	HalfTowardZero	550	0	1096
log	76	75	Trunc	550	0	1096
log	76	75	ZeroFiveUp	550	0	1096
log	924	0	AwayFromZero	329	0	1317
log	924	0	Ceiling	329	0	1317
log	924	0	Floor	329	0	1317
log	924	0	HalfAwayFromZero	329	0	1317
log	924	0	HalfToEven	329	0	1317
log	924	0	HalfTowardZero	329	0	1317
log	924	0	Trunc	329	0	1317
log	924	0	ZeroFiveUp	329	0	1317
log	924	180	AwayFromZero	1646	0	0
log	924	180	Ceiling	1646	0	0
log	924	180	Floor	1646	0	0
log	924	180	HalfAwayFromZero	1646	0	0
log	924	180	HalfToEven	1646	0	0
log	924	180	HalfTowardZero	1646	0	0
log	924	180	Trunc	1646	0	0
log	924	180	ZeroFiveUp	1646	0	0
log	924	231	AwayFromZero	1646	0	0
log	924	231	Ceiling	1646	0	0
log	924	231	Floor	1646	0	0
log	924	231	HalfAwayFromZero	1646	0	0
log	924	231	HalfToEven	1646	0	0
log	924	231	HalfTowardZero	1646	0	0
log	924	231	Trunc	1646	0	0
log	924	231	ZeroFiveUp	1646	0	0
log	924	30	AwayFromZero	1645	0	1
log	924	30	Ceiling	1645	0	1
log	924	30	Floor	1645	0	1
log	924	30	HalfAwayFromZero	1645	0	1
log	924	30	HalfToEven	1645	0	1
log	924	30	HalfTowardZero	1645	0	1
log	924	30	Trunc	1645	0	1
log	924	30	ZeroFiveUp	1645	0	1
log	924	350	AwayFromZero	1646	0	0
log	924	350	Ceiling	1646	0	0
log	924	350	Floor	1646	0	0
log	924	350	HalfAwayFromZero	1646	0	0
log	924	350	HalfToEven	1646	0	0
log	924	350	HalfTowardZero	1646	0	0
log	924	350	Trunc	1646	0	0
log	924	350	ZeroFiveUp	1646	0	0
log	924	462	AwayFromZero	1646	0	0
log	924	462	Ceiling	1646	0	0
log	924	462	Floor	1646	0	0
log	924	462	HalfAwayFromZero	1646	0	0
log	924	462	HalfToEven	1646	0	0
log	924	462	HalfTowardZero	1646	0	0
log	924	462	Trunc	1646	0	0
log	924	462	ZeroFiveUp	1646	0	0
log	924	693	AwayFromZero	1646	0	0
log	924	693	Ceiling	1646	0	0
log	924	693	Floor	1646	0	0
log	924	693	HalfAwayFromZero	1646	0	0
log	924	693	HalfToEven	1646	0	0
log	924	693	HalfTowardZero	1646	0	0
log	924	693	Trunc	1646	0	0
log	924	693	ZeroFiveUp	1646	0	0
log	924	900	AwayFromZero	1640	0	6
log	924	900	Ceiling	1640	0	6
log	924	900	Floor	1640	0	6
log	924	900	HalfAwayFromZero	1640	0	6
log	924	900	HalfToEven	1640	0	6
log	924	900	HalfTowardZero	1640	0	6
log	924	900	Trunc	1640	0	6
log	924	900	ZeroFiveUp	1640	0	6
log	924	923	AwayFromZero	548	0	1098
log	924	923	Ceiling	548	0	1098
log	924	923	Floor	548	0	1098
log	924	923	HalfAwayFromZero	548	0	1098
log	924	923	HalfToEven	548	0	1098
log	924	923	HalfTowardZero	548	0	1098
log	924	923	Trunc	548	0	1098
log	924	923	ZeroFiveUp	548	0	1098
log10	115	0	AwayFromZero	899	0	4365
log10	115	0	Ceiling	899	0	4365
log10	115	0	Floor	899	0	4365
log10	115	0	HalfAwayFromZero	899	0	4365
log10	115	0	HalfToEven	899	0	4365
log10	115	0	HalfTowardZero	899	0	4365
log10	115	0	Trunc	899	0	4365
log10	115	0	ZeroFiveUp	899	0	4365
log10	115	114	AwayFromZero	1803	0	3461
log10	115	114	Ceiling	1803	0	3461
log10	115	114	Floor	1803	0	3461
log10	115	114	HalfAwayFromZero	1803	0	3461
log10	115	114	HalfToEven	1803	0	3461
log10	115	114	HalfTowardZero	1803	0	3461
log10	115	114	Trunc	1803	0	3461
log10	115	114	ZeroFiveUp	1803	0	3461
log10	115	28	AwayFromZero	5223	0	41
log10	115	28	Ceiling	5223	0	41
log10	115	28	Floor	5223	0	41
log10	115	28	HalfAwayFromZero	5223	0	41
log10	115	28	HalfToEven	5223	0	41
log10	115	28	HalfTowardZero	5223	0	41
log10	115	28	Trunc	5223	0	41
log10	115	28	ZeroFiveUp	5223	0	41
log10	115	50	AwayFromZero	5221	0	43
log10	115	50	Ceiling	5221	0	43
log10	115	50	Floor	5221	0	43
log10	115	50	HalfAwayFromZero	5221	0	43
log10	115	50	HalfToEven	5221	0	43
log10	115	50	HalfTowardZero	5221	0	43
log10	115	50	Trunc	5221	0	43
log10	115	50	ZeroFiveUp	5221	0	43
log10	115	57	AwayFromZero	5222	0	42
log10	115	57	Ceiling	5222	0	42
log10	115	57	Floor	5222	0	42
log10	115	57	HalfAwayFromZero	5222	0	42
log10	115	57	HalfToEven	5222	0	42
log10	115	57	HalfTowardZero	5222	0	42
log10	115	57	Trunc	5222	0	42
log10	115	57	ZeroFiveUp	5222	0	42
log10	115	86	AwayFromZero	5210	0	54
log10	115	86	Ceiling	5210	0	54
log10	115	86	Floor	5210	0	54
log10	115	86	HalfAwayFromZero	5210	0	54
log10	115	86	HalfToEven	5210	0	54
log10	115	86	HalfTowardZero	5210	0	54
log10	115	86	Trunc	5210	0	54
log10	115	86	ZeroFiveUp	5210	0	54
log10	1232	0	AwayFromZero	919	0	4345
log10	1232	0	Ceiling	919	0	4345
log10	1232	0	Floor	919	0	4345
log10	1232	0	HalfAwayFromZero	919	0	4345
log10	1232	0	HalfToEven	919	0	4345
log10	1232	0	HalfTowardZero	919	0	4345
log10	1232	0	Trunc	919	0	4345
log10	1232	0	ZeroFiveUp	919	0	4345
log10	1232	1200	AwayFromZero	5226	0	38
log10	1232	1200	Ceiling	5226	0	38
log10	1232	1200	Floor	5226	0	38
log10	1232	1200	HalfAwayFromZero	5226	0	38
log10	1232	1200	HalfToEven	5226	0	38
log10	1232	1200	HalfTowardZero	5226	0	38
log10	1232	1200	Trunc	5226	0	38
log10	1232	1200	ZeroFiveUp	5226	0	38
log10	1232	1231	AwayFromZero	1815	0	3449
log10	1232	1231	Ceiling	1815	0	3449
log10	1232	1231	Floor	1815	0	3449
log10	1232	1231	HalfAwayFromZero	1815	0	3449
log10	1232	1231	HalfToEven	1815	0	3449
log10	1232	1231	HalfTowardZero	1815	0	3449
log10	1232	1231	Trunc	1815	0	3449
log10	1232	1231	ZeroFiveUp	1815	0	3449
log10	1232	250	AwayFromZero	5256	0	8
log10	1232	250	Ceiling	5256	0	8
log10	1232	250	Floor	5256	0	8
log10	1232	250	HalfAwayFromZero	5256	0	8
log10	1232	250	HalfToEven	5256	0	8
log10	1232	250	HalfTowardZero	5256	0	8
log10	1232	250	Trunc	5256	0	8
log10	1232	250	ZeroFiveUp	5256	0	8
log10	1232	30	AwayFromZero	5244	0	20
log10	1232	30	Ceiling	5244	0	20
log10	1232	30	Floor	5244	0	20
log10	1232	30	HalfAwayFromZero	5244	0	20
log10	1232	30	HalfToEven	5244	0	20
log10	1232	30	HalfTowardZero	5244	0	20
log10	1232	30	Trunc	5244	0	20
log10	1232	30	ZeroFiveUp	5244	0	20
log10	1232	308	AwayFromZero	5257	0	7
log10	1232	308	Ceiling	5257	0	7
log10	1232	308	Floor	5257	0	7
log10	1232	308	HalfAwayFromZero	5257	0	7
log10	1232	308	HalfToEven	5257	0	7
log10	1232	308	HalfTowardZero	5257	0	7
log10	1232	308	Trunc	5257	0	7
log10	1232	308	ZeroFiveUp	5257	0	7
log10	1232	470	AwayFromZero	5257	0	7
log10	1232	470	Ceiling	5257	0	7
log10	1232	470	Floor	5257	0	7
log10	1232	470	HalfAwayFromZero	5257	0	7
log10	1232	470	HalfToEven	5257	0	7
log10	1232	470	HalfTowardZero	5257	0	7
log10	1232	470	Trunc	5257	0	7
log10	1232	470	ZeroFiveUp	5257	0	7
log10	1232	616	AwayFromZero	5257	0	7
log10	1232	616	Ceiling	5257	0	7
log10	1232	616	Floor	5257	0	7
log10	1232	616	HalfAwayFromZero	5257	0	7
log10	1232	616	HalfToEven	5257	0	7
log10	1232	616	HalfTowardZero	5257	0	7
log10	1232	616	Trunc	5257	0	7
log10	1232	616	ZeroFiveUp	5257	0	7
log10	1232	924	AwayFromZero	5254	0	10
log10	1232	924	Ceiling	5254	0	10
log10	1232	924	Floor	5254	0	10
log10	1232	924	HalfAwayFromZero	5254	0	10
log10	1232	924	HalfToEven	5254	0	10
log10	1232	924	HalfTowardZero	5254	0	10
log10	1232	924	Trunc	5254	0	10
log10	1232	924	ZeroFiveUp	5254	0	10
log10	153	0	AwayFromZero	902	0	4362
log10	153	0	Ceiling	902	0	4362
log10	153	0	Floor	902	0	4362
log10	153	0	HalfAwayFromZero	902	0	4362
log10	153	0	HalfToEven	902	0	4362
log10	153	0	HalfTowardZero	902	0	4362
log10	153	0	Trunc	902	0	4362
log10	153	0	ZeroFiveUp	902	0	4362
log10	153	114	AwayFromZero	5221	0	43
log10	153	114	Ceiling	5221	0	43
log10	153	114	Floor	5221	0	43
log10	153	114	HalfAwayFromZero	5221	0	43
log10	153	114	HalfToEven	5221	0	43
log10	153	114	HalfTowardZero	5221	0	43
log10	153	114	Trunc	5221	0	43
log10	153	114	ZeroFiveUp	5221	0	43
log10	153	152	AwayFromZero	1805	0	3459
log10	153	152	Ceiling	1805	0	3459
log10	153	152	Floor	1805	0	3459
log10	153	152	HalfAwayFromZero	1805	0	3459
log10	153	152	HalfToEven	1805	0	3459
log10	153	152	HalfTowardZero	1805	0	3459
log10	153	152	Trunc	1805	0	3459
log10	153	152	ZeroFiveUp	1805	0	3459
log10	153	38	AwayFromZero	5227	0	37
log10	153	38	Ceiling	5227	0	37
log10	153	38	Floor	5227	0	37
log10	153	38	HalfAwayFromZero	5227	0	37
log10	153	38	HalfToEven	5227	0	37
log10	153	38	HalfTowardZero	5227	0	37
log10	153	38	Trunc	5227	0	37
log10	153	38	ZeroFiveUp	5227	0	37
log10	153	76	AwayFromZero	5226	0	38
log10	153	76	Ceiling	5226	0	38
log10	153	76	Floor	5226	0	38
log10	153	76	HalfAwayFromZero	5226	0	38
log10	153	76	HalfToEven	5226	0	38
log10	153	76	HalfTowardZero	5226	0	38
log10	153	76	Trunc	5226	0	38
log10	153	76	ZeroFiveUp	5226	0	38
log10	18	0	AwayFromZero	867	0	4397
log10	18	0	Ceiling	867	0	4397
log10	18	0	Floor	867	0	4397
log10	18	0	HalfAwayFromZero	867	0	4397
log10	18	0	HalfToEven	867	0	4397
log10	18	0	HalfTowardZero	867	0	4397
log10	18	0	Trunc	867	0	4397
log10	18	0	ZeroFiveUp	867	0	4397
log10	18	13	AwayFromZero	750	0	4514
log10	18	13	Ceiling	750	0	4514
log10	18	13	Floor	750	0	4514
log10	18	13	HalfAwayFromZero	750	0	4514
log10	18	13	HalfToEven	750	0	4514
log10	18	13	HalfTowardZero	750	0	4514
log10	18	13	Trunc	750	0	4514
log10	18	13	ZeroFiveUp	750	0	4514
log10	18	17	AwayFromZero	385	0	4879
log10	18	17	Ceiling	385	0	4879
log10	18	17	Floor	385	0	4879
log10	18	17	HalfAwayFromZero	385	0	4879
log10	18	17	HalfToEven	385	0	4879
log10	18	17	HalfTowardZero	385	0	4879
log10	18	17	Trunc	385	0	4879
log10	18	17	ZeroFiveUp	385	0	4879
log10	18	3	AwayFromZero	883	0	4381
log10	18	3	Ceiling	883	0	4381
log10	18	3	Floor	883	0	4381
log10	18	3	HalfAwayFromZero	883	0	4381
log10	18	3	HalfToEven	883	0	4381
log10	18	3	HalfTowardZero	883	0	4381
log10	18	3	Trunc	883	0	4381
log10	18	3	ZeroFiveUp	883	0	4381
log10	18	4	AwayFromZero	1039	0	4225
log10	18	4	Ceiling	1039	0	4225
log10	18	4	Floor	1039	0	4225
log10	18	4	HalfAwayFromZero	1039	0	4225
log10	18	4	HalfToEven	1039	0	4225
log10	18	4	HalfTowardZero	1039	0	4225
log10	18	4	Trunc	1039	0	4225
log10	18	4	ZeroFiveUp	1039	0	4225
log10	18	9	AwayFromZero	1369	0	3895
log10	18	9	Ceiling	1369	0	3895
log10	18	9	Floor	1369	0	3895
log10	18	9	HalfAwayFromZero	1369	0	3895
log10	18	9	HalfToEven	1369	0	3895
log10	18	9	HalfTowardZero	1369	0	3895
log10	18	9	Trunc	1369	0	3895
log10	18	9	ZeroFiveUp	1369	0	3895
log10	230	0	AwayFromZero	906	0	4358
log10	230	0	Ceiling	906	0	4358
log10	230	0	Floor	906	0	4358
log10	230	0	HalfAwayFromZero	906	0	4358
log10	230	0	HalfToEven	906	0	4358
log10	230	0	HalfTowardZero	906	0	4358
log10	230	0	Trunc	906	0	4358
log10	230	0	ZeroFiveUp	906	0	4358
log10	230	115	AwayFromZero	5233	0	31
log10	230	115	Ceiling	5233	0	31
log10	230	115	Floor	5233	0	31
log10	230	115	HalfAwayFromZero	5233	0	31
log10	230	115	HalfToEven	5233	0	31
log10	230	115	HalfTowardZero	5233	0	31
log10	230	115	Trunc	5233	0	31
log10	230	115	ZeroFiveUp	5233	0	31
log10	230	172	AwayFromZero	5229	0	35
log10	230	172	Ceiling	5229	0	35
log10	230	172	Floor	5229	0	35
log10	230	172	HalfAwayFromZero	5229	0	35
log10	230	172	HalfToEven	5229	0	35
log10	230	172	HalfTowardZero	5229	0	35
log10	230	172	Trunc	5229	0	35
log10	230	172	ZeroFiveUp	5229	0	35
log10	230	229	AwayFromZero	1808	0	3456
log10	230	229	Ceiling	1808	0	3456
log10	230	229	Floor	1808	0	3456
log10	230	229	HalfAwayFromZero	1808	0	3456
log10	230	229	HalfToEven	1808	0	3456
log10	230	229	HalfTowardZero	1808	0	3456
log10	230	229	Trunc	1808	0	3456
log10	230	229	ZeroFiveUp	1808	0	3456
log10	230	30	AwayFromZero	5230	0	34
log10	230	30	Ceiling	5230	0	34
log10	230	30	Floor	5230	0	34
log10	230	30	HalfAwayFromZero	5230	0	34
log10	230	30	HalfToEven	5230	0	34
log10	230	30	HalfTowardZero	5230	0	34
log10	230	30	Trunc	5230	0	34
log10	230	30	ZeroFiveUp	5230	0	34
log10	230	57	AwayFromZero	5233	0	31
log10	230	57	Ceiling	5233	0	31
log10	230	57	Floor	5233	0	31
log10	230	57	HalfAwayFromZero	5233	0	31
log10	230	57	HalfToEven	5233	0	31
log10	230	57	HalfTowardZero	5233	0	31
log10	230	57	Trunc	5233	0	31
log10	230	57	ZeroFiveUp	5233	0	31
log10	307	0	AwayFromZero	909	0	4355
log10	307	0	Ceiling	909	0	4355
log10	307	0	Floor	909	0	4355
log10	307	0	HalfAwayFromZero	909	0	4355
log10	307	0	HalfToEven	909	0	4355
log10	307	0	HalfTowardZero	909	0	4355
log10	307	0	Trunc	909	0	4355
log10	307	0	ZeroFiveUp	909	0	4355
log10	307	120	AwayFromZero	5237	0	27
log10	307	120	Ceiling	5237	0	27
log10	307	120	Floor	5237	0	27
log10	307	120	HalfAwayFromZero	5237	0	27
log10	307	120	HalfToEven	5237	0	27
log10	307	120	HalfTowardZero	5237	0	27
log10	307	120	Trunc	5237	0	27
log10	307	120	ZeroFiveUp	5237	0	27
log10	307	153	AwayFromZero	5237	0	27
log10	307	153	Ceiling	5237	0	27
log10	307	153	Floor	5237	0	27
log10	307	153	HalfAwayFromZero	5237	0	27
log10	307	153	HalfToEven	5237	0	27
log10	307	153	HalfTowardZero	5237	0	27
log10	307	153	Trunc	5237	0	27
log10	307	153	ZeroFiveUp	5237	0	27
log10	307	230	AwayFromZero	5233	0	31
log10	307	230	Ceiling	5233	0	31
log10	307	230	Floor	5233	0	31
log10	307	230	HalfAwayFromZero	5233	0	31
log10	307	230	HalfToEven	5233	0	31
log10	307	230	HalfTowardZero	5233	0	31
log10	307	230	Trunc	5233	0	31
log10	307	230	ZeroFiveUp	5233	0	31
log10	307	290	AwayFromZero	5205	0	59
log10	307	290	Ceiling	5205	0	59
log10	307	290	Floor	5205	0	59
log10	307	290	HalfAwayFromZero	5205	0	59
log10	307	290	HalfToEven	5205	0	59
log10	307	290	HalfTowardZero	5205	0	59
log10	307	290	Trunc	5205	0	59
log10	307	290	ZeroFiveUp	5205	0	59
log10	307	30	AwayFromZero	5233	0	31
log10	307	30	Ceiling	5233	0	31
log10	307	30	Floor	5233	0	31
log10	307	30	HalfAwayFromZero	5233	0	31
log10	307	30	HalfToEven	5233	0	31
log10	307	30	HalfTowardZero	5233	0	31
log10	307	30	Trunc	5233	0	31
log10	307	30	ZeroFiveUp	5233	0	31
log10	307	306	AwayFromZero	1810	0	3454
log10	307	306	Ceiling	1810	0	3454
log10	307	306	Floor	1810	0	3454
log10	307	306	HalfAwayFromZero	1810	0	3454
log10	307	306	HalfToEven	1810	0	3454
log10	307	306	HalfTowardZero	1810	0	3454
log10	307	306	Trunc	1810	0	3454
log10	307	306	ZeroFiveUp	1810	0	3454
log10	307	50	AwayFromZero	5235	0	29
log10	307	50	Ceiling	5235	0	29
log10	307	50	Floor	5235	0	29
log10	307	50	HalfAwayFromZero	5235	0	29
log10	307	50	HalfToEven	5235	0	29
log10	307	50	HalfTowardZero	5235	0	29
log10	307	50	Trunc	5235	0	29
log10	307	50	ZeroFiveUp	5235	0	29
log10	307	70	AwayFromZero	5236	0	28
log10	307	70	Ceiling	5236	0	28
log10	307	70	Floor	5236	0	28
log10	307	70	HalfAwayFromZero	5236	0	28
log10	307	70	HalfToEven	5236	0	28
log10	307	70	HalfTowardZero	5236	0	28
log10	307	70	Trunc	5236	0	28
log10	307	70	ZeroFiveUp	5236	0	28
log10	307	76	AwayFromZero	5237	0	27
log10	307	76	Ceiling	5237	0	27
log10	307	76	Floor	5237	0	27
log10	307	76	HalfAwayFromZero	5237	0	27
log10	307	76	HalfToEven	5237	0	27
log10	307	76	HalfTowardZero	5237	0	27
log10	307	76	Trunc	5237	0	27
log10	307	76	ZeroFiveUp	5237	0	27
log10	38	0	AwayFromZero	887	0	4377
log10	38	0	Ceiling	887	0	4377
log10	38	0	Floor	887	0	4377
log10	38	0	HalfAwayFromZero	887	0	4377
log10	38	0	HalfToEven	887	0	4377
log10	38	0	HalfTowardZero	887	0	4377
log10	38	0	Trunc	887	0	4377
log10	38	0	ZeroFiveUp	887	0	4377
log10	38	10	AwayFromZero	1390	0	3874
log10	38	10	Ceiling	1390	0	3874
log10	38	10	Floor	1390	0	3874
log10	38	10	HalfAwayFromZero	1390	0	3874
log10	38	10	HalfToEven	1390	0	3874
log10	38	10	HalfTowardZero	1390	0	3874
log10	38	10	Trunc	1390	0	3874
log10	38	10	ZeroFiveUp	1390	0	3874
log10	38	12	AwayFromZero	1413	0	3851
log10	38	12	Ceiling	1413	0	3851
log10	38	12	Floor	1413	0	3851
log10	38	12	HalfAwayFromZero	1413	0	3851
log10	38	12	HalfToEven	1413	0	3851
log10	38	12	HalfTowardZero	1413	0	3851
log10	38	12	Trunc	1413	0	3851
log10	38	12	ZeroFiveUp	1413	0	3851
log10	38	17	AwayFromZero	1840	0	3424
log10	38	17	Ceiling	1840	0	3424
log10	38	17	Floor	1840	0	3424
log10	38	17	HalfAwayFromZero	1840	0	3424
log10	38	17	HalfToEven	1840	0	3424
log10	38	17	HalfTowardZero	1840	0	3424
log10	38	17	Trunc	1840	0	3424
log10	38	17	ZeroFiveUp	1840	0	3424
log10	38	18	AwayFromZero	1871	0	3393
log10	38	18	Ceiling	1871	0	3393
log10	38	18	Floor	1871	0	3393
log10	38	18	HalfAwayFromZero	1871	0	3393
log10	38	18	HalfToEven	1871	0	3393
log10	38	18	HalfTowardZero	1871	0	3393
log10	38	18	Trunc	1871	0	3393
log10	38	18	ZeroFiveUp	1871	0	3393
log10	38	19	AwayFromZero	2210	0	3054
log10	38	19	Ceiling	2210	0	3054
log10	38	19	Floor	2210	0	3054
log10	38	19	HalfAwayFromZero	2210	0	3054
log10	38	19	HalfToEven	2210	0	3054
log10	38	19	HalfTowardZero	2210	0	3054
log10	38	19	Trunc	2210	0	3054
log10	38	19	ZeroFiveUp	2210	0	3054
log10	38	2	AwayFromZero	887	0	4377
log10	38	2	Ceiling	887	0	4377
log10	38	2	Floor	887	0	4377
log10	38	2	HalfAwayFromZero	887	0	4377
log10	38	2	HalfToEven	887	0	4377
log10	38	2	HalfTowardZero	887	0	4377
log10	38	2	Trunc	887	0	4377
log10	38	2	ZeroFiveUp	887	0	4377
log10	38	28	AwayFromZero	5184	0	80
log10	38	28	Ceiling	5184	0	80
log10	38	28	Floor	5184	0	80
log10	38	28	HalfAwayFromZero	5184	0	80
log10	38	28	HalfToEven	5184	0	80
log10	38	28	HalfTowardZero	5184	0	80
log10	38	28	Trunc	5184	0	80
log10	38	28	ZeroFiveUp	5184	0	80
log10	38	37	AwayFromZero	1797	0	3467
log10	38	37	Ceiling	1797	0	3467
log10	38	37	Floor	1797	0	3467
log10	38	37	HalfAwayFromZero	1797	0	3467
log10	38	37	HalfToEven	1797	0	3467
log10	38	37	HalfTowardZero	1797	0	3467
log10	38	37	Trunc	1797	0	3467
log10	38	37	ZeroFiveUp	1797	0	3467
log10	38	6	AwayFromZero	1058	0	4206
log10	38	6	Ceiling	1058	0	4206
log10	38	6	Floor	1058	0	4206
log10	38	6	HalfAwayFromZero	1058	0	4206
log10	38	6	HalfToEven	1058	0	4206
log10	38	6	HalfTowardZero	1058	0	4206
log10	38	6	Trunc	1058	0	4206
log10	38	6	ZeroFiveUp	1058	0	4206
log10	38	9	AwayFromZero	1391	0	3873
log10	38	9	Ceiling	1391	0	3873
log10	38	9	Floor	1391	0	3873
log10	38	9	HalfAwayFromZero	1391	0	3873
log10	38	9	HalfToEven	1391	0	3873
log10	38	9	HalfTowardZero	1391	0	3873
log10	38	9	Trunc	1391	0	3873
log10	38	9	ZeroFiveUp	1391	0	3873
log10	462	0	AwayFromZero	912	0	4352
log10	462	0	Ceiling	912	0	4352
log10	462	0	Floor	912	0	4352
log10	462	0	HalfAwayFromZero	912	0	4352
log10	462	0	HalfToEven	912	0	4352
log10	462	0	HalfTowardZero	912	0	4352
log10	462	0	Trunc	912	0	4352
log10	462	0	ZeroFiveUp	912	0	4352
log10	462	100	AwayFromZero	5242	0	22
log10	462	100	Ceiling	5242	0	22
log10	462	100	Floor	5242	0	22
log10	462	100	HalfAwayFromZero	5242	0	22
log10	462	100	HalfToEven	5242	0	22
log10	462	100	HalfTowardZero	5242	0	22
log10	462	100	Trunc	5242	0	22
log10	462	100	ZeroFiveUp	5242	0	22
log10	462	115	AwayFromZero	5244	0	20
log10	462	115	Ceiling	5244	0	20
log10	462	115	Floor	5244	0	20
log10	462	115	HalfAwayFromZero	5244	0	20
log10	462	115	HalfToEven	5244	0	20
log10	462	115	HalfTowardZero	5244	0	20
log10	462	115	Trunc	5244	0	20
log10	462	115	ZeroFiveUp	5244	0	20
log10	462	180	AwayFromZero	5243	0	21
log10	462	180	Ceiling	5243	0	21
log10	462	180	Floor	5243	0	21
log10	462	180	HalfAwayFromZero	5243	0	21
log10	462	180	HalfToEven	5243	0	21
log10	462	180	HalfTowardZero	5243	0	21
log10	462	180	Trunc	5243	0	21
log10	462	180	ZeroFiveUp	5243	0	21
log10	462	231	AwayFromZero	5245	0	19
log10	462	231	Ceiling	5245	0	19
log10	462	231	Floor	5245	0	19
log10	462	231	HalfAwayFromZero	5245	0	19
log10	462	231	HalfToEven	5245	0	19
log10	462	231	HalfTowardZero	5245	0	19
log10	462	231	Trunc	5245	0	19
log10	462	231	ZeroFiveUp	5245	0	19
log10	462	30	AwayFromZero	5237	0	27
log10	462	30	Ceiling	5237	0	27
log10	462	30	Floor	5237	0	27
log10	462	30	HalfAwayFromZero	5237	0	27
log10	462	30	HalfToEven	5237	0	27
log10	462	30	HalfTowardZero	5237	0	27
log10	462	30	Trunc	5237	0	27
log10	462	30	ZeroFiveUp	5237	0	27
log10	462	346	AwayFromZero	5240	0	24
log10	462	346	Ceiling	5240	0	24
log10	462	346	Floor	5240	0	24
log10	462	346	HalfAwayFromZero	5240	0	24
log10	462	346	HalfToEven	5240	0	24
log10	462	346	HalfTowardZero	5240	0	24
log10	462	346	Trunc	5240	0	24
log10	462	346	ZeroFiveUp	5240	0	24
log10	462	461	AwayFromZero	1811	0	3453
log10	462	461	Ceiling	1811	0	3453
log10	462	461	Floor	1811	0	3453
log10	462	461	HalfAwayFromZero	1811	0	3453
log10	462	461	HalfToEven	1811	0	3453
log10	462	461	HalfTowardZero	1811	0	3453
log10	462	461	Trunc	1811	0	3453
log10	462	461	ZeroFiveUp	1811	0	3453
log10	57	0	AwayFromZero	892	0	4372
log10	57	0	Ceiling	892	0	4372
log10	57	0	Floor	892	0	4372
log10	57	0	HalfAwayFromZero	892	0	4372
log10	57	0	HalfToEven	892	0	4372
log10	57	0	HalfTowardZero	892	0	4372
log10	57	0	Trunc	892	0	4372
log10	57	0	ZeroFiveUp	892	0	4372
log10	57	14	AwayFromZero	1722	0	3542
log10	57	14	Ceiling	1722	0	3542
log10	57	14	Floor	1722	0	3542
log10	57	14	HalfAwayFromZero	1722	0	3542
log10	57	14	HalfToEven	1722	0	3542
log10	57	14	HalfTowardZero	1722	0	3542
log10	57	14	Trunc	1722	0	3542
log10	57	14	ZeroFiveUp	1722	0	3542
log10	57	20	AwayFromZero	3205	0	2059
log10	57	20	Ceiling	3205	0	2059
log10	57	20	Floor	3205	0	2059
log10	57	20	HalfAwayFromZero	3205	0	2059
log10	57	20	HalfToEven	3205	0	2059
log10	57	20	HalfTowardZero	3205	0	2059
log10	57	20	Trunc	3205	0	2059
log10	57	20	ZeroFiveUp	3205	0	2059
log10	57	28	AwayFromZero	5205	0	59
log10	57	28	Ceiling	5205	0	59
log10	57	28	Floor	5205	0	59
log10	57	28	HalfAwayFromZero	5205	0	59
log10	57	28	HalfToEven	5205	0	59
log10	57	28	HalfTowardZero	5205	0	59
log10	57	28	Trunc	5205	0	59
log10	57	28	ZeroFiveUp	5205	0	59
log10	57	30	AwayFromZero	5203	0	61
log10	57	30	Ceiling	5203	0	61
log10	57	30	Floor	5203	0	61
log10	57	30	HalfAwayFromZero	5203	0	61
log10	57	30	HalfToEven	5203	0	61
log10	57	30	HalfTowardZero	5203	0	61
log10	57	30	Trunc	5203	0	61
log10	57	30	ZeroFiveUp	5203	0	61
log10	57	42	AwayFromZero	5192	0	72
log10	57	42	Ceiling	5192	0	72
log10	57	42	Floor	5192	0	72
log10	57	42	HalfAwayFromZero	5192	0	72
log10	57	42	HalfToEven	5192	0	72
log10	57	42	HalfTowardZero	5192	0	72
log10	57	42	Trunc	5192	0	72
log10	57	42	ZeroFiveUp	5192	0	72
log10	57	56	AwayFromZero	1799	0	3465
log10	57	56	Ceiling	1799	0	3465
log10	57	56	Floor	1799	0	3465
log10	57	56	HalfAwayFromZero	1799	0	3465
log10	57	56	HalfToEven	1799	0	3465
log10	57	56	HalfTowardZero	1799	0	3465
log10	57	56	Trunc	1799	0	3465
log10	57	56	ZeroFiveUp	1799	0	3465
log10	616	0	AwayFromZero	914	0	4350
log10	616	0	Ceiling	914	0	4350
log10	616	0	Floor	914	0	4350
log10	616	0	HalfAwayFromZero	914	0	4350
log10	616	0	HalfToEven	914	0	4350
log10	616	0	HalfTowardZero	914	0	4350
log10	616	0	Trunc	914	0	4350
log10	616	0	ZeroFiveUp	914	0	4350
log10	616	130	AwayFromZero	5246	0	18
log10	616	130	Ceiling	5246	0	18
log10	616	130	Floor	5246	0	18
log10	616	130	HalfAwayFromZero	5246	0	18
log10	616	130	HalfToEven	5246	0	18
log10	616	130	HalfTowardZero	5246	0	18
log10	616	130	Trunc	5246	0	18
log10	616	130	ZeroFiveUp	5246	0	18
log10	616	154	AwayFromZero	5248	0	16
log10	616	154	Ceiling	5248	0	16
log10	616	154	Floor	5248	0	16
log10	616	154	HalfAwayFromZero	5248	0	16
log10	616	154	HalfToEven	5248	0	16
log10	616	154	HalfTowardZero	5248	0	16
log10	616	154	Trunc	5248	0	16
log10	616	154	ZeroFiveUp	5248	0	16
log10	616	240	AwayFromZero	5249	0	15
log10	616	240	Ceiling	5249	0	15
log10	616	240	Floor	5249	0	15
log10	616	240	HalfAwayFromZero	5249	0	15
log10	616	240	HalfToEven	5249	0	15
log10	616	240	HalfTowardZero	5249	0	15
log10	616	240	Trunc	5249	0	15
log10	616	240	ZeroFiveUp	5249	0	15
log10	616	30	AwayFromZero	5239	0	25
log10	616	30	Ceiling	5239	0	25
log10	616	30	Floor	5239	0	25
log10	616	30	HalfAwayFromZero	5239	0	25
log10	616	30	HalfToEven	5239	0	25
log10	616	30	HalfTowardZero	5239	0	25
log10	616	30	Trunc	5239	0	25
log10	616	30	ZeroFiveUp	5239	0	25
log10	616	308	AwayFromZero	5249	0	15
log10	616	308	Ceiling	5249	0	15
log10	616	308	Floor	5249	0	15
log10	616	308	HalfAwayFromZero	5249	0	15
log10	616	308	HalfToEven	5249	0	15
log10	616	308	HalfTowardZero	5249	0	15
log10	616	308	Trunc	5249	0	15
log10	616	308	ZeroFiveUp	5249	0	15
log10	616	462	AwayFromZero	5244	0	20
log10	616	462	Ceiling	5244	0	20
log10	616	462	Floor	5244	0	20
log10	616	462	HalfAwayFromZero	5244	0	20
log10	616	462	HalfToEven	5244	0	20
log10	616	462	HalfTowardZero	5244	0	20
log10	616	462	Trunc	5244	0	20
log10	616	462	ZeroFiveUp	5244	0	20
log10	616	590	AwayFromZero	5217	0	47
log10	616	590	Ceiling	5217	0	47
log10	616	590	Floor	5217	0	47
log10	616	590	HalfAwayFromZero	5217	0	47
log10	616	590	HalfToEven	5217	0	47
log10	616	590	HalfTowardZero	5217	0	47
log10	616	590	Trunc	5217	0	47
log10	616	590	ZeroFiveUp	5217	0	47
log10	616	615	AwayFromZero	1812	0	3452
log10	616	615	Ceiling	1812	0	3452
log10	616	615	Floor	1812	0	3452
log10	616	615	HalfAwayFromZero	1812	0	3452
log10	616	615	HalfToEven	1812	0	3452
log10	616	615	HalfTowardZero	1812	0	3452
log10	616	615	Trunc	1812	0	3452
log10	616	615	ZeroFiveUp	1812	0	3452
log10	76	0	AwayFromZero	895	0	4369
log10	76	0	Ceiling	895	0	4369
log10	76	0	Floor	895	0	4369
log10	76	0	HalfAwayFromZero	895	0	4369
log10	76	0	HalfToEven	895	0	4369
log10	76	0	HalfTowardZero	895	0	4369
log10	76	0	Trunc	895	0	4369
log10	76	0	ZeroFiveUp	895	0	4369
log10	76	18	AwayFromZero	1894	0	3370
log10	76	18	Ceiling	1894	0	3370
log10	76	18	Floor	1894	0	3370
log10	76	18	HalfAwayFromZero	1894	0	3370
log10	76	18	HalfToEven	1894	0	3370
log10	76	18	HalfTowardZero	1894	0	3370
log10	76	18	Trunc	1894	0	3370
log10	76	18	ZeroFiveUp	1894	0	3370
log10	76	19	AwayFromZero	2234	0	3030
log10	76	19	Ceiling	2234	0	3030
log10	76	19	Floor	2234	0	3030
log10	76	19	HalfAwayFromZero	2234	0	3030
log10	76	19	HalfToEven	2234	0	3030
log10	76	19	HalfTowardZero	2234	0	3030
log10	76	19	Trunc	2234	0	3030
log10	76	19	ZeroFiveUp	2234	0	3030
log10	76	38	AwayFromZero	5215	0	49
log10	76	38	Ceiling	5215	0	49
log10	76	38	Floor	5215	0	49
log10	76	38	HalfAwayFromZero	5215	0	49
log10	76	38	HalfToEven	5215	0	49
log10	76	38	HalfTowardZero	5215	0	49
log10	76	38	Trunc	5215	0	49
log10	76	38	ZeroFiveUp	5215	0	49
log10	76	40	AwayFromZero	5213	0	51
log10	76	40	Ceiling	5213	0	51
log10	76	40	Floor	5213	0	51
log10	76	40	HalfAwayFromZero	5213	0	51
log10	76	40	HalfToEven	5213	0	51
log10	76	40	HalfTowardZero	5213	0	51
log10	76	40	Trunc	5213	0	51
log10	76	40	ZeroFiveUp	5213	0	51
log10	76	57	AwayFromZero	5198	0	66
log10	76	57	Ceiling	5198	0	66
log10	76	57	Floor	5198	0	66
log10	76	57	HalfAwayFromZero	5198	0	66
log10	76	57	HalfToEven	5198	0	66
log10	76	57	HalfTowardZero	5198	0	66
log10	76	57	Trunc	5198	0	66
log10	76	57	ZeroFiveUp	5198	0	66
log10	76	75	AwayFromZero	1800	0	3464
log10	76	75	Ceiling	1800	0	3464
log10	76	75	Floor	1800	0	3464
log10	76	75	HalfAwayFromZero	1800	0	3464
log10	76	75	HalfToEven	1800	0	3464
log10	76	75	HalfTowardZero	1800	0	3464
log10	76	75	Trunc	1800	0	3464
log10	76	75	ZeroFiveUp	1800	0	3464
log10	924	0	AwayFromZero	917	0	4347
log10	924	0	Ceiling	917	0	4347
log10	924	0	Floor	917	0	4347
log10	924	0	HalfAwayFromZero	917	0	4347
log10	924	0	HalfToEven	917	0	4347
log10	924	0	HalfTowardZero	917	0	4347
log10	924	0	Trunc	917	0	4347
log10	924	0	ZeroFiveUp	917	0	4347
log10	924	180	AwayFromZero	5252	0	12
log10	924	180	Ceiling	5252	0	12
log10	924	180	Floor	5252	0	12
log10	924	180	HalfAwayFromZero	5252	0	12
log10	924	180	HalfToEven	5252	0	12
log10	924	180	HalfTowardZero	5252	0	12
log10	924	180	Trunc	5252	0	12
log10	924	180	ZeroFiveUp	5252	0	12
log10	924	231	AwayFromZero	5254	0	10
log10	924	231	Ceiling	5254	0	10
log10	924	231	Floor	5254	0	10
log10	924	231	HalfAwayFromZero	5254	0	10
log10	924	231	HalfToEven	5254	0	10
log10	924	231	HalfTowardZero	5254	0	10
log10	924	231	Trunc	5254	0	10
log10	924	231	ZeroFiveUp	5254	0	10
log10	924	30	AwayFromZero	5242	0	22
log10	924	30	Ceiling	5242	0	22
log10	924	30	Floor	5242	0	22
log10	924	30	HalfAwayFromZero	5242	0	22
log10	924	30	HalfToEven	5242	0	22
log10	924	30	HalfTowardZero	5242	0	22
log10	924	30	Trunc	5242	0	22
log10	924	30	ZeroFiveUp	5242	0	22
log10	924	350	AwayFromZero	5253	0	11
log10	924	350	Ceiling	5253	0	11
log10	924	350	Floor	5253	0	11
log10	924	350	HalfAwayFromZero	5253	0	11
log10	924	350	HalfToEven	5253	0	11
log10	924	350	HalfTowardZero	5253	0	11
log10	924	350	Trunc	5253	0	11
log10	924	350	ZeroFiveUp	5253	0	11
log10	924	462	AwayFromZero	5254	0	10
log10	924	462	Ceiling	5254	0	10
log10	924	462	Floor	5254	0	10
log10	924	462	HalfAwayFromZero	5254	0	10
log10	924	462	HalfToEven	5254	0	10
log10	924	462	HalfTowardZero	5254	0	10
log10	924	462	Trunc	5254	0	10
log10	924	462	ZeroFiveUp	5254	0	10
log10	924	693	AwayFromZero	5250	0	14
log10	924	693	Ceiling	5250	0	14
log10	924	693	Floor	5250	0	14
log10	924	693	HalfAwayFromZero	5250	0	14
log10	924	693	HalfToEven	5250	0	14
log10	924	693	HalfTowardZero	5250	0	14
log10	924	693	Trunc	5250	0	14
log10	924	693	ZeroFiveUp	5250	0	14
log10	924	900	AwayFromZero	5217	0	47
log10	924	900	Ceiling	5217	0	47
log10	924	900	Floor	5217	0	47
log10	924	900	HalfAwayFromZero	5217	0	47
log10	924	900	HalfToEven	5217	0	47
log10	924	900	HalfTowardZero	5217	0	47
log10	924	900	Trunc	5217	0	47
log10	924	900	ZeroFiveUp	5217	0	47
log10	924	923	AwayFromZero	1814	0	3450
log10	924	923	Ceiling	1814	0	3450
log10	924	923	Floor	1814	0	3450
log10	924	923	HalfAwayFromZero	1814	0	3450
log10	924	923	HalfToEven	1814	0	3450
log10	924	923	HalfTowardZero	1814	0	3450
log10	924	923	Trunc	1814	0	3450
log10	924	923	ZeroFiveUp	1814	0	3450
log1p	115	0	AwayFromZero	2	0	415
log1p	115	0	Ceiling	2	0	415
log1p	115	0	Floor	2	0	415
log1p	115	0	HalfAwayFromZero	2	0	415
log1p	115	0	HalfToEven	2	0	415
log1p	115	0	HalfTowardZero	2	0	415
log1p	115	0	Trunc	2	0	415
log1p	115	0	ZeroFiveUp	2	0	415
log1p	115	114	AwayFromZero	247	0	170
log1p	115	114	Ceiling	247	0	170
log1p	115	114	Floor	247	0	170
log1p	115	114	HalfAwayFromZero	247	0	170
log1p	115	114	HalfToEven	247	0	170
log1p	115	114	HalfTowardZero	247	0	170
log1p	115	114	Trunc	247	0	170
log1p	115	114	ZeroFiveUp	247	0	170
log1p	115	28	AwayFromZero	131	0	286
log1p	115	28	Ceiling	131	0	286
log1p	115	28	Floor	131	0	286
log1p	115	28	HalfAwayFromZero	131	0	286
log1p	115	28	HalfToEven	131	0	286
log1p	115	28	HalfTowardZero	131	0	286
log1p	115	28	Trunc	131	0	286
log1p	115	28	ZeroFiveUp	131	0	286
log1p	115	50	AwayFromZero	173	0	244
log1p	115	50	Ceiling	173	0	244
log1p	115	50	Floor	173	0	244
log1p	115	50	HalfAwayFromZero	173	0	244
log1p	115	50	HalfToEven	173	0	244
log1p	115	50	HalfTowardZero	173	0	244
log1p	115	50	Trunc	173	0	244
log1p	115	50	ZeroFiveUp	173	0	244
log1p	115	57	AwayFromZero	185	0	232
log1p	115	57	Ceiling	185	0	232
log1p	115	57	Floor	185	0	232
log1p	115	57	HalfAwayFromZero	185	0	232
log1p	115	57	HalfToEven	185	0	232
log1p	115	57	HalfTowardZero	185	0	232
log1p	115	57	Trunc	185	0	232
log1p	115	57	ZeroFiveUp	185	0	232
log1p	115	86	AwayFromZero	231	0	186
log1p	115	86	Ceiling	231	0	186
log1p	115	86	Floor	231	0	186
log1p	115	86	HalfAwayFromZero	231	0	186
log1p	115	86	HalfToEven	231	0	186
log1p	115	86	HalfTowardZero	231	0	186
log1p	115	86	Trunc	231	0	186
log1p	115	86	ZeroFiveUp	231	0	186
log1p	1232	0	AwayFromZero	2	0	415
log1p	1232	0	Ceiling	2	0	415
log1p	1232	0	Floor	2	0	415
log1p	1232	0	HalfAwayFromZero	2	0	415
log1p	1232	0	HalfToEven	2	0	415
log1p	1232	0	HalfTowardZero	2	0	415
log1p	1232	0	Trunc	2	0	415
log1p	1232	0	ZeroFiveUp	2	0	415
log1p	1232	1200	AwayFromZero	412	0	5
log1p	1232	1200	Ceiling	412	0	5
log1p	1232	1200	Floor	412	0	5
log1p	1232	1200	HalfAwayFromZero	412	0	5
log1p	1232	1200	HalfToEven	412	0	5
log1p	1232	1200	HalfTowardZero	412	0	5
log1p	1232	1200	Trunc	412	0	5
log1p	1232	1200	ZeroFiveUp	412	0	5
log1p	1232	1231	AwayFromZero	417	0	0
log1p	1232	1231	Ceiling	417	0	0
log1p	1232	1231	Floor	417	0	0
log1p	1232	1231	HalfAwayFromZero	417	0	0
log1p	1232	1231	HalfToEven	417	0	0
log1p	1232	1231	HalfTowardZero	417	0	0
log1p	1232	1231	Trunc	417	0	0
log1p	1232	1231	ZeroFiveUp	417	0	0
log1p	1232	250	AwayFromZero	340	0	77
log1p	1232	250	Ceiling	340	0	77
log1p	1232	250	Floor	340	0	77
log1p	1232	250	HalfAwayFromZero	340	0	77
log1p	1232	250	HalfToEven	340	0	77
log1p	1232	250	HalfTowardZero	340	0	77
log1p	1232	250	Trunc	340	0	77
log1p	1232	250	ZeroFiveUp	340	0	77
log1p	1232	30	AwayFromZero	140	0	277
log1p	1232	30	Ceiling	140	0	277
log1p	1232	30	Floor	140	0	277
log1p	1232	30	HalfAwayFromZero	140	0	277
log1p	1232	30	HalfToEven	140	0	277
log1p	1232	30	HalfTowardZero	140	0	277
log1p	1232	30	Trunc	140	0	277
log1p	1232	30	ZeroFiveUp	140	0	277
log1p	1232	308	AwayFromZero	355	0	62
log1p	1232	308	Ceiling	355	0	62
log1p	1232	308	Floor	355	0	62
log1p	1232	308	HalfAwayFromZero	355	0	62
log1p	1232	308	HalfToEven	355	0	62
log1p	1232	308	HalfTowardZero	355	0	62
log1p	1232	308	Trunc	355	0	62
log1p	1232	308	ZeroFiveUp	355	0	62
log1p	1232	470	AwayFromZero	388	0	29
log1p	1232	470	Ceiling	388	0	29
log1p	1232	470	Floor	388	0	29
log1p	1232	470	HalfAwayFromZero	388	0	29
log1p	1232	470	HalfToEven	388	0	29
log1p	1232	470	HalfTowardZero	388	0	29
log1p	1232	470	Trunc	388	0	29
log1p	1232	470	ZeroFiveUp	388	0	29
log1p	1232	616	AwayFromZero	399	0	18
log1p	1232	616	Ceiling	399	0	18
log1p	1232	616	Floor	399	0	18
log1p	1232	616	HalfAwayFromZero	399	0	18
log1p	1232	616	HalfToEven	399	0	18
log1p	1232	616	HalfTowardZero	399	0	18
log1p	1232	616	Trunc	399	0	18
log1p	1232	616	ZeroFiveUp	399	0	18
log1p	1232	924	AwayFromZero	411	0	6
log1p	1232	924	Ceiling	411	0	6
log1p	1232	924	Floor	411	0	6
log1p	1232	924	HalfAwayFromZero	411	0	6
log1p	1232	924	HalfToEven	411	0	6
log1p	1232	924	HalfTowardZero	411	0	6
log1p	1232	924	Trunc	411	0	6
log1p	1232	924	ZeroFiveUp	411	0	6
log1p	153	0	AwayFromZero	2	0	415
log1p	153	0	Ceiling	2	0	415
log1p	153	0	Floor	2	0	415
log1p	153	0	HalfAwayFromZero	2	0	415
log1p	153	0	HalfToEven	2	0	415
log1p	153	0	HalfTowardZero	2	0	415
log1p	153	0	Trunc	2	0	415
log1p	153	0	ZeroFiveUp	2	0	415
log1p	153	114	AwayFromZero	247	0	170
log1p	153	114	Ceiling	247	0	170
log1p	153	114	Floor	247	0	170
log1p	153	114	HalfAwayFromZero	247	0	170
log1p	153	114	HalfToEven	247	0	170
log1p	153	114	HalfTowardZero	247	0	170
log1p	153	114	Trunc	247	0	170
log1p	153	114	ZeroFiveUp	247	0	170
log1p	153	152	AwayFromZero	287	0	130
log1p	153	152	Ceiling	287	0	130
log1p	153	152	Floor	287	0	130
log1p	153	152	HalfAwayFromZero	287	0	130
log1p	153	152	HalfToEven	287	0	130
log1p	153	152	HalfTowardZero	287	0	130
log1p	153	152	Trunc	287	0	130
log1p	153	152	ZeroFiveUp	287	0	130
log1p	153	38	AwayFromZero	154	0	263
log1p	153	38	Ceiling	154	0	263
log1p	153	38	Floor	154	0	263
log1p	153	38	HalfAwayFromZero	154	0	263
log1p	153	38	HalfToEven	154	0	263
log1p	153	38	HalfTowardZero	154	0	263
log1p	153	38	Trunc	154	0	263
log1p	153	38	ZeroFiveUp	154	0	263
log1p	153	76	AwayFromZero	214	0	203
log1p	153	76	Ceiling	214	0	203
log1p	153	76	Floor	214	0	203
log1p	153	76	HalfAwayFromZero	214	0	203
log1p	153	76	HalfToEven	214	0	203
log1p	153	76	HalfTowardZero	214	0	203
log1p	153	76	Trunc	214	0	203
log1p	153	76	ZeroFiveUp	214	0	203
log1p	18	0	AwayFromZero	2	0	415
log1p	18	0	Ceiling	2	0	415
log1p	18	0	Floor	2	0	415
log1p	18	0	HalfAwayFromZero	2	0	415
log1p	18	0	HalfToEven	2	0	415
log1p	18	0	HalfTowardZero	2	0	415
log1p	18	0	Trunc	2	0	415
log1p	18	0	ZeroFiveUp	2	0	415
log1p	18	13	AwayFromZero	79	0	338
log1p	18	13	Ceiling	79	0	338
log1p	18	13	Floor	79	0	338
log1p	18	13	HalfAwayFromZero	79	0	338
log1p	18	13	HalfToEven	79	0	338
log1p	18	13	HalfTowardZero	79	0	338
log1p	18	13	Trunc	79	0	338
log1p	18	13	ZeroFiveUp	79	0	338
log1p	18	17	AwayFromZero	97	0	320
log1p	18	17	Ceiling	97	0	320
log1p	18	17	Floor	97	0	320
log1p	18	17	HalfAwayFromZero	97	0	320
log1p	18	17	HalfToEven	97	0	320
log1p	18	17	HalfTowardZero	97	0	320
log1p	18	17	Trunc	97	0	320
log1p	18	17	ZeroFiveUp	97	0	320
log1p	18	3	AwayFromZero	19	0	398
log1p	18	3	Ceiling	19	0	398
log1p	18	3	Floor	19	0	398
log1p	18	3	HalfAwayFromZero	19	0	398
log1p	18	3	HalfToEven	19	0	398
log1p	18	3	HalfTowardZero	19	0	398
log1p	18	3	Trunc	19	0	398
log1p	18	3	ZeroFiveUp	19	0	398
log1p	18	4	AwayFromZero	24	0	393
log1p	18	4	Ceiling	24	0	393
log1p	18	4	Floor	24	0	393
log1p	18	4	HalfAwayFromZero	24	0	393
log1p	18	4	HalfToEven	24	0	393
log1p	18	4	HalfTowardZero	24	0	393
log1p	18	4	Trunc	24	0	393
log1p	18	4	ZeroFiveUp	24	0	393
log1p	18	9	AwayFromZero	58	0	359
log1p	18	9	Ceiling	58	0	359
log1p	18	9	Floor	58	0	359
log1p	18	9	HalfAwayFromZero	58	0	359
log1p	18	9	HalfToEven	58	0	359
log1p	18	9	HalfTowardZero	58	0	359
log1p	18	9	Trunc	58	0	359
log1p	18	9	ZeroFiveUp	58	0	359
log1p	230	0	AwayFromZero	2	0	415
log1p	230	0	Ceiling	2	0	415
log1p	230	0	Floor	2	0	415
log1p	230	0	HalfAwayFromZero	2	0	415
log1p	230	0	HalfToEven	2	0	415
log1p	230	0	HalfTowardZero	2	0	415
log1p	230	0	Trunc	2	0	415
log1p	230	0	ZeroFiveUp	2	0	415
log1p	230	115	AwayFromZero	250	0	167
log1p	230	115	Ceiling	250	0	167
log1p	230	115	Floor	250	0	167
log1p	230	115	HalfAwayFromZero	250	0	167
log1p	230	115	HalfToEven	250	0	167
log1p	230	115	HalfTowardZero	250	0	167
log1p	230	115	Trunc	250	0	167
log1p	230	115	ZeroFiveUp	250	0	167
log1p	230	172	AwayFromZero	302	0	115
log1p	230	172	Ceiling	302	0	115
log1p	230	172	Floor	302	0	115
log1p	230	172	HalfAwayFromZero	302	0	115
log1p	230	172	HalfToEven	302	0	115
log1p	230	172	HalfTowardZero	302	0	115
log1p	230	172	Trunc	302	0	115
log1p	230	172	ZeroFiveUp	302	0	115
log1p	230	229	AwayFromZero	320	0	97
log1p	230	229	Ceiling	320	0	97
log1p	230	229	Floor	320	0	97
log1p	230	229	HalfAwayFromZero	320	0	97
log1p	230	229	HalfToEven	320	0	97
log1p	230	229	HalfTowardZero	320	0	97
log1p	230	229	Trunc	320	0	97
log1p	230	229	ZeroFiveUp	320	0	97
log1p	230	30	AwayFromZero	140	0	277
log1p	230	30	Ceiling	140	0	277
log1p	230	30	Floor	140	0	277
log1p	230	30	HalfAwayFromZero	140	0	277
log1p	230	30	HalfToEven	140	0	277
log1p	230	30	HalfTowardZero	140	0	277
log1p	230	30	Trunc	140	0	277
log1p	230	30	ZeroFiveUp	140	0	277
log1p	230	57	AwayFromZero	185	0	232
log1p	230	57	Ceiling	185	0	232
log1p	230	57	Floor	185	0	232
log1p	230	57	HalfAwayFromZero	185	0	232
log1p	230	57	HalfToEven	185	0	232
log1p	230	57	HalfTowardZero	185	0	232
log1p	230	57	Trunc	185	0	232
log1p	230	57	ZeroFiveUp	185	0	232
log1p	307	0	AwayFromZero	2	0	415
log1p	307	0	Ceiling	2	0	415
log1p	307	0	Floor	2	0	415
log1p	307	0	HalfAwayFromZero	2	0	415
log1p	307	0	HalfToEven	2	0	415
log1p	307	0	HalfTowardZero	2	0	415
log1p	307	0	Trunc	2	0	415
log1p	307	0	ZeroFiveUp	2	0	415
log1p	307	120	AwayFromZero	265	0	152
log1p	307	120	Ceiling	265	0	152
log1p	307	120	Floor	265	0	152
log1p	307	120	HalfAwayFromZero	265	0	152
log1p	307	120	HalfToEven	265	0	152
log1p	307	120	HalfTowardZero	265	0	152
log1p	307	120	Trunc	265	0	152
log1p	307	120	ZeroFiveUp	265	0	152
log1p	307	153	AwayFromZero	290	0	127
log1p	307	153	Ceiling	290	0	127
log1p	307	153	Floor	290	0	127
log1p	307	153	HalfAwayFromZero	290	0	127
log1p	307	153	HalfToEven	290	0	127
log1p	307	153	HalfTowardZero	290	0	127
log1p	307	153	Trunc	290	0	127
log1p	307	153	ZeroFiveUp	290	0	127
log1p	307	230	AwayFromZero	321	0	96
log1p	307	230	Ceiling	321	0	96
log1p	307	230	Floor	321	0	96
log1p	307	230	HalfAwayFromZero	321	0	96
log1p	307	230	HalfToEven	321	0	96
log1p	307	230	HalfTowardZero	321	0	96
log1p	307	230	Trunc	321	0	96
log1p	307	230	ZeroFiveUp	321	0	96
log1p	307	290	AwayFromZero	341	0	76
log1p	307	290	Ceiling	341	0	76
log1p	307	290	Floor	341	0	76
log1p	307	290	HalfAwayFromZero	341	0	76
log1p	307	290	HalfToEven	341	0	76
log1p	307	290	HalfTowardZero	341	0	76
log1p	307	290	Trunc	341	0	76
log1p	307	290	ZeroFiveUp	341	0	76
log1p	307	30	AwayFromZero	140	0	277
log1p	307	30	Ceiling	140	0	277
log1p	307	30	Floor	140	0	277
log1p	307	30	HalfAwayFromZero	140	0	277
log1p	307	30	HalfToEven	140	0	277
log1p	307	30	HalfTowardZero	140	0	277
log1p	307	30	Trunc	140	0	277
log1p	307	30	ZeroFiveUp	140	0	277
log1p	307	306	AwayFromZero	352	0	65
log1p	307	306	Ceiling	352	0	65
log1p	307	306	Floor	352	0	65
log1p	307	306	HalfAwayFromZero	352	0	65
log1p	307	306	HalfToEven	352	0	65
log1p	307	306	HalfTowardZero	352	0	65
log1p	307	306	Trunc	352	0	65
log1p	307	306	ZeroFiveUp	352	0	65
log1p	307	50	AwayFromZero	173	0	244
log1p	307	50	Ceiling	173	0	244
log1p	307	50	Floor	173	0	244
log1p	307	50	HalfAwayFromZero	173	0	244
log1p	307	50	HalfToEven	173	0	244
log1p	307	50	HalfTowardZero	173	0	244
log1p	307	50	Trunc	173	0	244
log1p	307	50	ZeroFiveUp	173	0	244
log1p	307	70	AwayFromZero	206	0	211
log1p	307	70	Ceiling	206	0	211
log1p	307	70	Floor	206	0	211
log1p	307	70	HalfAwayFromZero	206	0	211
log1p	307	70	HalfToEven	206	0	211
log1p	307	70	HalfTowardZero	206	0	211
log1p	307	70	Trunc	206	0	211
log1p	307	70	ZeroFiveUp	206	0	211
log1p	307	76	AwayFromZero	214	0	203
log1p	307	76	Ceiling	214	0	203
log1p	307	76	Floor	214	0	203
log1p	307	76	HalfAwayFromZero	214	0	203
log1p	307	76	HalfToEven	214	0	203
log1p	307	76	HalfTowardZero	214	0	203
log1p	307	76	Trunc	214	0	203
log1p	307	76	ZeroFiveUp	214	0	203
log1p	38	0	AwayFromZero	2	0	415
log1p	38	0	Ceiling	2	0	415
log1p	38	0	Floor	2	0	415
log1p	38	0	HalfAwayFromZero	2	0	415
log1p	38	0	HalfToEven	2	0	415
log1p	38	0	HalfTowardZero	2	0	415
log1p	38	0	Trunc	2	0	415
log1p	38	0	ZeroFiveUp	2	0	415
log1p	38	10	AwayFromZero	65	0	352
log1p	38	10	Ceiling	65	0	352
log1p	38	10	Floor	65	0	352
log1p	38	10	HalfAwayFromZero	65	0	352
log1p	38	10	HalfToEven	65	0	352
log1p	38	10	HalfTowardZero	65	0	352
log1p	38	10	Trunc	65	0	352
log1p	38	10	ZeroFiveUp	65	0	352
log1p	38	12	AwayFromZero	78	0	339
log1p	38	12	Ceiling	78	0	339
log1p	38	12	Floor	78	0	339
log1p	38	12	HalfAwayFromZero	78	0	339
log1p	38	12	HalfToEven	78	0	339
log1p	38	12	HalfTowardZero	78	0	339
log1p	38	12	Trunc	78	0	339
log1p	38	12	ZeroFiveUp	78	0	339
log1p	38	17	AwayFromZero	97	0	320
log1p	38	17	Ceiling	97	0	320
log1p	38	17	Floor	97	0	320
log1p	38	17	HalfAwayFromZero	97	0	320
log1p	38	17	HalfToEven	97	0	320
log1p	38	17	HalfTowardZero	97	0	320
log1p	38	17	Trunc	97	0	320
log1p	38	17	ZeroFiveUp	97	0	320
log1p	38	18	AwayFromZero	98	0	319
log1p	38	18	Ceiling	98	0	319
log1p	38	18	Floor	98	0	319
log1p	38	18	HalfAwayFromZero	98	0	319
log1p	38	18	HalfToEven	98	0	319
log1p	38	18	HalfTowardZero	98	0	319
log1p	38	18	Trunc	98	0	319
log1p	38	18	ZeroFiveUp	98	0	319
log1p	38	19	AwayFromZero	101	0	316
log1p	38	19	Ceiling	101	0	316
log1p	38	19	Floor	101	0	316
log1p	38	19	HalfAwayFromZero	101	0	316
log1p	38	19	HalfToEven	101	0	316
log1p	38	19	HalfTowardZero	101	0	316
log1p	38	19	Trunc	101	0	316
log1p	38	19	ZeroFiveUp	101	0	316
log1p	38	2	AwayFromZero	12	0	405
log1p	38	2	Ceiling	12	0	405
log1p	38	2	Floor	12	0	405
log1p	38	2	HalfAwayFromZero	12	0	405
log1p	38	2	HalfToEven	12	0	405
log1p	38	2	HalfTowardZero	12	0	405
log1p	38	2	Trunc	12	0	405
log1p	38	2	ZeroFiveUp	12	0	405
log1p	38	28	AwayFromZero	131	0	286
log1p	38	28	Ceiling	131	0	286
log1p	38	28	Floor	131	0	286
log1p	38	28	HalfAwayFromZero	131	0	286
log1p	38	28	HalfToEven	131	0	286
log1p	38	28	HalfTowardZero	131	0	286
log1p	38	28	Trunc	131	0	286
log1p	38	28	ZeroFiveUp	131	0	286
log1p	38	37	AwayFromZero	151	0	266
log1p	38	37	Ceiling	151	0	266
log1p	38	37	Floor	151	0	266
log1p	38	37	HalfAwayFromZero	151	0	266
log1p	38	37	HalfToEven	151	0	266
log1p	38	37	HalfTowardZero	151	0	266
log1p	38	37	Trunc	151	0	266
log1p	38	37	ZeroFiveUp	151	0	266
log1p	38	6	AwayFromZero	37	0	380
log1p	38	6	Ceiling	37	0	380
log1p	38	6	Floor	37	0	380
log1p	38	6	HalfAwayFromZero	37	0	380
log1p	38	6	HalfToEven	37	0	380
log1p	38	6	HalfTowardZero	37	0	380
log1p	38	6	Trunc	37	0	380
log1p	38	6	ZeroFiveUp	37	0	380
log1p	38	9	AwayFromZero	58	0	359
log1p	38	9	Ceiling	58	0	359
log1p	38	9	Floor	58	0	359
log1p	38	9	HalfAwayFromZero	58	0	359
log1p	38	9	HalfToEven	58	0	359
log1p	38	9	HalfTowardZero	58	0	359
log1p	38	9	Trunc	58	0	359
log1p	38	9	ZeroFiveUp	58	0	359
log1p	462	0	AwayFromZero	2	0	415
log1p	462	0	Ceiling	2	0	415
log1p	462	0	Floor	2	0	415
log1p	462	0	HalfAwayFromZero	2	0	415
log1p	462	0	HalfToEven	2	0	415
log1p	462	0	HalfTowardZero	2	0	415
log1p	462	0	Trunc	2	0	415
log1p	462	0	ZeroFiveUp	2	0	415
log1p	462	100	AwayFromZero	242	0	175
log1p	462	100	Ceiling	242	0	175
log1p	462	100	Floor	242	0	175
log1p	462	100	HalfAwayFromZero	242	0	175
log1p	462	100	HalfToEven	242	0	175
log1p	462	100	HalfTowardZero	242	0	175
log1p	462	100	Trunc	242	0	175
log1p	462	100	ZeroFiveUp	242	0	175
log1p	462	115	AwayFromZero	250	0	167
log1p	462	115	Ceiling	250	0	167
log1p	462	115	Floor	250	0	167
log1p	462	115	HalfAwayFromZero	250	0	167
log1p	462	115	HalfToEven	250	0	167
log1p	462	115	HalfTowardZero	250	0	167
log1p	462	115	Trunc	250	0	167
log1p	462	115	ZeroFiveUp	250	0	167
log1p	462	180	AwayFromZero	315	0	102
log1p	462	180	Ceiling	315	0	102
log1p	462	180	Floor	315	0	102
log1p	462	180	HalfAwayFromZero	315	0	102
log1p	462	180	HalfToEven	315	0	102
log1p	462	180	HalfTowardZero	315	0	102
log1p	462	180	Trunc	315	0	102
log1p	462	180	ZeroFiveUp	315	0	102
log1p	462	231	AwayFromZero	324	0	93
log1p	462	231	Ceiling	324	0	93
log1p	462	231	Floor	324	0	93
log1p	462	231	HalfAwayFromZero	324	0	93
log1p	462	231	HalfToEven	324	0	93
log1p	462	231	HalfTowardZero	324	0	93
log1p	462	231	Trunc	324	0	93
log1p	462	231	ZeroFiveUp	324	0	93
log1p	462	30	AwayFromZero	140	0	277
log1p	462	30	Ceiling	140	0	277
log1p	462	30	Floor	140	0	277
log1p	462	30	HalfAwayFromZero	140	0	277
log1p	462	30	HalfToEven	140	0	277
log1p	462	30	HalfTowardZero	140	0	277
log1p	462	30	Trunc	140	0	277
log1p	462	30	ZeroFiveUp	140	0	277
log1p	462	346	AwayFromZero	364	0	53
log1p	462	346	Ceiling	364	0	53
log1p	462	346	Floor	364	0	53
log1p	462	346	HalfAwayFromZero	364	0	53
log1p	462	346	HalfToEven	364	0	53
log1p	462	346	HalfTowardZero	364	0	53
log1p	462	346	Trunc	364	0	53
log1p	462	346	ZeroFiveUp	364	0	53
log1p	462	461	AwayFromZero	378	0	39
log1p	462	461	Ceiling	378	0	39
log1p	462	461	Floor	378	0	39
log1p	462	461	HalfAwayFromZero	378	0	39
log1p	462	461	HalfToEven	378	0	39
log1p	462	461	HalfTowardZero	378	0	39
log1p	462	461	Trunc	378	0	39
log1p	462	461	ZeroFiveUp	378	0	39
log1p	57	0	AwayFromZero	2	0	415
log1p	57	0	Ceiling	2	0	415
log1p	57	0	Floor	2	0	415
log1p	57	0	HalfAwayFromZero	2	0	415
log1p	57	0	HalfToEven	2	0	415
log1p	57	0	HalfTowardZero	2	0	415
log1p	57	0	Trunc	2	0	415
log1p	57	0	ZeroFiveUp	2	0	415
log1p	57	14	AwayFromZero	82	0	335
log1p	57	14	Ceiling	82	0	335
log1p	57	14	Floor	82	0	335
log1p	57	14	HalfAwayFromZero	82	0	335
log1p	57	14	HalfToEven	82	0	335
log1p	57	14	HalfTowardZero	82	0	335
log1p	57	14	Trunc	82	0	335
log1p	57	14	ZeroFiveUp	82	0	335
log1p	57	20	AwayFromZero	108	0	309
log1p	57	20	Ceiling	108	0	309
log1p	57	20	Floor	108	0	309
log1p	57	20	HalfAwayFromZero	108	0	309
log1p	57	20	HalfToEven	108	0	309
log1p	57	20	HalfTowardZero	108	0	309
log1p	57	20	Trunc	108	0	309
log1p	57	20	ZeroFiveUp	108	0	309
log1p	57	28	AwayFromZero	131	0	286
log1p	57	28	Ceiling	131	0	286
log1p	57	28	Floor	131	0	286
log1p	57	28	HalfAwayFromZero	131	0	286
log1p	57	28	HalfToEven	131	0	286
log1p	57	28	HalfTowardZero	131	0	286
log1p	57	28	Trunc	131	0	286
log1p	57	28	ZeroFiveUp	131	0	286
log1p	57	30	AwayFromZero	140	0	277
log1p	57	30	Ceiling	140	0	277
log1p	57	30	Floor	140	0	277
log1p	57	30	HalfAwayFromZero	140	0	277
log1p	57	30	HalfToEven	140	0	277
log1p	57	30	HalfTowardZero	140	0	277
log1p	57	30	Trunc	140	0	277
log1p	57	30	ZeroFiveUp	140	0	277
log1p	57	42	AwayFromZero	164	0	253
log1p	57	42	Ceiling	164	0	253
log1p	57	42	Floor	164	0	253
log1p	57	42	HalfAwayFromZero	164	0	253
log1p	57	42	HalfToEven	164	0	253
log1p	57	42	HalfTowardZero	164	0	253
log1p	57	42	Trunc	164	0	253
log1p	57	42	ZeroFiveUp	164	0	253
log1p	57	56	AwayFromZero	182	0	235
log1p	57	56	Ceiling	182	0	235
log1p	57	56	Floor	182	0	235
log1p	57	56	HalfAwayFromZero	182	0	235
log1p	57	56	HalfToEven	182	0	235
log1p	57	56	HalfTowardZero	182	0	235
log1p	57	56	Trunc	182	0	235
log1p	57	56	ZeroFiveUp	182	0	235
log1p	616	0	AwayFromZero	2	0	415
log1p	616	0	Ceiling	2	0	415
log1p	616	0	Floor	2	0	415
log1p	616	0	HalfAwayFromZero	2	0	415
log1p	616	0	HalfToEven	2	0	415
log1p	616	0	HalfTowardZero	2	0	415
log1p	616	0	Trunc	2	0	415
log1p	616	0	ZeroFiveUp	2	0	415
log1p	616	130	AwayFromZero	276	0	141
log1p	616	130	Ceiling	276	0	141
log1p	616	130	Floor	276	0	141
log1p	616	130	HalfAwayFromZero	276	0	141
log1p	616	130	HalfToEven	276	0	141
log1p	616	130	HalfTowardZero	276	0	141
log1p	616	130	Trunc	276	0	141
log1p	616	130	ZeroFiveUp	276	0	141
log1p	616	154	AwayFromZero	293	0	124
log1p	616	154	Ceiling	293	0	124
log1p	616	154	Floor	293	0	124
log1p	616	154	HalfAwayFromZero	293	0	124
log1p	616	154	HalfToEven	293	0	124
log1p	616	154	HalfTowardZero	293	0	124
log1p	616	154	Trunc	293	0	124
log1p	616	154	ZeroFiveUp	293	0	124
log1p	616	240	AwayFromZero	339	0	78
log1p	616	240	Ceiling	339	0	78
log1p	616	240	Floor	339	0	78
log1p	616	240	HalfAwayFromZero	339	0	78
log1p	616	240	HalfToEven	339	0	78
log1p	616	240	HalfTowardZero	339	0	78
log1p	616	240	Trunc	339	0	78
log1p	616	240	ZeroFiveUp	339	0	78
log1p	616	30	AwayFromZero	140	0	277
log1p	616	30	Ceiling	140	0	277
log1p	616	30	Floor	140	0	277
log1p	616	30	HalfAwayFromZero	140	0	277
log1p	616	30	HalfToEven	140	0	277
log1p	616	30	HalfTowardZero	140	0	277
log1p	616	30	Trunc	140	0	277
log1p	616	30	ZeroFiveUp	140	0	277
log1p	616	308	AwayFromZero	355	0	62
log1p	616	308	Ceiling	355	0	62
log1p	616	308	Floor	355	0	62
log1p	616	308	HalfAwayFromZero	355	0	62
log1p	616	308	HalfToEven	355	0	62
log1p	616	308	HalfTowardZero	355	0	62
log1p	616	308	Trunc	355	0	62
log1p	616	308	ZeroFiveUp	355	0	62
log1p	616	462	AwayFromZero	379	0	38
log1p	616	462	Ceiling	379	0	38
log1p	616	462	Floor	379	0	38
log1p	616	462	HalfAwayFromZero	379	0	38
log1p	616	462	HalfToEven	379	0	38
log1p	616	462	HalfTowardZero	379	0	38
log1p	616	462	Trunc	379	0	38
log1p	616	462	ZeroFiveUp	379	0	38
log1p	616	590	AwayFromZero	389	0	28
log1p	616	590	Ceiling	389	0	28
log1p	616	590	Floor	389	0	28
log1p	616	590	HalfAwayFromZero	389	0	28
log1p	616	590	HalfToEven	389	0	28
log1p	616	590	HalfTowardZero	389	0	28
log1p	616	590	Trunc	389	0	28
log1p	616	590	ZeroFiveUp	389	0	28
log1p	616	615	AwayFromZero	398	0	19
log1p	616	615	Ceiling	398	0	19
log1p	616	615	Floor	398	0	19
log1p	616	615	HalfAwayFromZero	398	0	19
log1p	616	615	HalfToEven	398	0	19
log1p	616	615	HalfTowardZero	398	0	19
log1p	616	615	Trunc	398	0	19
log1p	616	615	ZeroFiveUp	398	0	19
log1p	76	0	AwayFromZero	2	0	415
log1p	76	0	Ceiling	2	0	415
log1p	76	0	Floor	2	0	415
log1p	76	0	HalfAwayFromZero	2	0	415
log1p	76	0	HalfToEven	2	0	415
log1p	76	0	HalfTowardZero	2	0	415
log1p	76	0	Trunc	2	0	415
log1p	76	0	ZeroFiveUp	2	0	415
log1p	76	18	AwayFromZero	98	0	319
log1p	76	18	Ceiling	98	0	319
log1p	76	18	Floor	98	0	319
log1p	76	18	HalfAwayFromZero	98	0	319
log1p	76	18	HalfToEven	98	0	319
log1p	76	18	HalfTowardZero	98	0	319
log1p	76	18	Trunc	98	0	319
log1p	76	18	ZeroFiveUp	98	0	319
log1p	76	19	AwayFromZero	101	0	316
log1p	76	19	Ceiling	101	0	316
log1p	76	19	Floor	101	0	316
log1p	76	19	HalfAwayFromZero	101	0	316
log1p	76	19	HalfToEven	101	0	316
log1p	76	19	HalfTowardZero	101	0	316
log1p	76	19	Trunc	101	0	316
log1p	76	19	ZeroFiveUp	101	0	316
log1p	76	38	AwayFromZero	154	0	263
log1p	76	38	Ceiling	154	0	263
log1p	76	38	Floor	154	0	263
log1p	76	38	HalfAwayFromZero	154	0	263
log1p	76	38	HalfToEven	154	0	263
log1p	76	38	HalfTowardZero	154	0	263
log1p	76	38	Trunc	154	0	263
log1p	76	38	ZeroFiveUp	154	0	263
log1p	76	40	AwayFromZero	163	0	254
log1p	76	40	Ceiling	163	0	254
log1p	76	40	Floor	163	0	254
log1p	76	40	HalfAwayFromZero	163	0	254
log1p	76	40	HalfToEven	163	0	254
log1p	76	40	HalfTowardZero	163	0	254
log1p	76	40	Trunc	163	0	254
log1p	76	40	ZeroFiveUp	163	0	254
log1p	76	57	AwayFromZero	185	0	232
log1p	76	57	Ceiling	185	0	232
log1p	76	57	Floor	185	0	232
log1p	76	57	HalfAwayFromZero	185	0	232
log1p	76	57	HalfToEven	185	0	232
log1p	76	57	HalfTowardZero	185	0	232
log1p	76	57	Trunc	185	0	232
log1p	76	57	ZeroFiveUp	185	0	232
log1p	76	75	AwayFromZero	211	0	206
log1p	76	75	Ceiling	211	0	206
log1p	76	75	Floor	211	0	206
log1p	76	75	HalfAwayFromZero	211	0	206
log1p	76	75	HalfToEven	211	0	206
log1p	76	75	HalfTowardZero	211	0	206
log1p	76	75	Trunc	211	0	206
log1p	76	75	ZeroFiveUp	211	0	206
log1p	924	0	AwayFromZero	2	0	415
log1p	924	0	Ceiling	2	0	415
log1p	924	0	Floor	2	0	415
log1p	924	0	HalfAwayFromZero	2	0	415
log1p	924	0	HalfToEven	2	0	415
log1p	924	0	HalfTowardZero	2	0	415
log1p	924	0	Trunc	2	0	415
log1p	924	0	ZeroFiveUp	2	0	415
log1p	924	180	AwayFromZero	315	0	102
log1p	924	180	Ceiling	315	0	102
log1p	924	180	Floor	315	0	102
log1p	924	180	HalfAwayFromZero	315	0	102
log1p	924	180	HalfToEven	315	0	102
log1p	924	180	HalfTowardZero	315	0	102
log1p	924	180	Trunc	315	0	102
log1p	924	180	ZeroFiveUp	315	0	102
log1p	924	231	AwayFromZero	324	0	93
log1p	924	231	Ceiling	324	0	93
log1p	924	231	Floor	324	0	93
log1p	924	231	HalfAwayFromZero	324	0	93
log1p	924	231	HalfToEven	324	0	93
log1p	924	231	HalfTowardZero	324	0	93
log1p	924	231	Trunc	324	0	93
log1p	924	231	ZeroFiveUp	324	0	93
log1p	924	30	AwayFromZero	140	0	277
log1p	924	30	Ceiling	140	0	277
log1p	924	30	Floor	140	0	277
log1p	924	30	HalfAwayFromZero	140	0	277
log1p	924	30	HalfToEven	140	0	277
log1p	924	30	HalfTowardZero	140	0	277
log1p	924	30	Trunc	140	0	277
log1p	924	30	ZeroFiveUp	140	0	277
log1p	924	350	AwayFromZero	369	0	48
log1p	924	350	Ceiling	369	0	48
log1p	924	350	Floor	369	0	48
log1p	924	350	HalfAwayFromZero	369	0	48
log1p	924	350	HalfToEven	369	0	48
log1p	924	350	HalfTowardZero	369	0	48
log1p	924	350	Trunc	369	0	48
log1p	924	350	ZeroFiveUp	369	0	48
log1p	924	462	AwayFromZero	379	0	38
log1p	924	462	Ceiling	379	0	38
log1p	924	462	Floor	379	0	38
log1p	924	462	HalfAwayFromZero	379	0	38
log1p	924	462	HalfToEven	379	0	38
log1p	924	462	HalfTowardZero	379	0	38
log1p	924	462	Trunc	379	0	38
log1p	924	462	ZeroFiveUp	379	0	38
log1p	924	693	AwayFromZero	404	0	13
log1p	924	693	Ceiling	404	0	13
log1p	924	693	Floor	404	0	13
log1p	924	693	HalfAwayFromZero	404	0	13
log1p	924	693	HalfToEven	404	0	13
log1p	924	693	HalfTowardZero	404	0	13
log1p	924	693	Trunc	404	0	13
log1p	924	693	ZeroFiveUp	404	0	13
log1p	924	900	AwayFromZero	405	0	12
log1p	924	900	Ceiling	405	0	12
log1p	924	900	Floor	405	0	12
log1p	924	900	HalfAwayFromZero	405	0	12
log1p	924	900	HalfToEven	405	0	12
log1p	924	900	HalfTowardZero	405	0	12
log1p	924	900	Trunc	405	0	12
log1p	924	900	ZeroFiveUp	405	0	12
log1p	924	923	AwayFromZero	410	0	7
log1p	924	923	Ceiling	410	0	7
log1p	924	923	Floor	410	0	7
log1p	924	923	HalfAwayFromZero	410	0	7
log1p	924	923	HalfToEven	410	0	7
log1p	924	923	HalfTowardZero	410	0	7
log1p	924	923	Trunc	410	0	7
log1p	924	923	ZeroFiveUp	410	0	7
log2	115	0	AwayFromZero	925	0	4109
log2	115	0	Ceiling	925	0	4109
log2	115	0	Floor	925	0	4109
log2	115	0	HalfAwayFromZero	925	0	4109
log2	115	0	HalfToEven	925	0	4109
log2	115	0	HalfTowardZero	925	0	4109
log2	115	0	Trunc	925	0	4109
log2	115	0	ZeroFiveUp	925	0	4109
log2	115	114	AwayFromZero	1554	0	3480
log2	115	114	Ceiling	1554	0	3480
log2	115	114	Floor	1554	0	3480
log2	115	114	HalfAwayFromZero	1554	0	3480
log2	115	114	HalfToEven	1554	0	3480
log2	115	114	HalfTowardZero	1554	0	3480
log2	115	114	Trunc	1554	0	3480
log2	115	114	ZeroFiveUp	1554	0	3480
log2	115	28	AwayFromZero	5001	0	33
log2	115	28	Ceiling	5001	0	33
log2	115	28	Floor	5001	0	33
log2	115	28	HalfAwayFromZero	5001	0	33
log2	115	28	HalfToEven	5001	0	33
log2	115	28	HalfTowardZero	5001	0	33
log2	115	28	Trunc	5001	0	33
log2	115	28	ZeroFiveUp	5001	0	33
log2	115	50	AwayFromZero	5000	0	34
log2	115	50	Ceiling	5000	0	34
log2	115	50	Floor	5000	0	34
log2	115	50	HalfAwayFromZero	5000	0	34
log2	115	50	HalfToEven	5000	0	34
log2	115	50	HalfTowardZero	5000	0	34
log2	115	50	Trunc	5000	0	34
log2	115	50	ZeroFiveUp	5000	0	34
log2	115	57	AwayFromZero	5001	0	33
log2	115	57	Ceiling	5001	0	33
log2	115	57	Floor	5001	0	33
log2	115	57	HalfAwayFromZero	5001	0	33
log2	115	57	HalfToEven	5001	0	33
log2	115	57	HalfTowardZero	5001	0	33
log2	115	57	Trunc	5001	0	33
log2	115	57	ZeroFiveUp	5001	0	33
log2	115	86	AwayFromZero	4998	0	36
log2	115	86	Ceiling	4998	0	36
log2	115	86	Floor	4998	0	36
log2	115	86	HalfAwayFromZero	4998	0	36
log2	115	86	HalfToEven	4998	0	36
log2	115	86	HalfTowardZero	4998	0	36
log2	115	86	Trunc	4998	0	36
log2	115	86	ZeroFiveUp	4998	0	36
log2	1232	0	AwayFromZero	938	0	4096
log2	1232	0	Ceiling	938	0	4096
log2	1232	0	Floor	938	0	4096
log2	1232	0	HalfAwayFromZero	938	0	4096
log2	1232	0	HalfToEven	938	0	4096
log2	1232	0	HalfTowardZero	938	0	4096
log2	1232	0	Trunc	938	0	4096
log2	1232	0	ZeroFiveUp	938	0	4096
log2	1232	1200	AwayFromZero	5011	0	23
log2	1232	1200	Ceiling	5011	0	23
log2	1232	1200	Floor	5011	0	23
log2	1232	1200	HalfAwayFromZero	5011	0	23
log2	1232	1200	HalfToEven	5011	0	23
log2	1232	1200	HalfTowardZero	5011	0	23
log2	1232	1200	Trunc	5011	0	23
log2	1232	1200	ZeroFiveUp	5011	0	23
log2	1232	1231	AwayFromZero	1567	0	3467
log2	1232	1231	Ceiling	1567	0	3467
log2	1232	1231	Floor	1567	0	3467
log2	1232	1231	HalfAwayFromZero	1567	0	3467
log2	1232	1231	HalfToEven	1567	0	3467
log2	1232	1231	HalfTowardZero	1567	0	3467
log2	1232	1231	Trunc	1567	0	3467
log2	1232	1231	ZeroFiveUp	1567	0	3467
log2	1232	250	AwayFromZero	5027	0	7
log2	1232	250	Ceiling	5027	0	7
log2	1232	250	Floor	5027	0	7
log2	1232	250	HalfAwayFromZero	5027	0	7
log2	1232	250	HalfToEven	5027	0	7
log2	1232	250	HalfTowardZero	5027	0	7
log2	1232	250	Trunc	5027	0	7
log2	1232	250	ZeroFiveUp	5027	0	7
log2	1232	30	AwayFromZero	5015	0	19
log2	1232	30	Ceiling	5015	0	19
log2	1232	30	Floor	5015	0	19
log2	1232	30	HalfAwayFromZero	5015	0	19
log2	1232	30	HalfToEven	5015	0	19
log2	1232	30	HalfTowardZero	5015	0	19
log2	1232	30	Trunc	5015	0	19
log2	1232	30	ZeroFiveUp	5015	0	19
log2	1232	308	AwayFromZero	5028	0	6
log2	1232	308	Ceiling	5028	0	6
log2	1232	308	Floor	5028	0	6
log2	1232	308	HalfAwayFromZero	5028	0	6
log2	1232	308	HalfToEven	5028	0	6
log2	1232	308	HalfTowardZero	5028	0	6
log2	1232	308	Trunc	5028	0	6
log2	1232	308	ZeroFiveUp	5028	0	6
log2	1232	470	AwayFromZero	5029	0	5
log2	1232	470	Ceiling	5029	0	5
log2	1232	470	Floor	5029	0	5
log2	1232	470	HalfAwayFromZero	5029	0	5
log2	1232	470	HalfToEven	5029	0	5
log2	1232	470	HalfTowardZero	5029	0	5
log2	1232	470	Trunc	5029	0	5
log2	1232	470	ZeroFiveUp	5029	0	5
log2	1232	616	AwayFromZero	5029	0	5
log2	1232	616	Ceiling	5029	0	5
log2	1232	616	Floor	5029	0	5
log2	1232	616	HalfAwayFromZero	5029	0	5
log2	1232	616	HalfToEven	5029	0	5
log2	1232	616	HalfTowardZero	5029	0	5
log2	1232	616	Trunc	5029	0	5
log2	1232	616	ZeroFiveUp	5029	0	5
log2	1232	924	AwayFromZero	5028	0	6
log2	1232	924	Ceiling	5028	0	6
log2	1232	924	Floor	5028	0	6
log2	1232	924	HalfAwayFromZero	5028	0	6
log2	1232	924	HalfToEven	5028	0	6
log2	1232	924	HalfTowardZero	5028	0	6
log2	1232	924	Trunc	5028	0	6
log2	1232	924	ZeroFiveUp	5028	0	6
log2	153	0	AwayFromZero	927	0	4107
log2	153	0	Ceiling	927	0	4107
log2	153	0	Floor	927	0	4107
log2	153	0	HalfAwayFromZero	927	0	4107
log2	153	0	HalfToEven	927	0	4107
log2	153	0	HalfTowardZero	927	0	4107
log2	153	0	Trunc	927	0	4107
log2	153	0	ZeroFiveUp	927	0	4107
log2	153	114	AwayFromZero	5001	0	33
log2	153	114	Ceiling	5001	0	33
log2	153	114	Floor	5001	0	33
log2	153	114	HalfAwayFromZero	5001	0	33
log2	153	114	HalfToEven	5001	0	33
log2	153	114	HalfTowardZero	5001	0	33
log2	153	114	Trunc	5001	0	33
log2	153	114	ZeroFiveUp	5001	0	33
log2	153	152	AwayFromZero	1557	0	3477
log2	153	152	Ceiling	1557	0	3477
log2	153	152	Floor	1557	0	3477
log2	153	152	HalfAwayFromZero	1557	0	3477
log2	153	152	HalfToEven	1557	0	3477
log2	153	152	HalfTowardZero	1557	0	3477
log2	153	152	Trunc	1557	0	3477
log2	153	152	ZeroFiveUp	1557	0	3477
log2	153	38	AwayFromZero	5004	0	30
log2	153	38	Ceiling	5004	0	30
log2	153	38	Floor	5004	0	30
log2	153	38	HalfAwayFromZero	5004	0	30
log2	153	38	HalfToEven	5004	0	30
log2	153	38	HalfTowardZero	5004	0	30
log2	153	38	Trunc	5004	0	30
log2	153	38	ZeroFiveUp	5004	0	30
log2	153	76	AwayFromZero	5004	0	30
log2	153	76	Ceiling	5004	0	30
log2	153	76	Floor	5004	0	30
log2	153	76	HalfAwayFromZero	5004	0	30
log2	153	76	HalfToEven	5004	0	30
log2	153	76	HalfTowardZero	5004	0	30
log2	153	76	Trunc	5004	0	30
log2	153	76	ZeroFiveUp	5004	0	30
log2	18	0	AwayFromZero	914	0	4120
log2	18	0	Ceiling	914	0	4120
log2	18	0	Floor	914	0	4120
log2	18	0	HalfAwayFromZero	914	0	4120
log2	18	0	HalfToEven	914	0	4120
log2	18	0	HalfTowardZero	914	0	4120
log2	18	0	Trunc	914	0	4120
log2	18	0	ZeroFiveUp	914	0	4120
log2	18	13	AwayFromZero	739	0	4295
log2	18	13	Ceiling	739	0	4295
log2	18	13	Floor	739	0	4295
log2	18	13	HalfAwayFromZero	739	0	4295
log2	18	13	HalfToEven	739	0	4295
log2	18	13	HalfTowardZero	739	0	4295
log2	18	13	Trunc	739	0	4295
log2	18	13	ZeroFiveUp	739	0	4295
log2	18	17	AwayFromZero	355	0	4679
log2	18	17	Ceiling	355	0	4679
log2	18	17	Floor	355	0	4679
log2	18	17	HalfAwayFromZero	355	0	4679
log2	18	17	HalfToEven	355	0	4679
log2	18	17	HalfTowardZero	355	0	4679
log2	18	17	Trunc	355	0	4679
log2	18	17	ZeroFiveUp	355	0	4679
log2	18	3	AwayFromZero	919	0	4115
log2	18	3	Ceiling	919	0	4115
log2	18	3	Floor	919	0	4115
log2	18	3	HalfAwayFromZero	919	0	4115
log2	18	3	HalfToEven	919	0	4115
log2	18	3	HalfTowardZero	919	0	4115
log2	18	3	Trunc	919	0	4115
log2	18	3	ZeroFiveUp	919	0	4115
log2	18	4	AwayFromZero	1079	0	3955
log2	18	4	Ceiling	1079	0	3955
log2	18	4	Floor	1079	0	3955
log2	18	4	HalfAwayFromZero	1079	0	3955
log2	18	4	HalfToEven	1079	0	3955
log2	18	4	HalfTowardZero	1079	0	3955
log2	18	4	Trunc	1079	0	3955
log2	18	4	ZeroFiveUp	1079	0	3955
log2	18	9	AwayFromZero	1396	0	3638
log2	18	9	Ceiling	1396	0	3638
log2	18	9	Floor	1396	0	3638
log2	18	9	HalfAwayFromZero	1396	0	3638
log2	18	9	HalfToEven	1396	0	3638
log2	18	9	HalfTowardZero	1396	0	3638
log2	18	9	Trunc	1396	0	3638
log2	18	9	ZeroFiveUp	1396	0	3638
log2	230	0	AwayFromZero	930	0	4104
log2	230	0	Ceiling	930	0	4104
log2	230	0	Floor	930	0	4104
log2	230	0	HalfAwayFromZero	930	0	4104
log2	230	0	HalfToEven	930	0	4104
log2	230	0	HalfTowardZero	930	0	4104
log2	230	0	Trunc	930	0	4104
log2	230	0	ZeroFiveUp	930	0	4104
log2	230	115	AwayFromZero	5010	0	24
log2	230	115	Ceiling	5010	0	24
log2	230	115	Floor	5010	0	24
log2	230	115	HalfAwayFromZero	5010	0	24
log2	230	115	HalfToEven	5010	0	24
log2	230	115	HalfTowardZero	5010	0	24
log2	230	115	Trunc	5010	0	24
log2	230	115	ZeroFiveUp	5010	0	24
log2	230	172	AwayFromZero	5008	0	26
log2	230	172	Ceiling	5008	0	26
log2	230	172	Floor	5008	0	26
log2	230	172	HalfAwayFromZero	5008	0	26
log2	230	172	HalfToEven	5008	0	26
log2	230	172	HalfTowardZero	5008	0	26
log2	230	172	Trunc	5008	0	26
log2	230	172	ZeroFiveUp	5008	0	26
log2	230	229	AwayFromZero	1560	0	3474
log2	230	229	Ceiling	1560	0	3474
log2	230	229	Floor	1560	0	3474
log2	230	229	HalfAwayFromZero	1560	0	3474
log2	230	229	HalfToEven	1560	0	3474
log2	230	229	HalfTowardZero	1560	0	3474
log2	230	229	Trunc	1560	0	3474
log2	230	229	ZeroFiveUp	1560	0	3474
log2	230	30	AwayFromZero	5006	0	28
log2	230	30	Ceiling	5006	0	28
log2	230	30	Floor	5006	0	28
log2	230	30	HalfAwayFromZero	5006	0	28
log2	230	30	HalfToEven	5006	0	28
log2	230	30	HalfTowardZero	5006	0	28
log2	230	30	Trunc	5006	0	28
log2	230	30	ZeroFiveUp	5006	0	28
log2	230	57	AwayFromZero	5009	0	25
log2	230	57	Ceiling	5009	0	25
log2	230	57	Floor	5009	0	25
log2	230	57	HalfAwayFromZero	5009	0	25
log2	230	57	HalfToEven	5009	0	25
log2	230	57	HalfTowardZero	5009	0	25
log2	230	57	Trunc	5009	0	25
log2	230	57	ZeroFiveUp	5009	0	25
log2	307	0	AwayFromZero	932	0	4102
log2	307	0	Ceiling	932	0	4102
log2	307	0	Floor	932	0	4102
log2	307	0	HalfAwayFromZero	932	0	4102
log2	307	0	HalfToEven	932	0	4102
log2	307	0	HalfTowardZero	932	0	4102
log2	307	0	Trunc	932	0	4102
log2	307	0	ZeroFiveUp	932	0	4102
log2	307	120	AwayFromZero	5013	0	21
log2	307	120	Ceiling	5013	0	21
log2	307	120	Floor	5013	0	21
log2	307	120	HalfAwayFromZero	5013	0	21
log2	307	120	HalfToEven	5013	0	21
log2	307	120	HalfTowardZero	5013	0	21
log2	307	120	Trunc	5013	0	21
log2	307	120	ZeroFiveUp	5013	0	21
log2	307	153	AwayFromZero	5013	0	21
log2	307	153	Ceiling	5013	0	21
log2	307	153	Floor	5013	0	21
log2	307	153	HalfAwayFromZero	5013	0	21
log2	307	153	HalfToEven	5013	0	21
log2	307	153	HalfTowardZero	5013	0	21
log2	307	153	Trunc	5013	0	21
log2	307	153	ZeroFiveUp	5013	0	21
log2	307	230	AwayFromZero	5011	0	23
log2	307	230	Ceiling	5011	0	23
log2	307	230	Floor	5011	0	23
log2	307	230	HalfAwayFromZero	5011	0	23
log2	307	230	HalfToEven	5011	0	23
log2	307	230	HalfTowardZero	5011	0	23
log2	307	230	Trunc	5011	0	23
log2	307	230	ZeroFiveUp	5011	0	23
log2	307	290	AwayFromZero	5002	0	32
log2	307	290	Ceiling	5002	0	32
log2	307	290	Floor	5002	0	32
log2	307	290	HalfAwayFromZero	5002	0	32
log2	307	290	HalfToEven	5002	0	32
log2	307	290	HalfTowardZero	5002	0	32
log2	307	290	Trunc	5002	0	32
log2	307	290	ZeroFiveUp	5002	0	32
log2	307	30	AwayFromZero	5008	0	26
log2	307	30	Ceiling	5008	0	26
log2	307	30	Floor	5008	0	26
log2	307	30	HalfAwayFromZero	5008	0	26
log2	307	30	HalfToEven	5008	0	26
log2	307	30	HalfTowardZero	5008	0	26
log2	307	30	Trunc	5008	0	26
log2	307	30	ZeroFiveUp	5008	0	26
log2	307	306	AwayFromZero	1562	0	3472
log2	307	306	Ceiling	1562	0	3472
log2	307	306	Floor	1562	0	3472
log2	307	306	HalfAwayFromZero	1562	0	3472
log2	307	306	HalfToEven	1562	0	3472
log2	307	306	HalfTowardZero	1562	0	3472
log2	307	306	Trunc	1562	0	3472
log2	307	306	ZeroFiveUp	1562	0	3472
log2	307	50	AwayFromZero	5010	0	24
log2	307	50	Ceiling	5010	0	24
log2	307	50	Floor	5010	0	24
log2	307	50	HalfAwayFromZero	5010	0	24
log2	307	50	HalfToEven	5010	0	24
log2	307	50	HalfTowardZero	5010	0	24
log2	307	50	Trunc	5010	0	24
log2	307	50	ZeroFiveUp	5010	0	24
log2	307	70	AwayFromZero	5011	0	23
log2	307	70	Ceiling	5011	0	23
log2	307	70	Floor	5011	0	23
log2	307	70	HalfAwayFromZero	5011	0	23
log2	307	70	HalfToEven	5011	0	23
log2	307	70	HalfTowardZero	5011	0	23
log2	307	70	Trunc	5011	0	23
log2	307	70	ZeroFiveUp	5011	0	23
log2	307	76	AwayFromZero	5012	0	22
log2	307	76	Ceiling	5012	0	22
log2	307	76	Floor	5012	0	22
log2	307	76	HalfAwayFromZero	5012	0	22
log2	307	76	HalfToEven	5012	0	22
log2	307	76	HalfTowardZero	5012	0	22
log2	307	76	Trunc	5012	0	22
log2	307	76	ZeroFiveUp	5012	0	22
log2	38	0	AwayFromZero	917	0	4117
log2	38	0	Ceiling	917	0	4117
log2	38	0	Floor	917	0	4117
log2	38	0	HalfAwayFromZero	917	0	4117
log2	38	0	HalfToEven	917	0	4117
log2	38	0	HalfTowardZero	917	0	4117
log2	38	0	Trunc	917	0	4117
log2	38	0	ZeroFiveUp	917	0	4117
log2	38	10	AwayFromZero	1430	0	3604
log2	38	10	Ceiling	1430	0	3604
log2	38	10	Floor	1430	0	3604
log2	38	10	HalfAwayFromZero	1430	0	3604
log2	38	10	HalfToEven	1430	0	3604
log2	38	10	HalfTowardZero	1430	0	3604
log2	38	10	Trunc	1430	0	3604
log2	38	10	ZeroFiveUp	1430	0	3604
log2	38	12	AwayFromZero	1446	0	3588
log2	38	12	Ceiling	1446	0	3588
log2	38	12	Floor	1446	0	3588
log2	38	12	HalfAwayFromZero	1446	0	3588
log2	38	12	HalfToEven	1446	0	3588
log2	38	12	HalfTowardZero	1446	0	3588
log2	38	12	Trunc	1446	0	3588
log2	38	12	ZeroFiveUp	1446	0	3588
log2	38	17	AwayFromZero	1854	0	3180
log2	38	17	Ceiling	1854	0	3180
log2	38	17	Floor	1854	0	3180
log2	38	17	HalfAwayFromZero	1854	0	3180
log2	38	17	HalfToEven	1854	0	3180
log2	38	17	HalfTowardZero	1854	0	3180
log2	38	17	Trunc	1854	0	3180
log2	38	17	ZeroFiveUp	1854	0	3180
log2	38	18	AwayFromZero	1884	0	3150
log2	38	18	Ceiling	1884	0	3150
log2	38	18	Floor	1884	0	3150
log2	38	18	HalfAwayFromZero	1884	0	3150
log2	38	18	HalfToEven	1884	0	3150
log2	38	18	HalfTowardZero	1884	0	3150
log2	38	18	Trunc	1884	0	3150
log2	38	18	ZeroFiveUp	1884	0	3150
log2	38	19	AwayFromZero	2223	0	2811
log2	38	19	Ceiling	2223	0	2811
log2	38	19	Floor	2223	0	2811
log2	38	19	HalfAwayFromZero	2223	0	2811
log2	38	19	HalfToEven	2223	0	2811
log2	38	19	HalfTowardZero	2223	0	2811
log2	38	19	Trunc	2223	0	2811
log2	38	19	ZeroFiveUp	2223	0	2811
log2	38	2	AwayFromZero	918	0	4116
log2	38	2	Ceiling	918	0	4116
log2	38	2	Floor	918	0	4116
log2	38	2	HalfAwayFromZero	918	0	4116
log2	38	2	HalfToEven	918	0	4116
log2	38	2	HalfTowardZero	918	0	4116
log2	38	2	Trunc	918	0	4116
log2	38	2	ZeroFiveUp	918	0	4116
log2	38	28	AwayFromZero	4959	0	75
log2	38	28	Ceiling	4959	0	75
log2	38	28	Floor	4959	0	75
log2	38	28	HalfAwayFromZero	4959	0	75
log2	38	28	HalfToEven	4959	0	75
log2	38	28	HalfTowardZero	4959	0	75
log2	38	28	Trunc	4959	0	75
log2	38	28	ZeroFiveUp	4959	0	75
log2	38	37	AwayFromZero	1548	0	3486
log2	38	37	Ceiling	1548	0	3486
log2	38	37	Floor	1548	0	3486
log2	38	37	HalfAwayFromZero	1548	0	3486
log2	38	37	HalfToEven	1548	0	3486
log2	38	37	HalfTowardZero	1548	0	3486
log2	38	37	Trunc	1548	0	3486
log2	38	37	ZeroFiveUp	1548	0	3486
log2	38	6	AwayFromZero	1094	0	3940
log2	38	6	Ceiling	1094	0	3940
log2	38	6	Floor	1094	0	3940
log2	38	6	HalfAwayFromZero	1094	0	3940
log2	38	6	HalfToEven	1094	0	3940
log2	38	6	HalfTowardZero	1094	0	3940
log2	38	6	Trunc	1094	0	3940
log2	38	6	ZeroFiveUp	1094	0	3940
log2	38	9	AwayFromZero	1430	0	3604
log2	38	9	Ceiling	1430	0	3604
log2	38	9	Floor	1430	0	3604
log2	38	9	HalfAwayFromZero	1430	0	3604
log2	38	9	HalfToEven	1430	0	3604
log2	38	9	HalfTowardZero	1430	0	3604
log2	38	9	Trunc	1430	0	3604
log2	38	9	ZeroFiveUp	1430	0	3604
log2	462	0	AwayFromZero	934	0	4100
log2	462	0	Ceiling	934	0	4100
log2	462	0	Floor	934	0	4100
log2	462	0	HalfAwayFromZero	934	0	4100
log2	462	0	HalfToEven	934	0	4100
log2	462	0	HalfTowardZero	934	0	4100
log2	462	0	Trunc	934	0	4100
log2	462	0	ZeroFiveUp	934	0	4100
log2	462	100	AwayFromZero	5016	0	18
log2	462	100	Ceiling	5016	0	18
log2	462	100	Floor	5016	0	18
log2	462	100	HalfAwayFromZero	5016	0	18
log2	462	100	HalfToEven	5016	0	18
log2	462	100	HalfTowardZero	5016	0	18
log2	462	100	Trunc	5016	0	18
log2	462	100	ZeroFiveUp	5016	0	18
log2	462	115	AwayFromZero	5018	0	16
log2	462	115	Ceiling	5018	0	16
log2	462	115	Floor	5018	0	16
log2	462	115	HalfAwayFromZero	5018	0	16
log2	462	115	HalfToEven	5018	0	16
log2	462	115	HalfTowardZero	5018	0	16
log2	462	115	Trunc	5018	0	16
log2	462	115	ZeroFiveUp	5018	0	16
log2	462	180	AwayFromZero	5018	0	16
log2	462	180	Ceiling	5018	0	16
log2	462	180	Floor	5018	0	16
log2	462	180	HalfAwayFromZero	5018	0	16
log2	462	180	HalfToEven	5018	0	16
log2	462	180	HalfTowardZero	5018	0	16
log2	462	180	Trunc	5018	0	16
log2	462	180	ZeroFiveUp	5018	0	16
log2	462	231	AwayFromZero	5020	0	14
log2	462	231	Ceiling	5020	0	14
log2	462	231	Floor	5020	0	14
log2	462	231	HalfAwayFromZero	5020	0	14
log2	462	231	HalfToEven	5020	0	14
log2	462	231	HalfTowardZero	5020	0	14
log2	462	231	Trunc	5020	0	14
log2	462	231	ZeroFiveUp	5020	0	14
log2	462	30	AwayFromZero	5011	0	23
log2	462	30	Ceiling	5011	0	23
log2	462	30	Floor	5011	0	23
log2	462	30	HalfAwayFromZero	5011	0	23
log2	462	30	HalfToEven	5011	0	23
log2	462	30	HalfTowardZero	5011	0	23
log2	462	30	Trunc	5011	0	23
log2	462	30	ZeroFiveUp	5011	0	23
log2	462	346	AwayFromZero	5017	0	17
log2	462	346	Ceiling	5017	0	17
log2	462	346	Floor	5017	0	17
log2	462	346	HalfAwayFromZero	5017	0	17
log2	462	346	HalfToEven	5017	0	17
log2	462	346	HalfTowardZero	5017	0	17
log2	462	346	Trunc	5017	0	17
log2	462	346	ZeroFiveUp	5017	0	17
log2	462	461	AwayFromZero	1561	0	3473
log2	462	461	Ceiling	1561	0	3473
log2	462	461	Floor	1561	0	3473
log2	462	461	HalfAwayFromZero	1561	0	3473
log2	462	461	HalfToEven	1561	0	3473
log2	462	461	HalfTowardZero	1561	0	3473
log2	462	461	Trunc	1561	0	3473
log2	462	461	ZeroFiveUp	1561	0	3473
log2	57	0	AwayFromZero	920	0	4114
log2	57	0	Ceiling	920	0	4114
log2	57	0	Floor	920	0	4114
log2	57	0	HalfAwayFromZero	920	0	4114
log2	57	0	HalfToEven	920	0	4114
log2	57	0	HalfTowardZero	920	0	4114
log2	57	0	Trunc	920	0	4114
log2	57	0	ZeroFiveUp	920	0	4114
log2	57	14	AwayFromZero	1753	0	3281
log2	57	14	Ceiling	1753	0	3281
log2	57	14	Floor	1753	0	3281
log2	57	14	HalfAwayFromZero	1753	0	3281
log2	57	14	HalfToEven	1753	0	3281
log2	57	14	HalfTowardZero	1753	0	3281
log2	57	14	Trunc	1753	0	3281
log2	57	14	ZeroFiveUp	1753	0	3281
log2	57	20	AwayFromZero	3200	0	1834
log2	57	20	Ceiling	3200	0	1834
log2	57	20	Floor	3200	0	1834
log2	57	20	HalfAwayFromZero	3200	0	1834
log2	57	20	HalfToEven	3200	0	1834
log2	57	20	HalfTowardZero	3200	0	1834
log2	57	20	Trunc	3200	0	1834
log2	57	20	ZeroFiveUp	3200	0	1834
log2	57	28	AwayFromZero	4993	0	41
log2	57	28	Ceiling	4993	0	41
log2	57	28	Floor	4993	0	41
log2	57	28	HalfAwayFromZero	4993	0	41
log2	57	28	HalfToEven	4993	0	41
log2	57	28	HalfTowardZero	4993	0	41
log2	57	28	Trunc	4993	0	41
log2	57	28	ZeroFiveUp	4993	0	41
log2	57	30	AwayFromZero	4992	0	42
log2	57	30	Ceiling	4992	0	42
log2	57	30	Floor	4992	0	42
log2	57	30	HalfAwayFromZero	4992	0	42
log2	57	30	HalfToEven	4992	0	42
log2	57	30	HalfTowardZero	4992	0	42
log2	57	30	Trunc	4992	0	42
log2	57	30	ZeroFiveUp	4992	0	42
log2	57	42	AwayFromZero	4982	0	52
log2	57	42	Ceiling	4982	0	52
log2	57	42	Floor	4982	0	52
log2	57	42	HalfAwayFromZero	4982	0	52
log2	57	42	HalfToEven	4982	0	52
log2	57	42	HalfTowardZero	4982	0	52
log2	57	42	Trunc	4982	0	52
log2	57	42	ZeroFiveUp	4982	0	52
log2	57	56	AwayFromZero	1550	0	3484
log2	57	56	Ceiling	1550	0	3484
log2	57	56	Floor	1550	0	3484
log2	57	56	HalfAwayFromZero	1550	0	3484
log2	57	56	HalfToEven	1550	0	3484
log2	57	56	HalfTowardZero	1550	0	3484
log2	57	56	Trunc	1550	0	3484
log2	57	56	ZeroFiveUp	1550	0	3484
log2	616	0	AwayFromZero	935	0	4099
log2	616	0	Ceiling	935	0	4099
log2	616	0	Floor	935	0	4099
log2	616	0	HalfAwayFromZero	935	0	4099
log2	616	0	HalfToEven	935	0	4099
log2	616	0	HalfTowardZero	935	0	4099
log2	616	0	Trunc	935	0	4099
log2	616	0	ZeroFiveUp	935	0	4099
log2	616	130	AwayFromZero	5019	0	15
log2	616	130	Ceiling	5019	0	15
log2	616	130	Floor	5019	0	15
log2	616	130	HalfAwayFromZero	5019	0	15
log2	616	130	HalfToEven	5019	0	15
log2	616	130	HalfTowardZero	5019	0	15
log2	616	130	Trunc	5019	0	15
log2	616	130	ZeroFiveUp	5019	0	15
log2	616	154	AwayFromZero	5021	0	13
log2	616	154	Ceiling	5021	0	13
log2	616	154	Floor	5021	0	13
log2	616	154	HalfAwayFromZero	5021	0	13
log2	616	154	HalfToEven	5021	0	13
log2	616	154	HalfTowardZero	5021	0	13
log2	616	154	Trunc	5021	0	13
log2	616	154	ZeroFiveUp	5021	0	13
log2	616	240	AwayFromZero	5023	0	11
log2	616	240	Ceiling	5023	0	11
log2	616	240	Floor	5023	0	11
log2	616	240	HalfAwayFromZero	5023	0	11
log2	616	240	HalfToEven	5023	0	11
log2	616	240	HalfTowardZero	5023	0	11
log2	616	240	Trunc	5023	0	11
log2	616	240	ZeroFiveUp	5023	0	11
log2	616	30	AwayFromZero	5012	0	22
log2	616	30	Ceiling	5012	0	22
log2	616	30	Floor	5012	0	22
log2	616	30	HalfAwayFromZero	5012	0	22
log2	616	30	HalfToEven	5012	0	22
log2	616	30	HalfTowardZero	5012	0	22
log2	616	30	Trunc	5012	0	22
log2	616	30	ZeroFiveUp	5012	0	22
log2	616	308	AwayFromZero	5023	0	11
log2	616	308	Ceiling	5023	0	11
log2	616	308	Floor	5023	0	11
log2	616	308	HalfAwayFromZero	5023	0	11
log2	616	308	HalfToEven	5023	0	11
log2	616	308	HalfTowardZero	5023	0	11
log2	616	308	Trunc	5023	0	11
log2	616	308	ZeroFiveUp	5023	0	11
log2	616	462	AwayFromZero	5020	0	14
log2	616	462	Ceiling	5020	0	14
log2	616	462	Floor	5020	0	14
log2	616	462	HalfAwayFromZero	5020	0	14
log2	616	462	HalfToEven	5020	0	14
log2	616	462	HalfTowardZero	5020	0	14
log2	616	462	Trunc	5020	0	14
log2	616	462	ZeroFiveUp	5020	0	14
log2	616	590	AwayFromZero	5007	0	27
log2	616	590	Ceiling	5007	0	27
log2	616	590	Floor	5007	0	27
log2	616	590	HalfAwayFromZero	5007	0	27
log2	616	590	HalfToEven	5007	0	27
log2	616	590	HalfTowardZero	5007	0	27
log2	616	590	Trunc	5007	0	27
log2	616	590	ZeroFiveUp	5007	0	27
log2	616	615	AwayFromZero	1563	0	3471
log2	616	615	Ceiling	1563	0	3471
log2	616	615	Floor	1563	0	3471
log2	616	615	HalfAwayFromZero	1563	0	3471
log2	616	615	HalfToEven	1563	0	3471
log2	616	615	HalfTowardZero	1563	0	3471
log2	616	615	Trunc	1563	0	3471
log2	616	615	ZeroFiveUp	1563	0	3471
log2	76	0	AwayFromZero	922	0	4112
log2	76	0	Ceiling	922	0	4112
log2	76	0	Floor	922	0	4112
log2	76	0	HalfAwayFromZero	922	0	4112
log2	76	0	HalfToEven	922	0	4112
log2	76	0	HalfTowardZero	922	0	4112
log2	76	0	Trunc	922	0	4112
log2	76	0	ZeroFiveUp	922	0	4112
log2	76	18	AwayFromZero	1890	0	3144
log2	76	18	Ceiling	1890	0	3144
log2	76	18	Floor	1890	0	3144
log2	76	18	HalfAwayFromZero	1890	0	3144
log2	76	18	HalfToEven	1890	0	3144
log2	76	18	HalfTowardZero	1890	0	3144
log2	76	18	Trunc	1890	0	3144
log2	76	18	ZeroFiveUp	1890	0	3144
log2	76	19	AwayFromZero	2229	0	2805
log2	76	19	Ceiling	2229	0	2805
log2	76	19	Floor	2229	0	2805
log2	76	19	HalfAwayFromZero	2229	0	2805
log2	76	19	HalfToEven	2229	0	2805
log2	76	19	HalfTowardZero	2229	0	2805
log2	76	19	Trunc	2229	0	2805
log2	76	19	ZeroFiveUp	2229	0	2805
log2	76	38	AwayFromZero	4996	0	38
log2	76	38	Ceiling	4996	0	38
log2	76	38	Floor	4996	0	38
log2	76	38	HalfAwayFromZero	4996	0	38
log2	76	38	HalfToEven	4996	0	38
log2	76	38	HalfTowardZero	4996	0	38
log2	76	38	Trunc	4996	0	38
log2	76	38	ZeroFiveUp	4996	0	38
log2	76	40	AwayFromZero	4994	0	40
log2	76	40	Ceiling	4994	0	40
log2	76	40	Floor	4994	0	40
log2	76	40	HalfAwayFromZero	4994	0	40
log2	76	40	HalfToEven	4994	0	40
log2	76	40	HalfTowardZero	4994	0	40
log2	76	40	Trunc	4994	0	40
log2	76	40	ZeroFiveUp	4994	0	40
log2	76	57	AwayFromZero	4995	0	39
log2	76	57	Ceiling	4995	0	39
log2	76	57	Floor	4995	0	39
log2	76	57	HalfAwayFromZero	4995	0	39
log2	76	57	HalfToEven	4995	0	39
log2	76	57	HalfTowardZero	4995	0	39
log2	76	57	Trunc	4995	0	39
log2	76	57	ZeroFiveUp	4995	0	39
log2	76	75	AwayFromZero	1552	0	3482
log2	76	75	Ceiling	1552	0	3482
log2	76	75	Floor	1552	0	3482
log2	76	75	HalfAwayFromZero	1552	0	3482
log2	76	75	HalfToEven	1552	0	3482
log2	76	75	HalfTowardZero	1552	0	3482
log2	76	75	Trunc	1552	0	3482
log2	76	75	ZeroFiveUp	1552	0	3482
log2	924	0	AwayFromZero	937	0	4097
log2	924	0	Ceiling	937	0	4097
log2	924	0	Floor	937	0	4097
log2	924	0	HalfAwayFromZero	937	0	4097
log2	924	0	HalfToEven	937	0	4097
log2	924	0	HalfTowardZero	937	0	4097
log2	924	0	Trunc	937	0	4097
log2	924	0	ZeroFiveUp	937	0	4097
log2	924	180	AwayFromZero	5024	0	10
log2	924	180	Ceiling	5024	0	10
log2	924	180	Floor	5024	0	10
log2	924	180	HalfAwayFromZero	5024	0	10
log2	924	180	HalfToEven	5024	0	10
log2	924	180	HalfTowardZero	5024	0	10
log2	924	180	Trunc	5024	0	10
log2	924	180	ZeroFiveUp	5024	0	10
log2	924	231	AwayFromZero	5026	0	8
log2	924	231	Ceiling	5026	0	8
log2	924	231	Floor	5026	0	8
log2	924	231	HalfAwayFromZero	5026	0	8
log2	924	231	HalfToEven	5026	0	8
log2	924	231	HalfTowardZero	5026	0	8
log2	924	231	Trunc	5026	0	8
log2	924	231	ZeroFiveUp	5026	0	8
log2	924	30	AwayFromZero	5014	0	20
log2	924	30	Ceiling	5014	0	20
log2	924	30	Floor	5014	0	20
log2	924	30	HalfAwayFromZero	5014	0	20
log2	924	30	HalfToEven	5014	0	20
log2	924	30	HalfTowardZero	5014	0	20
log2	924	30	Trunc	5014	0	20
log2	924	30	ZeroFiveUp	5014	0	20
log2	924	350	AwayFromZero	5026	0	8
log2	924	350	Ceiling	5026	0	8
log2	924	350	Floor	5026	0	8
log2	924	350	HalfAwayFromZero	5026	0	8
log2	924	350	HalfToEven	5026	0	8
log2	924	350	HalfTowardZero	5026	0	8
log2	924	350	Trunc	5026	0	8
log2	924	350	ZeroFiveUp	5026	0	8
log2	924	462	AwayFromZero	5027	0	7
log2	924	462	Ceiling	5027	0	7
log2	924	462	Floor	5027	0	7
log2	924	462	HalfAwayFromZero	5027	0	7
log2	924	462	HalfToEven	5027	0	7
log2	924	462	HalfTowardZero	5027	0	7
log2	924	462	Trunc	5027	0	7
log2	924	462	ZeroFiveUp	5027	0	7
log2	924	693	AwayFromZero	5025	0	9
log2	924	693	Ceiling	5025	0	9
log2	924	693	Floor	5025	0	9
log2	924	693	HalfAwayFromZero	5025	0	9
log2	924	693	HalfToEven	5025	0	9
log2	924	693	HalfTowardZero	5025	0	9
log2	924	693	Trunc	5025	0	9
log2	924	693	ZeroFiveUp	5025	0	9
log2	924	900	AwayFromZero	5009	0	25
log2	924	900	Ceiling	5009	0	25
log2	924	900	Floor	5009	0	25
log2	924	900	HalfAwayFromZero	5009	0	25
log2	924	900	HalfToEven	5009	0	25
log2	924	900	HalfTowardZero	5009	0	25
log2	924	900	Trunc	5009	0	25
log2	924	900	ZeroFiveUp	5009	0	25
log2	924	923	AwayFromZero	1565	0	3469
log2	924	923	Ceiling	1565	0	3469
log2	924	923	Floor	1565	0	3469
log2	924	923	HalfAwayFromZero	1565	0	3469
log2	924	923	HalfToEven	1565	0	3469
log2	924	923	HalfTowardZero	1565	0	3469
log2	924	923	Trunc	1565	0	3469
log2	924	923	ZeroFiveUp	1565	0	3469
mul	115	0	AwayFromZero	25	0	111
mul	115	0	Ceiling	25	0	111
mul	115	0	Floor	25	0	111
mul	115	0	HalfAwayFromZero	25	0	111
mul	115	0	HalfToEven	25	0	111
mul	115	0	HalfTowardZero	25	0	111
mul	115	0	Trunc	25	0	111
mul	115	0	ZeroFiveUp	25	0	111
mul	115	114	AwayFromZero	68	0	68
mul	115	114	Ceiling	68	0	68
mul	115	114	Floor	68	0	68
mul	115	114	HalfAwayFromZero	68	0	68
mul	115	114	HalfToEven	68	0	68
mul	115	114	HalfTowardZero	68	0	68
mul	115	114	Trunc	68	0	68
mul	115	114	ZeroFiveUp	68	0	68
mul	115	28	AwayFromZero	74	0	62
mul	115	28	Ceiling	74	0	62
mul	115	28	Floor	74	0	62
mul	115	28	HalfAwayFromZero	74	0	62
mul	115	28	HalfToEven	74	0	62
mul	115	28	HalfTowardZero	74	0	62
mul	115	28	Trunc	74	0	62
mul	115	28	ZeroFiveUp	74	0	62
mul	115	50	AwayFromZero	76	0	60
mul	115	50	Ceiling	76	0	60
mul	115	50	Floor	76	0	60
mul	115	50	HalfAwayFromZero	76	0	60
mul	115	50	HalfToEven	76	0	60
mul	115	50	HalfTowardZero	76	0	60
mul	115	50	Trunc	76	0	60
mul	115	50	ZeroFiveUp	76	0	60
mul	115	57	AwayFromZero	80	0	56
mul	115	57	Ceiling	80	0	56
mul	115	57	Floor	80	0	56
mul	115	57	HalfAwayFromZero	80	0	56
mul	115	57	HalfToEven	80	0	56
mul	115	57	HalfTowardZero	80	0	56
mul	115	57	Trunc	80	0	56
mul	115	57	ZeroFiveUp	80	0	56
mul	115	86	AwayFromZero	78	0	58
mul	115	86	Ceiling	78	0	58
mul	115	86	Floor	78	0	58
mul	115	86	HalfAwayFromZero	78	0	58
mul	115	86	HalfToEven	78	0	58
mul	115	86	HalfTowardZero	78	0	58
mul	115	86	Trunc	78	0	58
mul	115	86	ZeroFiveUp	78	0	58
mul	1232	0	AwayFromZero	43	0	93
mul	1232	0	Ceiling	43	0	93
mul	1232	0	Floor	43	0	93
mul	1232	0	HalfAwayFromZero	43	0	93
mul	1232	0	HalfToEven	43	0	93
mul	1232	0	HalfTowardZero	43	0	93
mul	1232	0	Trunc	43	0	93
mul	1232	0	ZeroFiveUp	43	0	93
mul	1232	1200	AwayFromZero	104	0	32
mul	1232	1200	Ceiling	104	0	32
mul	1232	1200	Floor	104	0	32
mul	1232	1200	HalfAwayFromZero	104	0	32
mul	1232	1200	HalfToEven	104	0	32
mul	1232	1200	HalfTowardZero	104	0	32
mul	1232	1200	Trunc	104	0	32
mul	1232	1200	ZeroFiveUp	104	0	32
mul	1232	1231	AwayFromZero	88	0	48
mul	1232	1231	Ceiling	88	0	48
mul	1232	1231	Floor	88	0	48
mul	1232	1231	HalfAwayFromZero	88	0	48
mul	1232	1231	HalfToEven	88	0	48
mul	1232	1231	HalfTowardZero	88	0	48
mul	1232	1231	Trunc	88	0	48
mul	1232	1231	ZeroFiveUp	88	0	48
mul	1232	250	AwayFromZero	124	0	12
mul	1232	250	Ceiling	124	0	12
mul	1232	250	Floor	124	0	12
mul	1232	250	HalfAwayFromZero	124	0	12
mul	1232	250	HalfToEven	124	0	12
mul	1232	250	HalfTowardZero	124	0	12
mul	1232	250	Trunc	124	0	12
mul	1232	250	ZeroFiveUp	124	0	12
mul	1232	30	AwayFromZero	94	0	42
mul	1232	30	Ceiling	94	0	42
mul	1232	30	Floor	94	0	42
mul	1232	30	HalfAwayFromZero	94	0	42
mul	1232	30	HalfToEven	94	0	42
mul	1232	30	HalfTowardZero	94	0	42
mul	1232	30	Trunc	94	0	42
mul	1232	30	ZeroFiveUp	94	0	42
mul	1232	308	AwayFromZero	128	0	8
mul	1232	308	Ceiling	128	0	8
mul	1232	308	Floor	128	0	8
mul	1232	308	HalfAwayFromZero	128	0	8
mul	1232	308	HalfToEven	128	0	8
mul	1232	308	HalfTowardZero	128	0	8
mul	1232	308	Trunc	128	0	8
mul	1232	308	ZeroFiveUp	128	0	8
mul	1232	470	AwayFromZero	132	0	4
mul	1232	470	Ceiling	132	0	4
mul	1232	470	Floor	132	0	4
mul	1232	470	HalfAwayFromZero	132	0	4
mul	1232	470	HalfToEven	132	0	4
mul	1232	470	HalfTowardZero	132	0	4
mul	1232	470	Trunc	132	0	4
mul	1232	470	ZeroFiveUp	132	0	4
mul	1232	616	AwayFromZero	134	0	2
mul	1232	616	Ceiling	134	0	2
mul	1232	616	Floor	134	0	2
mul	1232	616	HalfAwayFromZero	134	0	2
mul	1232	616	HalfToEven	134	0	2
mul	1232	616	HalfTowardZero	134	0	2
mul	1232	616	Trunc	134	0	2
mul	1232	616	ZeroFiveUp	134	0	2
mul	1232	924	AwayFromZero	132	0	4
mul	1232	924	Ceiling	132	0	4
mul	1232	924	Floor	132	0	4
mul	1232	924	HalfAwayFromZero	132	0	4
mul	1232	924	HalfToEven	132	0	4
mul	1232	924	HalfTowardZero	132	0	4
mul	1232	924	Trunc	132	0	4
mul	1232	924	ZeroFiveUp	132	0	4
mul	153	0	AwayFromZero	31	0	105
mul	153	0	Ceiling	31	0	105
mul	153	0	Floor	31	0	105
mul	153	0	HalfAwayFromZero	31	0	105
mul	153	0	HalfToEven	31	0	105
mul	153	0	HalfTowardZero	31	0	105
mul	153	0	Trunc	31	0	105
mul	153	0	ZeroFiveUp	31	0	105
mul	153	114	AwayFromZero	88	0	48
mul	153	114	Ceiling	88	0	48
mul	153	114	Floor	88	0	48
mul	153	114	HalfAwayFromZero	88	0	48
mul	153	114	HalfToEven	88	0	48
mul	153	114	HalfTowardZero	88	0	48
mul	153	114	Trunc	88	0	48
mul	153	114	ZeroFiveUp	88	0	48
mul	153	152	AwayFromZero	72	0	64
mul	153	152	Ceiling	72	0	64
mul	153	152	Floor	72	0	64
mul	153	152	HalfAwayFromZero	72	0	64
mul	153	152	HalfToEven	72	0	64
mul	153	152	HalfTowardZero	72	0	64
mul	153	152	Trunc	72	0	64
mul	153	152	ZeroFiveUp	72	0	64
mul	153	38	AwayFromZero	80	0	56
mul	153	38	Ceiling	80	0	56
mul	153	38	Floor	80	0	56
mul	153	38	HalfAwayFromZero	80	0	56
mul	153	38	HalfToEven	80	0	56
mul	153	38	HalfTowardZero	80	0	56
mul	153	38	Trunc	80	0	56
mul	153	38	ZeroFiveUp	80	0	56
mul	153	76	AwayFromZero	88	0	48
mul	153	76	Ceiling	88	0	48
mul	153	76	Floor	88	0	48
mul	153	76	HalfAwayFromZero	88	0	48
mul	153	76	HalfToEven	88	0	48
mul	153	76	HalfTowardZero	88	0	48
mul	153	76	Trunc	88	0	48
mul	153	76	ZeroFiveUp	88	0	48
mul	18	0	AwayFromZero	7	0	129
mul	18	0	Ceiling	7	0	129
mul	18	0	Floor	7	0	129
mul	18	0	HalfAwayFromZero	7	0	129
mul	18	0	HalfToEven	7	0	129
mul	18	0	HalfTowardZero	7	0	129
mul	18	0	Trunc	7	0	129
mul	18	0	ZeroFiveUp	7	0	129
mul	18	13	AwayFromZero	15	0	121
mul	18	13	Ceiling	15	0	121
mul	18	13	Floor	15	0	121
mul	18	13	HalfAwayFromZero	15	0	121
mul	18	13	HalfToEven	15	0	121
mul	18	13	HalfTowardZero	15	0	121
mul	18	13	Trunc	15	0	121
mul	18	13	ZeroFiveUp	15	0	121
mul	18	17	AwayFromZero	18	0	118
mul	18	17	Ceiling	18	0	118
mul	18	17	Floor	18	0	118
mul	18	17	HalfAwayFromZero	18	0	118
mul	18	17	HalfToEven	18	0	118
mul	18	17	HalfTowardZero	18	0	118
mul	18	17	Trunc	18	0	118
mul	18	17	ZeroFiveUp	18	0	118
mul	18	3	AwayFromZero	5	0	131
mul	18	3	Ceiling	5	0	131
mul	18	3	Floor	5	0	131
mul	18	3	HalfAwayFromZero	5	0	131
mul	18	3	HalfToEven	5	0	131
mul	18	3	HalfTowardZero	5	0	131
mul	18	3	Trunc	5	0	131
mul	18	3	ZeroFiveUp	5	0	131
mul	18	4	AwayFromZero	9	0	127
mul	18	4	Ceiling	9	0	127
mul	18	4	Floor	9	0	127
mul	18	4	HalfAwayFromZero	9	0	127
mul	18	4	HalfToEven	9	0	127
mul	18	4	HalfTowardZero	9	0	127
mul	18	4	Trunc	9	0	127
mul	18	4	ZeroFiveUp	9	0	127
mul	18	9	AwayFromZero	15	0	121
mul	18	9	Ceiling	15	0	121
mul	18	9	Floor	15	0	121
mul	18	9	HalfAwayFromZero	15	0	121
mul	18	9	HalfToEven	15	0	121
mul	18	9	HalfTowardZero	15	0	121
mul	18	9	Trunc	15	0	121
mul	18	9	ZeroFiveUp	15	0	121
mul	230	0	AwayFromZero	33	0	103
mul	230	0	Ceiling	33	0	103
mul	230	0	Floor	33	0	103
mul	230	0	HalfAwayFromZero	33	0	103
mul	230	0	HalfToEven	33	0	103
mul	230	0	HalfTowardZero	33	0	103
mul	230	0	Trunc	33	0	103
mul	230	0	ZeroFiveUp	33	0	103
mul	230	115	AwayFromZero	100	0	36
mul	230	115	Ceiling	100	0	36
mul	230	115	Floor	100	0	36
mul	230	115	HalfAwayFromZero	100	0	36
mul	230	115	HalfToEven	100	0	36
mul	230	115	HalfTowardZero	100	0	36
mul	230	115	Trunc	100	0	36
mul	230	115	ZeroFiveUp	100	0	36
mul	230	172	AwayFromZero	96	0	40
mul	230	172	Ceiling	96	0	40
mul	230	172	Floor	96	0	40
mul	230	172	HalfAwayFromZero	96	0	40
mul	230	172	HalfToEven	96	0	40
mul	230	172	HalfTowardZero	96	0	40
mul	230	172	Trunc	96	0	40
mul	230	172	ZeroFiveUp	96	0	40
mul	230	229	AwayFromZero	76	0	60
mul	230	229	Ceiling	76	0	60
mul	230	229	Floor	76	0	60
mul	230	229	HalfAwayFromZero	76	0	60
mul	230	229	HalfToEven	76	0	60
mul	230	229	HalfTowardZero	76	0	60
mul	230	229	Trunc	76	0	60
mul	230	229	ZeroFiveUp	76	0	60
mul	230	30	AwayFromZero	82	0	54
mul	230	30	Ceiling	82	0	54
mul	230	30	Floor	82	0	54
mul	230	30	HalfAwayFromZero	82	0	54
mul	230	30	HalfToEven	82	0	54
mul	230	30	HalfTowardZero	82	0	54
mul	230	30	Trunc	82	0	54
mul	230	30	ZeroFiveUp	82	0	54
mul	230	57	AwayFromZero	92	0	44
mul	230	57	Ceiling	92	0	44
mul	230	57	Floor	92	0	44
mul	230	57	HalfAwayFromZero	92	0	44
mul	230	57	HalfToEven	92	0	44
mul	230	57	HalfTowardZero	92	0	44
mul	230	57	Trunc	92	0	44
mul	230	57	ZeroFiveUp	92	0	44
mul	307	0	AwayFromZero	37	0	99
mul	307	0	Ceiling	37	0	99
mul	307	0	Floor	37	0	99
mul	307	0	HalfAwayFromZero	37	0	99
mul	307	0	HalfToEven	37	0	99
mul	307	0	HalfTowardZero	37	0	99
mul	307	0	Trunc	37	0	99
mul	307	0	ZeroFiveUp	37	0	99
mul	307	120	AwayFromZero	104	0	32
mul	307	120	Ceiling	104	0	32
mul	307	120	Floor	104	0	32
mul	307	120	HalfAwayFromZero	104	0	32
mul	307	120	HalfToEven	104	0	32
mul	307	120	HalfTowardZero	104	0	32
mul	307	120	Trunc	104	0	32
mul	307	120	ZeroFiveUp	104	0	32
mul	307	153	AwayFromZero	108	0	28
mul	307	153	Ceiling	108	0	28
mul	307	153	Floor	108	0	28
mul	307	153	HalfAwayFromZero	108	0	28
mul	307	153	HalfToEven	108	0	28
mul	307	153	HalfTowardZero	108	0	28
mul	307	153	Trunc	108	0	28
mul	307	153	ZeroFiveUp	108	0	28
mul	307	230	AwayFromZero	104	0	32
mul	307	230	Ceiling	104	0	32
mul	307	230	Floor	104	0	32
mul	307	230	HalfAwayFromZero	104	0	32
mul	307	230	HalfToEven	104	0	32
mul	307	230	HalfTowardZero	104	0	32
mul	307	230	Trunc	104	0	32
mul	307	230	ZeroFiveUp	104	0	32
mul	307	290	AwayFromZero	88	0	48
mul	307	290	Ceiling	88	0	48
mul	307	290	Floor	88	0	48
mul	307	290	HalfAwayFromZero	88	0	48
mul	307	290	HalfToEven	88	0	48
mul	307	290	HalfTowardZero	88	0	48
mul	307	290	Trunc	88	0	48
mul	307	290	ZeroFiveUp	88	0	48
mul	307	30	AwayFromZero	86	0	50
mul	307	30	Ceiling	86	0	50
mul	307	30	Floor	86	0	50
mul	307	30	HalfAwayFromZero	86	0	50
mul	307	30	HalfToEven	86	0	50
mul	307	30	HalfTowardZero	86	0	50
mul	307	30	Trunc	86	0	50
mul	307	30	ZeroFiveUp	86	0	50
mul	307	306	AwayFromZero	80	0	56
mul	307	306	Ceiling	80	0	56
mul	307	306	Floor	80	0	56
mul	307	306	HalfAwayFromZero	80	0	56
mul	307	306	HalfToEven	80	0	56
mul	307	306	HalfTowardZero	80	0	56
mul	307	306	Trunc	80	0	56
mul	307	306	ZeroFiveUp	80	0	56
mul	307	50	AwayFromZero	92	0	44
mul	307	50	Ceiling	92	0	44
mul	307	50	Floor	92	0	44
mul	307	50	HalfAwayFromZero	92	0	44
mul	307	50	HalfToEven	92	0	44
mul	307	50	HalfTowardZero	92	0	44
mul	307	50	Trunc	92	0	44
mul	307	50	ZeroFiveUp	92	0	44
mul	307	70	AwayFromZero	100	0	36
mul	307	70	Ceiling	100	0	36
mul	307	70	Floor	100	0	36
mul	307	70	HalfAwayFromZero	100	0	36
mul	307	70	HalfToEven	100	0	36
mul	307	70	HalfTowardZero	100	0	36
mul	307	70	Trunc	100	0	36
mul	307	70	ZeroFiveUp	100	0	36
mul	307	76	AwayFromZero	100	0	36
mul	307	76	Ceiling	100	0	36
mul	307	76	Floor	100	0	36
mul	307	76	HalfAwayFromZero	100	0	36
mul	307	76	HalfToEven	100	0	36
mul	307	76	HalfTowardZero	100	0	36
mul	307	76	Trunc	100	0	36
mul	307	76	ZeroFiveUp	100	0	36
mul	38	0	AwayFromZero	13	0	123
mul	38	0	Ceiling	13	0	123
mul	38	0	Floor	13	0	123
mul	38	0	HalfAwayFromZero	13	0	123
mul	38	0	HalfToEven	13	0	123
mul	38	0	HalfTowardZero	13	0	123
mul	38	0	Trunc	13	0	123
mul	38	0	ZeroFiveUp	13	0	123
mul	38	10	AwayFromZero	19	0	117
mul	38	10	Ceiling	19	0	117
mul	38	10	Floor	19	0	117
mul	38	10	HalfAwayFromZero	19	0	117
mul	38	10	HalfToEven	19	0	117
mul	38	10	HalfTowardZero	19	0	117
mul	38	10	Trunc	19	0	117
mul	38	10	ZeroFiveUp	19	0	117
mul	38	12	AwayFromZero	19	0	117
mul	38	12	Ceiling	19	0	117
mul	38	12	Floor	19	0	117
mul	38	12	HalfAwayFromZero	19	0	117
mul	38	12	HalfToEven	19	0	117
mul	38	12	HalfTowardZero	19	0	117
mul	38	12	Trunc	19	0	117
mul	38	12	ZeroFiveUp	19	0	117
mul	38	17	AwayFromZero	30	0	106
mul	38	17	Ceiling	30	0	106
mul	38	17	Floor	30	0	106
mul	38	17	HalfAwayFromZero	30	0	106
mul	38	17	HalfToEven	30	0	106
mul	38	17	HalfTowardZero	30	0	106
mul	38	17	Trunc	30	0	106
mul	38	17	ZeroFiveUp	30	0	106
mul	38	18	AwayFromZero	30	0	106
mul	38	18	Ceiling	30	0	106
mul	38	18	Floor	30	0	106
mul	38	18	HalfAwayFromZero	30	0	106
mul	38	18	HalfToEven	30	0	106
mul	38	18	HalfTowardZero	30	0	106
mul	38	18	Trunc	30	0	106
mul	38	18	ZeroFiveUp	30	0	106
mul	38	19	AwayFromZero	34	0	102
mul	38	19	Ceiling	34	0	102
mul	38	19	Floor	34	0	102
mul	38	19	HalfAwayFromZero	34	0	102
mul	38	19	HalfToEven	34	0	102
mul	38	19	HalfTowardZero	34	0	102
mul	38	19	Trunc	34	0	102
mul	38	19	ZeroFiveUp	34	0	102
mul	38	2	AwayFromZero	11	0	125
mul	38	2	Ceiling	11	0	125
mul	38	2	Floor	11	0	125
mul	38	2	HalfAwayFromZero	11	0	125
mul	38	2	HalfToEven	11	0	125
mul	38	2	HalfTowardZero	11	0	125
mul	38	2	Trunc	11	0	125
mul	38	2	ZeroFiveUp	11	0	125
mul	38	28	AwayFromZero	52	0	84
mul	38	28	Ceiling	52	0	84
mul	38	28	Floor	52	0	84
mul	38	28	HalfAwayFromZero	52	0	84
mul	38	28	HalfToEven	52	0	84
mul	38	28	HalfTowardZero	52	0	84
mul	38	28	Trunc	52	0	84
mul	38	28	ZeroFiveUp	52	0	84
mul	38	37	AwayFromZero	48	0	88
mul	38	37	Ceiling	48	0	88
mul	38	37	Floor	48	0	88
mul	38	37	HalfAwayFromZero	48	0	88
mul	38	37	HalfToEven	48	0	88
mul	38	37	HalfTowardZero	48	0	88
mul	38	37	Trunc	48	0	88
mul	38	37	ZeroFiveUp	48	0	88
mul	38	6	AwayFromZero	15	0	121
mul	38	6	Ceiling	15	0	121
mul	38	6	Floor	15	0	121
mul	38	6	HalfAwayFromZero	15	0	121
mul	38	6	HalfToEven	15	0	121
mul	38	6	HalfTowardZero	15	0	121
mul	38	6	Trunc	15	0	121
mul	38	6	ZeroFiveUp	15	0	121
mul	38	9	AwayFromZero	21	0	115
mul	38	9	Ceiling	21	0	115
mul	38	9	Floor	21	0	115
mul	38	9	HalfAwayFromZero	21	0	115
mul	38	9	HalfToEven	21	0	115
mul	38	9	HalfTowardZero	21	0	115
mul	38	9	Trunc	21	0	115
mul	38	9	ZeroFiveUp	21	0	115
mul	462	0	AwayFromZero	41	0	95
mul	462	0	Ceiling	41	0	95
mul	462	0	Floor	41	0	95
mul	462	0	HalfAwayFromZero	41	0	95
mul	462	0	HalfToEven	41	0	95
mul	462	0	HalfTowardZero	41	0	95
mul	462	0	Trunc	41	0	95
mul	462	0	ZeroFiveUp	41	0	95
mul	462	100	AwayFromZero	108	0	28
mul	462	100	Ceiling	108	0	28
mul	462	100	Floor	108	0	28
mul	462	100	HalfAwayFromZero	108	0	28
mul	462	100	HalfToEven	108	0	28
mul	462	100	HalfTowardZero	108	0	28
mul	462	100	Trunc	108	0	28
mul	462	100	ZeroFiveUp	108	0	28
mul	462	115	AwayFromZero	112	0	24
mul	462	115	Ceiling	112	0	24
mul	462	115	Floor	112	0	24
mul	462	115	HalfAwayFromZero	112	0	24
mul	462	115	HalfToEven	112	0	24
mul	462	115	HalfTowardZero	112	0	24
mul	462	115	Trunc	112	0	24
mul	462	115	ZeroFiveUp	112	0	24
mul	462	180	AwayFromZero	114	0	22
mul	462	180	Ceiling	114	0	22
mul	462	180	Floor	114	0	22
mul	462	180	HalfAwayFromZero	114	0	22
mul	462	180	HalfToEven	114	0	22
mul	462	180	HalfTowardZero	114	0	22
mul	462	180	Trunc	114	0	22
mul	462	180	ZeroFiveUp	114	0	22
mul	462	231	AwayFromZero	116	0	20
mul	462	231	Ceiling	116	0	20
mul	462	231	Floor	116	0	20
mul	462	231	HalfAwayFromZero	116	0	20
mul	462	231	HalfToEven	116	0	20
mul	462	231	HalfTowardZero	116	0	20
mul	462	231	Trunc	116	0	20
mul	462	231	ZeroFiveUp	116	0	20
mul	462	30	AwayFromZero	90	0	46
mul	462	30	Ceiling	90	0	46
mul	462	30	Floor	90	0	46
mul	462	30	HalfAwayFromZero	90	0	46
mul	462	30	HalfToEven	90	0	46
mul	462	30	HalfTowardZero	90	0	46
mul	462	30	Trunc	90	0	46
mul	462	30	ZeroFiveUp	90	0	46
mul	462	346	AwayFromZero	116	0	20
mul	462	346	Ceiling	116	0	20
mul	462	346	Floor	116	0	20
mul	462	346	HalfAwayFromZero	116	0	20
mul	462	346	HalfToEven	116	0	20
mul	462	346	HalfTowardZero	116	0	20
mul	462	346	Trunc	116	0	20
mul	462	346	ZeroFiveUp	116	0	20
mul	462	461	AwayFromZero	77	0	59
mul	462	461	Ceiling	77	0	59
mul	462	461	Floor	77	0	59
mul	462	461	HalfAwayFromZero	77	0	59
mul	462	461	HalfToEven	77	0	59
mul	462	461	HalfTowardZero	77	0	59
mul	462	461	Trunc	77	0	59
mul	462	461	ZeroFiveUp	77	0	59
mul	57	0	AwayFromZero	17	0	119
mul	57	0	Ceiling	17	0	119
mul	57	0	Floor	17	0	119
mul	57	0	HalfAwayFromZero	17	0	119
mul	57	0	HalfToEven	17	0	119
mul	57	0	HalfTowardZero	17	0	119
mul	57	0	Trunc	17	0	119
mul	57	0	ZeroFiveUp	17	0	119
mul	57	14	AwayFromZero	35	0	101
mul	57	14	Ceiling	35	0	101
mul	57	14	Floor	35	0	101
mul	57	14	HalfAwayFromZero	35	0	101
mul	57	14	HalfToEven	35	0	101
mul	57	14	HalfTowardZero	35	0	101
mul	57	14	Trunc	35	0	101
mul	57	14	ZeroFiveUp	35	0	101
mul	57	20	AwayFromZero	38	0	98
mul	57	20	Ceiling	38	0	98
mul	57	20	Floor	38	0	98
mul	57	20	HalfAwayFromZero	38	0	98
mul	57	20	HalfToEven	38	0	98
mul	57	20	HalfTowardZero	38	0	98
mul	57	20	Trunc	38	0	98
mul	57	20	ZeroFiveUp	38	0	98
mul	57	28	AwayFromZero	62	0	74
mul	57	28	Ceiling	62	0	74
mul	57	28	Floor	62	0	74
mul	57	28	HalfAwayFromZero	62	0	74
mul	57	28	HalfToEven	62	0	74
mul	57	28	HalfTowardZero	62	0	74
mul	57	28	Trunc	62	0	74
mul	57	28	ZeroFiveUp	62	0	74
mul	57	30	AwayFromZero	58	0	78
mul	57	30	Ceiling	58	0	78
mul	57	30	Floor	58	0	78
mul	57	30	HalfAwayFromZero	58	0	78
mul	57	30	HalfToEven	58	0	78
mul	57	30	HalfTowardZero	58	0	78
mul	57	30	Trunc	58	0	78
mul	57	30	ZeroFiveUp	58	0	78
mul	57	42	AwayFromZero	58	0	78
mul	57	42	Ceiling	58	0	78
mul	57	42	Floor	58	0	78
mul	57	42	HalfAwayFromZero	58	0	78
mul	57	42	HalfToEven	58	0	78
mul	57	42	HalfTowardZero	58	0	78
mul	57	42	Trunc	58	0	78
mul	57	42	ZeroFiveUp	58	0	78
mul	57	56	AwayFromZero	56	0	80
mul	57	56	Ceiling	56	0	80
mul	57	56	Floor	56	0	80
mul	57	56	HalfAwayFromZero	56	0	80
mul	57	56	HalfToEven	56	0	80
mul	57	56	HalfTowardZero	56	0	80
mul	57	56	Trunc	56	0	80
mul	57	56	ZeroFiveUp	56	0	80
mul	616	0	AwayFromZero	43	0	93
mul	616	0	Ceiling	43	0	93
mul	616	0	Floor	43	0	93
mul	616	0	HalfAwayFromZero	43	0	93
mul	616	0	HalfToEven	43	0	93
mul	616	0	HalfTowardZero	43	0	93
mul	616	0	Trunc	43	0	93
mul	616	0	ZeroFiveUp	43	0	93
mul	616	130	AwayFromZero	114	0	22
mul	616	130	Ceiling	114	0	22
mul	616	130	Floor	114	0	22
mul	616	130	HalfAwayFromZero	114	0	22
mul	616	130	HalfToEven	114	0	22
mul	616	130	HalfTowardZero	114	0	22
mul	616	130	Trunc	114	0	22
mul	616	130	ZeroFiveUp	114	0	22
mul	616	154	AwayFromZero	118	0	18
mul	616	154	Ceiling	118	0	18
mul	616	154	Floor	118	0	18
mul	616	154	HalfAwayFromZero	118	0	18
mul	616	154	HalfToEven	118	0	18
mul	616	154	HalfTowardZero	118	0	18
mul	616	154	Trunc	118	0	18
mul	616	154	ZeroFiveUp	118	0	18
mul	616	240	AwayFromZero	120	0	16
mul	616	240	Ceiling	120	0	16
mul	616	240	Floor	120	0	16
mul	616	240	HalfAwayFromZero	120	0	16
mul	616	240	HalfToEven	120	0	16
mul	616	240	HalfTowardZero	120	0	16
mul	616	240	Trunc	120	0	16
mul	616	240	ZeroFiveUp	120	0	16
mul	616	30	AwayFromZero	92	0	44
mul	616	30	Ceiling	92	0	44
mul	616	30	Floor	92	0	44
mul	616	30	HalfAwayFromZero	92	0	44
mul	616	30	HalfToEven	92	0	44
mul	616	30	HalfTowardZero	92	0	44
mul	616	30	Trunc	92	0	44
mul	616	30	ZeroFiveUp	92	0	44
mul	616	308	AwayFromZero	124	0	12
mul	616	308	Ceiling	124	0	12
mul	616	308	Floor	124	0	12
mul	616	308	HalfAwayFromZero	124	0	12
mul	616	308	HalfToEven	124	0	12
mul	616	308	HalfTowardZero	124	0	12
mul	616	308	Trunc	124	0	12
mul	616	308	ZeroFiveUp	124	0	12
mul	616	462	AwayFromZero	120	0	16
mul	616	462	Ceiling	120	0	16
mul	616	462	Floor	120	0	16
mul	616	462	HalfAwayFromZero	120	0	16
mul	616	462	HalfToEven	120	0	16
mul	616	462	HalfTowardZero	120	0	16
mul	616	462	Trunc	120	0	16
mul	616	462	ZeroFiveUp	120	0	16
mul	616	590	AwayFromZero	98	0	38
mul	616	590	Ceiling	98	0	38
mul	616	590	Floor	98	0	38
mul	616	590	HalfAwayFromZero	98	0	38
mul	616	590	HalfToEven	98	0	38
mul	616	590	HalfTowardZero	98	0	38
mul	616	590	Trunc	98	0	38
mul	616	590	ZeroFiveUp	98	0	38
mul	616	615	AwayFromZero	86	0	50
mul	616	615	Ceiling	86	0	50
mul	616	615	Floor	86	0	50
mul	616	615	HalfAwayFromZero	86	0	50
mul	616	615	HalfToEven	86	0	50
mul	616	615	HalfTowardZero	86	0	50
mul	616	615	Trunc	86	0	50
mul	616	615	ZeroFiveUp	86	0	50
mul	76	0	AwayFromZero	21	0	115
mul	76	0	Ceiling	21	0	115
mul	76	0	Floor	21	0	115
mul	76	0	HalfAwayFromZero	21	0	115
mul	76	0	HalfToEven	21	0	115
mul	76	0	HalfTowardZero	21	0	115
mul	76	0	Trunc	21	0	115
mul	76	0	ZeroFiveUp	21	0	115
mul	76	18	AwayFromZero	42	0	94
mul	76	18	Ceiling	42	0	94
mul	76	18	Floor	42	0	94
mul	76	18	HalfAwayFromZero	42	0	94
mul	76	18	HalfToEven	42	0	94
mul	76	18	HalfTowardZero	42	0	94
mul	76	18	Trunc	42	0	94
mul	76	18	ZeroFiveUp	42	0	94
mul	76	19	AwayFromZero	44	0	92
mul	76	19	Ceiling	44	0	92
mul	76	19	Floor	44	0	92
mul	76	19	HalfAwayFromZero	44	0	92
mul	76	19	HalfToEven	44	0	92
mul	76	19	HalfTowardZero	44	0	92
mul	76	19	Trunc	44	0	92
mul	76	19	ZeroFiveUp	44	0	92
mul	76	38	AwayFromZero	68	0	68
mul	76	38	Ceiling	68	0	68
mul	76	38	Floor	68	0	68
mul	76	38	HalfAwayFromZero	68	0	68
mul	76	38	HalfToEven	68	0	68
mul	76	38	HalfTowardZero	68	0	68
mul	76	38	Trunc	68	0	68
mul	76	38	ZeroFiveUp	68	0	68
mul	76	40	AwayFromZero	64	0	72
mul	76	40	Ceiling	64	0	72
mul	76	40	Floor	64	0	72
mul	76	40	HalfAwayFromZero	64	0	72
mul	76	40	HalfToEven	64	0	72
mul	76	40	HalfTowardZero	64	0	72
mul	76	40	Trunc	64	0	72
mul	76	40	ZeroFiveUp	64	0	72
mul	76	57	AwayFromZero	68	0	68
mul	76	57	Ceiling	68	0	68
mul	76	57	Floor	68	0	68
mul	76	57	HalfAwayFromZero	68	0	68
mul	76	57	HalfToEven	68	0	68
mul	76	57	HalfTowardZero	68	0	68
mul	76	57	Trunc	68	0	68
mul	76	57	ZeroFiveUp	68	0	68
mul	76	75	AwayFromZero	60	0	76
mul	76	75	Ceiling	60	0	76
mul	76	75	Floor	60	0	76
mul	76	75	HalfAwayFromZero	60	0	76
mul	76	75	HalfToEven	60	0	76
mul	76	75	HalfTowardZero	60	0	76
mul	76	75	Trunc	60	0	76
mul	76	75	ZeroFiveUp	60	0	76
mul	924	0	AwayFromZero	43	0	93
mul	924	0	Ceiling	43	0	93
mul	924	0	Floor	43	0	93
mul	924	0	HalfAwayFromZero	43	0	93
mul	924	0	HalfToEven	43	0	93
mul	924	0	HalfTowardZero	43	0	93
mul	924	0	Trunc	43	0	93
mul	924	0	ZeroFiveUp	43	0	93
mul	924	180	AwayFromZero	122	0	14
mul	924	180	Ceiling	122	0	14
mul	924	180	Floor	122	0	14
mul	924	180	HalfAwayFromZero	122	0	14
mul	924	180	HalfToEven	122	0	14
mul	924	180	HalfTowardZero	122	0	14
mul	924	180	Trunc	122	0	14
mul	924	180	ZeroFiveUp	122	0	14
mul	924	231	AwayFromZero	124	0	12
mul	924	231	Ceiling	124	0	12
mul	924	231	Floor	124	0	12
mul	924	231	HalfAwayFromZero	124	0	12
mul	924	231	HalfToEven	124	0	12
mul	924	231	HalfTowardZero	124	0	12
mul	924	231	Trunc	124	0	12
mul	924	231	ZeroFiveUp	124	0	12
mul	924	30	AwayFromZero	94	0	42
mul	924	30	Ceiling	94	0	42
mul	924	30	Floor	94	0	42
mul	924	30	HalfAwayFromZero	94	0	42
mul	924	30	HalfToEven	94	0	42
mul	924	30	HalfTowardZero	94	0	42
mul	924	30	Trunc	94	0	42
mul	924	30	ZeroFiveUp	94	0	42
mul	924	350	AwayFromZero	130	0	6
mul	924	350	Ceiling	130	0	6
mul	924	350	Floor	130	0	6
mul	924	350	HalfAwayFromZero	130	0	6
mul	924	350	HalfToEven	130	0	6
mul	924	350	HalfTowardZero	130	0	6
mul	924	350	Trunc	130	0	6
mul	924	350	ZeroFiveUp	130	0	6
mul	924	462	AwayFromZero	130	0	6
mul	924	462	Ceiling	130	0	6
mul	924	462	Floor	130	0	6
mul	924	462	HalfAwayFromZero	130	0	6
mul	924	462	HalfToEven	130	0	6
mul	924	462	HalfTowardZero	130	0	6
mul	924	462	Trunc	130	0	6
mul	924	462	ZeroFiveUp	130	0	6
mul	924	693	AwayFromZero	128	0	8
mul	924	693	Ceiling	128	0	8
mul	924	693	Floor	128	0	8
mul	924	693	HalfAwayFromZero	128	0	8
mul	924	693	HalfToEven	128	0	8
mul	924	693	HalfTowardZero	128	0	8
mul	924	693	Trunc	128	0	8
mul	924	693	ZeroFiveUp	128	0	8
mul	924	900	AwayFromZero	100	0	36
mul	924	900	Ceiling	100	0	36
mul	924	900	Floor	100	0	36
mul	924	900	HalfAwayFromZero	100	0	36
mul	924	900	HalfToEven	100	0	36
mul	924	900	HalfTowardZero	100	0	36
mul	924	900	Trunc	100	0	36
mul	924	900	ZeroFiveUp	100	0	36
mul	924	923	AwayFromZero	88	0	48
mul	924	923	Ceiling	88	0	48
mul	924	923	Floor	88	0	48
mul	924	923	HalfAwayFromZero	88	0	48
mul	924	923	HalfToEven	88	0	48
mul	924	923	HalfTowardZero	88	0	48
mul	924	923	Trunc	88	0	48
mul	924	923	ZeroFiveUp	88	0	48
powf	115	0	AwayFromZero	567	0	3456
powf	115	0	Ceiling	567	0	3456
powf	115	0	Floor	567	0	3456
powf	115	0	HalfAwayFromZero	567	0	3456
powf	115	0	HalfToEven	567	0	3456
powf	115	0	HalfTowardZero	567	0	3456
powf	115	0	Trunc	567	0	3456
powf	115	0	ZeroFiveUp	567	0	3456
powf	115	114	AwayFromZero	951	0	3072
powf	115	114	Ceiling	951	0	3072
powf	115	114	Floor	951	0	3072
powf	115	114	HalfAwayFromZero	951	0	3072
powf	115	114	HalfToEven	951	0	3072
powf	115	114	HalfTowardZero	951	0	3072
powf	115	114	Trunc	951	0	3072
powf	115	114	ZeroFiveUp	951	0	3072
powf	115	28	AwayFromZero	3920	0	103
powf	115	28	Ceiling	3920	0	103
powf	115	28	Floor	3920	0	103
powf	115	28	HalfAwayFromZero	3920	0	103
powf	115	28	HalfToEven	3920	0	103
powf	115	28	HalfTowardZero	3920	0	103
powf	115	28	Trunc	3920	0	103
powf	115	28	ZeroFiveUp	3920	0	103
powf	115	50	AwayFromZero	4023	0	0
powf	115	50	Ceiling	4023	0	0
powf	115	50	Floor	4023	0	0
powf	115	50	HalfAwayFromZero	4023	0	0
powf	115	50	HalfToEven	4023	0	0
powf	115	50	HalfTowardZero	4023	0	0
powf	115	50	Trunc	4023	0	0
powf	115	50	ZeroFiveUp	4023	0	0
powf	115	57	AwayFromZero	4023	0	0
powf	115	57	Ceiling	4023	0	0
powf	115	57	Floor	4023	0	0
powf	115	57	HalfAwayFromZero	4023	0	0
powf	115	57	HalfToEven	4023	0	0
powf	115	57	HalfTowardZero	4023	0	0
powf	115	57	Trunc	4023	0	0
powf	115	57	ZeroFiveUp	4023	0	0
powf	115	86	AwayFromZero	4023	0	0
powf	115	86	Ceiling	4023	0	0
powf	115	86	Floor	4023	0	0
powf	115	86	HalfAwayFromZero	4023	0	0
powf	115	86	HalfToEven	4023	0	0
powf	115	86	HalfTowardZero	4023	0	0
powf	115	86	Trunc	4023	0	0
powf	115	86	ZeroFiveUp	4023	0	0
powf	1232	0	AwayFromZero	567	0	3456
powf	1232	0	Ceiling	567	0	3456
powf	1232	0	Floor	567	0	3456
powf	1232	0	HalfAwayFromZero	567	0	3456
powf	1232	0	HalfToEven	567	0	3456
powf	1232	0	HalfTowardZero	567	0	3456
powf	1232	0	Trunc	567	0	3456
powf	1232	0	ZeroFiveUp	567	0	3456
powf	1232	1200	AwayFromZero	4023	0	0
powf	1232	1200	Ceiling	4023	0	0
powf	1232	1200	Floor	4023	0	0
powf	1232	1200	HalfAwayFromZero	4023	0	0
powf	1232	1200	HalfToEven	4023	0	0
powf	1232	1200	HalfTowardZero	4023	0	0
powf	1232	1200	Trunc	4023	0	0
powf	1232	1200	ZeroFiveUp	4023	0	0
powf	1232	1231	AwayFromZero	2178	0	1845
powf	1232	1231	Ceiling	2178	0	1845
powf	1232	1231	Floor	2178	0	1845
powf	1232	1231	HalfAwayFromZero	2178	0	1845
powf	1232	1231	HalfToEven	2178	0	1845
powf	1232	1231	HalfTowardZero	2178	0	1845
powf	1232	1231	Trunc	2178	0	1845
powf	1232	1231	ZeroFiveUp	2178	0	1845
powf	1232	250	AwayFromZero	4023	0	0
powf	1232	250	Ceiling	4023	0	0
powf	1232	250	Floor	4023	0	0
powf	1232	250	HalfAwayFromZero	4023	0	0
powf	1232	250	HalfToEven	4023	0	0
powf	1232	250	HalfTowardZero	4023	0	0
powf	1232	250	Trunc	4023	0	0
powf	1232	250	ZeroFiveUp	4023	0	0
powf	1232	30	AwayFromZero	4021	0	2
powf	1232	30	Ceiling	4021	0	2
powf	1232	30	Floor	4021	0	2
powf	1232	30	HalfAwayFromZero	4021	0	2
powf	1232	30	HalfToEven	4021	0	2
powf	1232	30	HalfTowardZero	4021	0	2
powf	1232	30	Trunc	4021	0	2
powf	1232	30	ZeroFiveUp	4021	0	2
powf	1232	308	AwayFromZero	4023	0	0
powf	1232	308	Ceiling	4023	0	0
powf	1232	308	Floor	4023	0	0
powf	1232	308	HalfAwayFromZero	4023	0	0
powf	1232	308	HalfToEven	4023	0	0
powf	1232	308	HalfTowardZero	4023	0	0
powf	1232	308	Trunc	4023	0	0
powf	1232	308	ZeroFiveUp	4023	0	0
powf	1232	470	AwayFromZero	4023	0	0
powf	1232	470	Ceiling	4023	0	0
powf	1232	470	Floor	4023	0	0
powf	1232	470	HalfAwayFromZero	4023	0	0
powf	1232	470	HalfToEven	4023	0	0
powf	1232	470	HalfTowardZero	4023	0	0
powf	1232	470	Trunc	4023	0	0
powf	1232	470	ZeroFiveUp	4023	0	0
powf	1232	616	AwayFromZero	4023	0	0
powf	1232	616	Ceiling	4023	0	0
powf	1232	616	Floor	4023	0	0
powf	1232	616	HalfAwayFromZero	4023	0	0
powf	1232	616	HalfToEven	4023	0	0
powf	1232	616	HalfTowardZero	4023	0	0
powf	1232	616	Trunc	4023	0	0
powf	1232	616	ZeroFiveUp	4023	0	0
powf	1232	924	AwayFromZero	4023	0	0
powf	1232	924	Ceiling	4023	0	0
powf	1232	924	Floor	4023	0	0
powf	1232	924	HalfAwayFromZero	4023	0	0
powf	1232	924	HalfToEven	4023	0	0
powf	1232	924	HalfTowardZero	4023	0	0
powf	1232	924	Trunc	4023	0	0
powf	1232	924	ZeroFiveUp	4023	0	0
powf	153	0	AwayFromZero	567	0	3456
powf	153	0	Ceiling	567	0	3456
powf	153	0	Floor	567	0	3456
powf	153	0	HalfAwayFromZero	567	0	3456
powf	153	0	HalfToEven	567	0	3456
powf	153	0	HalfTowardZero	567	0	3456
powf	153	0	Trunc	567	0	3456
powf	153	0	ZeroFiveUp	567	0	3456
powf	153	114	AwayFromZero	4023	0	0
powf	153	114	Ceiling	4023	0	0
powf	153	114	Floor	4023	0	0
powf	153	114	HalfAwayFromZero	4023	0	0
powf	153	114	HalfToEven	4023	0	0
powf	153	114	HalfTowardZero	4023	0	0
powf	153	114	Trunc	4023	0	0
powf	153	114	ZeroFiveUp	4023	0	0
powf	153	152	AwayFromZero	2776	0	1247
powf	153	152	Ceiling	2776	0	1247
powf	153	152	Floor	2776	0	1247
powf	153	152	HalfAwayFromZero	2776	0	1247
powf	153	152	HalfToEven	2776	0	1247
powf	153	152	HalfTowardZero	2776	0	1247
powf	153	152	Trunc	2776	0	1247
powf	153	152	ZeroFiveUp	2776	0	1247
powf	153	38	AwayFromZero	4023	0	0
powf	153	38	Ceiling	4023	0	0
powf	153	38	Floor	4023	0	0
powf	153	38	HalfAwayFromZero	4023	0	0
powf	153	38	HalfToEven	4023	0	0
powf	153	38	HalfTowardZero	4023	0	0
powf	153	38	Trunc	4023	0	0
powf	153	38	ZeroFiveUp	4023	0	0
powf	153	76	AwayFromZero	4023	0	0
powf	153	76	Ceiling	4023	0	0
powf	153	76	Floor	4023	0	0
powf	153	76	HalfAwayFromZero	4023	0	0
powf	153	76	HalfToEven	4023	0	0
powf	153	76	HalfTowardZero	4023	0	0
powf	153	76	Trunc	4023	0	0
powf	153	76	ZeroFiveUp	4023	0	0
powf	18	0	AwayFromZero	567	0	3456
powf	18	0	Ceiling	567	0	3456
powf	18	0	Floor	567	0	3456
powf	18	0	HalfAwayFromZero	567	0	3456
powf	18	0	HalfToEven	567	0	3456
powf	18	0	HalfTowardZero	567	0	3456
powf	18	0	Trunc	567	0	3456
powf	18	0	ZeroFiveUp	567	0	3456
powf	18	13	AwayFromZero	1203	0	2820
powf	18	13	Ceiling	1203	0	2820
powf	18	13	Floor	1203	0	2820
powf	18	13	HalfAwayFromZero	1203	0	2820
powf	18	13	HalfToEven	1203	0	2820
powf	18	13	HalfTowardZero	1203	0	2820
powf	18	13	Trunc	1203	0	2820
powf	18	13	ZeroFiveUp	1203	0	2820
powf	18	17	AwayFromZero	1267	0	2756
powf	18	17	Ceiling	1267	0	2756
powf	18	17	Floor	1267	0	2756
powf	18	17	HalfAwayFromZero	1267	0	2756
powf	18	17	HalfToEven	1267	0	2756
powf	18	17	HalfTowardZero	1267	0	2756
powf	18	17	Trunc	1267	0	2756
powf	18	17	ZeroFiveUp	1267	0	2756
powf	18	3	AwayFromZero	576	0	3447
powf	18	3	Ceiling	576	0	3447
powf	18	3	Floor	576	0	3447
powf	18	3	HalfAwayFromZero	576	0	3447
powf	18	3	HalfToEven	576	0	3447
powf	18	3	HalfTowardZero	576	0	3447
powf	18	3	Trunc	576	0	3447
powf	18	3	ZeroFiveUp	576	0	3447
powf	18	4	AwayFromZero	741	0	3282
powf	18	4	Ceiling	741	0	3282
powf	18	4	Floor	741	0	3282
powf	18	4	HalfAwayFromZero	741	0	3282
powf	18	4	HalfToEven	741	0	3282
powf	18	4	HalfTowardZero	741	0	3282
powf	18	4	Trunc	741	0	3282
powf	18	4	ZeroFiveUp	741	0	3282
powf	18	9	AwayFromZero	1052	0	2971
powf	18	9	Ceiling	1052	0	2971
powf	18	9	Floor	1052	0	2971
powf	18	9	HalfAwayFromZero	1052	0	2971
powf	18	9	HalfToEven	1052	0	2971
powf	18	9	HalfTowardZero	1052	0	2971
powf	18	9	Trunc	1052	0	2971
powf	18	9	ZeroFiveUp	1052	0	2971
powf	230	0	AwayFromZero	567	0	3456
powf	230	0	Ceiling	567	0	3456
powf	230	0	Floor	567	0	3456
powf	230	0	HalfAwayFromZero	567	0	3456
powf	230	0	HalfToEven	567	0	3456
powf	230	0	HalfTowardZero	567	0	3456
powf	230	0	Trunc	567	0	3456
powf	230	0	ZeroFiveUp	567	0	3456
powf	230	115	AwayFromZero	4023	0	0
powf	230	115	Ceiling	4023	0	0
powf	230	115	Floor	4023	0	0
powf	230	115	HalfAwayFromZero	4023	0	0
powf	230	115	HalfToEven	4023	0	0
powf	230	115	HalfTowardZero	4023	0	0
powf	230	115	Trunc	4023	0	0
powf	230	115	ZeroFiveUp	4023	0	0
powf	230	172	AwayFromZero	4023	0	0
powf	230	172	Ceiling	4023	0	0
powf	230	172	Floor	4023	0	0
powf	230	172	HalfAwayFromZero	4023	0	0
powf	230	172	HalfToEven	4023	0	0
powf	230	172	HalfTowardZero	4023	0	0
powf	230	172	Trunc	4023	0	0
powf	230	172	ZeroFiveUp	4023	0	0
powf	230	229	AwayFromZero	3209	0	814
powf	230	229	Ceiling	3209	0	814
powf	230	229	Floor	3209	0	814
powf	230	229	HalfAwayFromZero	3209	0	814
powf	230	229	HalfToEven	3209	0	814
powf	230	229	HalfTowardZero	3209	0	814
powf	230	229	Trunc	3209	0	814
powf	230	229	ZeroFiveUp	3209	0	814
powf	230	30	AwayFromZero	4021	0	2
powf	230	30	Ceiling	4021	0	2
powf	230	30	Floor	4021	0	2
powf	230	30	HalfAwayFromZero	4021	0	2
powf	230	30	HalfToEven	4021	0	2
powf	230	30	HalfTowardZero	4021	0	2
powf	230	30	Trunc	4021	0	2
powf	230	30	ZeroFiveUp	4021	0	2
powf	230	57	AwayFromZero	4023	0	0
powf	230	57	Ceiling	4023	0	0
powf	230	57	Floor	4023	0	0
powf	230	57	HalfAwayFromZero	4023	0	0
powf	230	57	HalfToEven	4023	0	0
powf	230	57	HalfTowardZero	4023	0	0
powf	230	57	Trunc	4023	0	0
powf	230	57	ZeroFiveUp	4023	0	0
powf	307	0	AwayFromZero	567	0	3456
powf	307	0	Ceiling	567	0	3456
powf	307	0	Floor	567	0	3456
powf	307	0	HalfAwayFromZero	567	0	3456
powf	307	0	HalfToEven	567	0	3456
powf	307	0	HalfTowardZero	567	0	3456
powf	307	0	Trunc	567	0	3456
powf	307	0	ZeroFiveUp	567	0	3456
powf	307	120	AwayFromZero	4023	0	0
powf	307	120	Ceiling	4023	0	0
powf	307	120	Floor	4023	0	0
powf	307	120	HalfAwayFromZero	4023	0	0
powf	307	120	HalfToEven	4023	0	0
powf	307	120	HalfTowardZero	4023	0	0
powf	307	120	Trunc	4023	0	0
powf	307	120	ZeroFiveUp	4023	0	0
powf	307	153	AwayFromZero	4023	0	0
powf	307	153	Ceiling	4023	0	0
powf	307	153	Floor	4023	0	0
powf	307	153	HalfAwayFromZero	4023	0	0
powf	307	153	HalfToEven	4023	0	0
powf	307	153	HalfTowardZero	4023	0	0
powf	307	153	Trunc	4023	0	0
powf	307	153	ZeroFiveUp	4023	0	0
powf	307	230	AwayFromZero	4023	0	0
powf	307	230	Ceiling	4023	0	0
powf	307	230	Floor	4023	0	0
powf	307	230	HalfAwayFromZero	4023	0	0
powf	307	230	HalfToEven	4023	0	0
powf	307	230	HalfTowardZero	4023	0	0
powf	307	230	Trunc	4023	0	0
powf	307	230	ZeroFiveUp	4023	0	0
powf	307	290	AwayFromZero	4023	0	0
powf	307	290	Ceiling	4023	0	0
powf	307	290	Floor	4023	0	0
powf	307	290	HalfAwayFromZero	4023	0	0
powf	307	290	HalfToEven	4023	0	0
powf	307	290	HalfTowardZero	4023	0	0
powf	307	290	Trunc	4023	0	0
powf	307	290	ZeroFiveUp	4023	0	0
powf	307	30	AwayFromZero	4021	0	2
powf	307	30	Ceiling	4021	0	2
powf	307	30	Floor	4021	0	2
powf	307	30	HalfAwayFromZero	4021	0	2
powf	307	30	HalfToEven	4021	0	2
powf	307	30	HalfTowardZero	4021	0	2
powf	307	30	Trunc	4021	0	2
powf	307	30	ZeroFiveUp	4021	0	2
powf	307	306	AwayFromZero	3644	0	379
powf	307	306	Ceiling	3644	0	379
powf	307	306	Floor	3644	0	379
powf	307	306	HalfAwayFromZero	3644	0	379
powf	307	306	HalfToEven	3644	0	379
powf	307	306	HalfTowardZero	3644	0	379
powf	307	306	Trunc	3644	0	379
powf	307	306	ZeroFiveUp	3644	0	379
powf	307	50	AwayFromZero	4023	0	0
powf	307	50	Ceiling	4023	0	0
powf	307	50	Floor	4023	0	0
powf	307	50	HalfAwayFromZero	4023	0	0
powf	307	50	HalfToEven	4023	0	0
powf	307	50	HalfTowardZero	4023	0	0
powf	307	50	Trunc	4023	0	0
powf	307	50	ZeroFiveUp	4023	0	0
powf	307	70	AwayFromZero	4023	0	0
powf	307	70	Ceiling	4023	0	0
powf	307	70	Floor	4023	0	0
powf	307	70	HalfAwayFromZero	4023	0	0
powf	307	70	HalfToEven	4023	0	0
powf	307	70	HalfTowardZero	4023	0	0
powf	307	70	Trunc	4023	0	0
powf	307	70	ZeroFiveUp	4023	0	0
powf	307	76	AwayFromZero	4023	0	0
powf	307	76	Ceiling	4023	0	0
powf	307	76	Floor	4023	0	0
powf	307	76	HalfAwayFromZero	4023	0	0
powf	307	76	HalfToEven	4023	0	0
powf	307	76	HalfTowardZero	4023	0	0
powf	307	76	Trunc	4023	0	0
powf	307	76	ZeroFiveUp	4023	0	0
powf	38	0	AwayFromZero	567	0	3456
powf	38	0	Ceiling	567	0	3456
powf	38	0	Floor	567	0	3456
powf	38	0	HalfAwayFromZero	567	0	3456
powf	38	0	HalfToEven	567	0	3456
powf	38	0	HalfTowardZero	567	0	3456
powf	38	0	Trunc	567	0	3456
powf	38	0	ZeroFiveUp	567	0	3456
powf	38	10	AwayFromZero	1052	0	2971
powf	38	10	Ceiling	1052	0	2971
powf	38	10	Floor	1052	0	2971
powf	38	10	HalfAwayFromZero	1052	0	2971
powf	38	10	HalfToEven	1052	0	2971
powf	38	10	HalfTowardZero	1052	0	2971
powf	38	10	Trunc	1052	0	2971
powf	38	10	ZeroFiveUp	1052	0	2971
powf	38	12	AwayFromZero	1053	0	2970
powf	38	12	Ceiling	1053	0	2970
powf	38	12	Floor	1053	0	2970
powf	38	12	HalfAwayFromZero	1053	0	2970
powf	38	12	HalfToEven	1053	0	2970
powf	38	12	HalfTowardZero	1053	0	2970
powf	38	12	Trunc	1053	0	2970
powf	38	12	ZeroFiveUp	1053	0	2970
powf	38	17	AwayFromZero	1362	0	2661
powf	38	17	Ceiling	1362	0	2661
powf	38	17	Floor	1362	0	2661
powf	38	17	HalfAwayFromZero	1362	0	2661
powf	38	17	HalfToEven	1362	0	2661
powf	38	17	HalfTowardZero	1362	0	2661
powf	38	17	Trunc	1362	0	2661
powf	38	17	ZeroFiveUp	1362	0	2661
powf	38	18	AwayFromZero	1363	0	2660
powf	38	18	Ceiling	1363	0	2660
powf	38	18	Floor	1363	0	2660
powf	38	18	HalfAwayFromZero	1363	0	2660
powf	38	18	HalfToEven	1363	0	2660
powf	38	18	HalfTowardZero	1363	0	2660
powf	38	18	Trunc	1363	0	2660
powf	38	18	ZeroFiveUp	1363	0	2660
powf	38	19	AwayFromZero	1613	0	2410
powf	38	19	Ceiling	1613	0	2410
powf	38	19	Floor	1613	0	2410
powf	38	19	HalfAwayFromZero	1613	0	2410
powf	38	19	HalfToEven	1613	0	2410
powf	38	19	HalfTowardZero	1613	0	2410
powf	38	19	Trunc	1613	0	2410
powf	38	19	ZeroFiveUp	1613	0	2410
powf	38	2	AwayFromZero	575	0	3448
powf	38	2	Ceiling	575	0	3448
powf	38	2	Floor	575	0	3448
powf	38	2	HalfAwayFromZero	575	0	3448
powf	38	2	HalfToEven	575	0	3448
powf	38	2	HalfTowardZero	575	0	3448
powf	38	2	Trunc	575	0	3448
powf	38	2	ZeroFiveUp	575	0	3448
powf	38	28	AwayFromZero	3920	0	103
powf	38	28	Ceiling	3920	0	103
powf	38	28	Floor	3920	0	103
powf	38	28	HalfAwayFromZero	3920	0	103
powf	38	28	HalfToEven	3920	0	103
powf	38	28	HalfTowardZero	3920	0	103
powf	38	28	Trunc	3920	0	103
powf	38	28	ZeroFiveUp	3920	0	103
powf	38	37	AwayFromZero	843	0	3180
powf	38	37	Ceiling	843	0	3180
powf	38	37	Floor	843	0	3180
powf	38	37	HalfAwayFromZero	843	0	3180
powf	38	37	HalfToEven	843	0	3180
powf	38	37	HalfTowardZero	843	0	3180
powf	38	37	Trunc	843	0	3180
powf	38	37	ZeroFiveUp	843	0	3180
powf	38	6	AwayFromZero	741	0	3282
powf	38	6	Ceiling	741	0	3282
powf	38	6	Floor	741	0	3282
powf	38	6	HalfAwayFromZero	741	0	3282
powf	38	6	HalfToEven	741	0	3282
powf	38	6	HalfTowardZero	741	0	3282
powf	38	6	Trunc	741	0	3282
powf	38	6	ZeroFiveUp	741	0	3282
powf	38	9	AwayFromZero	1052	0	2971
powf	38	9	Ceiling	1052	0	2971
powf	38	9	Floor	1052	0	2971
powf	38	9	HalfAwayFromZero	1052	0	2971
powf	38	9	HalfToEven	1052	0	2971
powf	38	9	HalfTowardZero	1052	0	2971
powf	38	9	Trunc	1052	0	2971
powf	38	9	ZeroFiveUp	1052	0	2971
powf	462	0	AwayFromZero	567	0	3456
powf	462	0	Ceiling	567	0	3456
powf	462	0	Floor	567	0	3456
powf	462	0	HalfAwayFromZero	567	0	3456
powf	462	0	HalfToEven	567	0	3456
powf	462	0	HalfTowardZero	567	0	3456
powf	462	0	Trunc	567	0	3456
powf	462	0	ZeroFiveUp	567	0	3456
powf	462	100	AwayFromZero	4023	0	0
powf	462	100	Ceiling	4023	0	0
powf	462	100	Floor	4023	0	0
powf	462	100	HalfAwayFromZero	4023	0	0
powf	462	100	HalfToEven	4023	0	0
powf	462	100	HalfTowardZero	4023	0	0
powf	462	100	Trunc	4023	0	0
powf	462	100	ZeroFiveUp	4023	0	0
powf	462	115	AwayFromZero	4023	0	0
powf	462	115	Ceiling	4023	0	0
powf	462	115	Floor	4023	0	0
powf	462	115	HalfAwayFromZero	4023	0	0
powf	462	115	HalfToEven	4023	0	0
powf	462	115	HalfTowardZero	4023	0	0
powf	462	115	Trunc	4023	0	0
powf	462	115	ZeroFiveUp	4023	0	0
powf	462	180	AwayFromZero	4023	0	0
powf	462	180	Ceiling	4023	0	0
powf	462	180	Floor	4023	0	0
powf	462	180	HalfAwayFromZero	4023	0	0
powf	462	180	HalfToEven	4023	0	0
powf	462	180	HalfTowardZero	4023	0	0
powf	462	180	Trunc	4023	0	0
powf	462	180	ZeroFiveUp	4023	0	0
powf	462	231	AwayFromZero	4023	0	0
powf	462	231	Ceiling	4023	0	0
powf	462	231	Floor	4023	0	0
powf	462	231	HalfAwayFromZero	4023	0	0
powf	462	231	HalfToEven	4023	0	0
powf	462	231	HalfTowardZero	4023	0	0
powf	462	231	Trunc	4023	0	0
powf	462	231	ZeroFiveUp	4023	0	0
powf	462	30	AwayFromZero	4021	0	2
powf	462	30	Ceiling	4021	0	2
powf	462	30	Floor	4021	0	2
powf	462	30	HalfAwayFromZero	4021	0	2
powf	462	30	HalfToEven	4021	0	2
powf	462	30	HalfTowardZero	4021	0	2
powf	462	30	Trunc	4021	0	2
powf	462	30	ZeroFiveUp	4021	0	2
powf	462	346	AwayFromZero	4023	0	0
powf	462	346	Ceiling	4023	0	0
powf	462	346	Floor	4023	0	0
powf	462	346	HalfAwayFromZero	4023	0	0
powf	462	346	HalfToEven	4023	0	0
powf	462	346	HalfTowardZero	4023	0	0
powf	462	346	Trunc	4023	0	0
powf	462	346	ZeroFiveUp	4023	0	0
powf	462	461	AwayFromZero	661	0	3362
powf	462	461	Ceiling	661	0	3362
powf	462	461	Floor	661	0	3362
powf	462	461	HalfAwayFromZero	661	0	3362
powf	462	461	HalfToEven	661	0	3362
powf	462	461	HalfTowardZero	661	0	3362
powf	462	461	Trunc	661	0	3362
powf	462	461	ZeroFiveUp	661	0	3362
powf	57	0	AwayFromZero	567	0	3456
powf	57	0	Ceiling	567	0	3456
powf	57	0	Floor	567	0	3456
powf	57	0	HalfAwayFromZero	567	0	3456
powf	57	0	HalfToEven	567	0	3456
powf	57	0	HalfTowardZero	567	0	3456
powf	57	0	Trunc	567	0	3456
powf	57	0	ZeroFiveUp	567	0	3456
powf	57	14	AwayFromZero	1329	0	2694
powf	57	14	Ceiling	1329	0	2694
powf	57	14	Floor	1329	0	2694
powf	57	14	HalfAwayFromZero	1329	0	2694
powf	57	14	HalfToEven	1329	0	2694
powf	57	14	HalfTowardZero	1329	0	2694
powf	57	14	Trunc	1329	0	2694
powf	57	14	ZeroFiveUp	1329	0	2694
powf	57	20	AwayFromZero	1613	0	2410
powf	57	20	Ceiling	1613	0	2410
powf	57	20	Floor	1613	0	2410
powf	57	20	HalfAwayFromZero	1613	0	2410
powf	57	20	HalfToEven	1613	0	2410
powf	57	20	HalfTowardZero	1613	0	2410
powf	57	20	Trunc	1613	0	2410
powf	57	20	ZeroFiveUp	1613	0	2410
powf	57	28	AwayFromZero	3920	0	103
powf	57	28	Ceiling	3920	0	103
powf	57	28	Floor	3920	0	103
powf	57	28	HalfAwayFromZero	3920	0	103
powf	57	28	HalfToEven	3920	0	103
powf	57	28	HalfTowardZero	3920	0	103
powf	57	28	Trunc	3920	0	103
powf	57	28	ZeroFiveUp	3920	0	103
powf	57	30	AwayFromZero	4021	0	2
powf	57	30	Ceiling	4021	0	2
powf	57	30	Floor	4021	0	2
powf	57	30	HalfAwayFromZero	4021	0	2
powf	57	30	HalfToEven	4021	0	2
powf	57	30	HalfTowardZero	4021	0	2
powf	57	30	Trunc	4021	0	2
powf	57	30	ZeroFiveUp	4021	0	2
powf	57	42	AwayFromZero	4023	0	0
powf	57	42	Ceiling	4023	0	0
powf	57	42	Floor	4023	0	0
powf	57	42	HalfAwayFromZero	4023	0	0
powf	57	42	HalfToEven	4023	0	0
powf	57	42	HalfTowardZero	4023	0	0
powf	57	42	Trunc	4023	0	0
powf	57	42	ZeroFiveUp	4023	0	0
powf	57	56	AwayFromZero	1401	0	2622
powf	57	56	Ceiling	1401	0	2622
powf	57	56	Floor	1401	0	2622
powf	57	56	HalfAwayFromZero	1401	0	2622
powf	57	56	HalfToEven	1401	0	2622
powf	57	56	HalfTowardZero	1401	0	2622
powf	57	56	Trunc	1401	0	2622
powf	57	56	ZeroFiveUp	1401	0	2622
powf	616	0	AwayFromZero	567	0	3456
powf	616	0	Ceiling	567	0	3456
powf	616	0	Floor	567	0	3456
powf	616	0	HalfAwayFromZero	567	0	3456
powf	616	0	HalfToEven	567	0	3456
powf	616	0	HalfTowardZero	567	0	3456
powf	616	0	Trunc	567	0	3456
powf	616	0	ZeroFiveUp	567	0	3456
powf	616	130	AwayFromZero	4023	0	0
powf	616	130	Ceiling	4023	0	0
powf	616	130	Floor	4023	0	0
powf	616	130	HalfAwayFromZero	4023	0	0
powf	616	130	HalfToEven	4023	0	0
powf	616	130	HalfTowardZero	4023	0	0
powf	616	130	Trunc	4023	0	0
powf	616	130	ZeroFiveUp	4023	0	0
powf	616	154	AwayFromZero	4023	0	0
powf	616	154	Ceiling	4023	0	0
powf	616	154	Floor	4023	0	0
powf	616	154	HalfAwayFromZero	4023	0	0
powf	616	154	HalfToEven	4023	0	0
powf	616	154	HalfTowardZero	4023	0	0
powf	616	154	Trunc	4023	0	0
powf	616	154	ZeroFiveUp	4023	0	0
powf	616	240	AwayFromZero	4023	0	0
powf	616	240	Ceiling	4023	0	0
powf	616	240	Floor	4023	0	0
powf	616	240	HalfAwayFromZero	4023	0	0
powf	616	240	HalfToEven	4023	0	0
powf	616	240	HalfTowardZero	4023	0	0
powf	616	240	Trunc	4023	0	0
powf	616	240	ZeroFiveUp	4023	0	0
powf	616	30	AwayFromZero	4021	0	2
powf	616	30	Ceiling	4021	0	2
powf	616	30	Floor	4021	0	2
powf	616	30	HalfAwayFromZero	4021	0	2
powf	616	30	HalfToEven	4021	0	2
powf	616	30	HalfTowardZero	4021	0	2
powf	616	30	Trunc	4021	0	2
powf	616	30	ZeroFiveUp	4021	0	2
powf	616	308	AwayFromZero	4023	0	0
powf	616	308	Ceiling	4023	0	0
powf	616	308	Floor	4023	0	0
powf	616	308	HalfAwayFromZero	4023	0	0
powf	616	308	HalfToEven	4023	0	0
powf	616	308	HalfTowardZero	4023	0	0
powf	616	308	Trunc	4023	0	0
powf	616	308	ZeroFiveUp	4023	0	0
powf	616	462	AwayFromZero	4023	0	0
powf	616	462	Ceiling	4023	0	0
powf	616	462	Floor	4023	0	0
powf	616	462	HalfAwayFromZero	4023	0	0
powf	616	462	HalfToEven	4023	0	0
powf	616	462	HalfTowardZero	4023	0	0
powf	616	462	Trunc	4023	0	0
powf	616	462	ZeroFiveUp	4023	0	0
powf	616	590	AwayFromZero	4023	0	0
powf	616	590	Ceiling	4023	0	0
powf	616	590	Floor	4023	0	0
powf	616	590	HalfAwayFromZero	4023	0	0
powf	616	590	HalfToEven	4023	0	0
powf	616	590	HalfTowardZero	4023	0	0
powf	616	590	Trunc	4023	0	0
powf	616	590	ZeroFiveUp	4023	0	0
powf	616	615	AwayFromZero	814	0	3209
powf	616	615	Ceiling	814	0	3209
powf	616	615	Floor	814	0	3209
powf	616	615	HalfAwayFromZero	814	0	3209
powf	616	615	HalfToEven	814	0	3209
powf	616	615	HalfTowardZero	814	0	3209
powf	616	615	Trunc	814	0	3209
powf	616	615	ZeroFiveUp	814	0	3209
powf	76	0	AwayFromZero	567	0	3456
powf	76	0	Ceiling	567	0	3456
powf	76	0	Floor	567	0	3456
powf	76	0	HalfAwayFromZero	567	0	3456
powf	76	0	HalfToEven	567	0	3456
powf	76	0	HalfTowardZero	567	0	3456
powf	76	0	Trunc	567	0	3456
powf	76	0	ZeroFiveUp	567	0	3456
powf	76	18	AwayFromZero	1363	0	2660
powf	76	18	Ceiling	1363	0	2660
powf	76	18	Floor	1363	0	2660
powf	76	18	HalfAwayFromZero	1363	0	2660
powf	76	18	HalfToEven	1363	0	2660
powf	76	18	HalfTowardZero	1363	0	2660
powf	76	18	Trunc	1363	0	2660
powf	76	18	ZeroFiveUp	1363	0	2660
powf	76	19	AwayFromZero	1613	0	2410
powf	76	19	Ceiling	1613	0	2410
powf	76	19	Floor	1613	0	2410
powf	76	19	HalfAwayFromZero	1613	0	2410
powf	76	19	HalfToEven	1613	0	2410
powf	76	19	HalfTowardZero	1613	0	2410
powf	76	19	Trunc	1613	0	2410
powf	76	19	ZeroFiveUp	1613	0	2410
powf	76	38	AwayFromZero	4023	0	0
powf	76	38	Ceiling	4023	0	0
powf	76	38	Floor	4023	0	0
powf	76	38	HalfAwayFromZero	4023	0	0
powf	76	38	HalfToEven	4023	0	0
powf	76	38	HalfTowardZero	4023	0	0
powf	76	38	Trunc	4023	0	0
powf	76	38	ZeroFiveUp	4023	0	0
powf	76	40	AwayFromZero	4023	0	0
powf	76	40	Ceiling	4023	0	0
powf	76	40	Floor	4023	0	0
powf	76	40	HalfAwayFromZero	4023	0	0
powf	76	40	HalfToEven	4023	0	0
powf	76	40	HalfTowardZero	4023	0	0
powf	76	40	Trunc	4023	0	0
powf	76	40	ZeroFiveUp	4023	0	0
powf	76	57	AwayFromZero	4023	0	0
powf	76	57	Ceiling	4023	0	0
powf	76	57	Floor	4023	0	0
powf	76	57	HalfAwayFromZero	4023	0	0
powf	76	57	HalfToEven	4023	0	0
powf	76	57	HalfTowardZero	4023	0	0
powf	76	57	Trunc	4023	0	0
powf	76	57	ZeroFiveUp	4023	0	0
powf	76	75	AwayFromZero	2392	0	1631
powf	76	75	Ceiling	2392	0	1631
powf	76	75	Floor	2392	0	1631
powf	76	75	HalfAwayFromZero	2392	0	1631
powf	76	75	HalfToEven	2392	0	1631
powf	76	75	HalfTowardZero	2392	0	1631
powf	76	75	Trunc	2392	0	1631
powf	76	75	ZeroFiveUp	2392	0	1631
powf	924	0	AwayFromZero	567	0	3456
powf	924	0	Ceiling	567	0	3456
powf	924	0	Floor	567	0	3456
powf	924	0	HalfAwayFromZero	567	0	3456
powf	924	0	HalfToEven	567	0	3456
powf	924	0	HalfTowardZero	567	0	3456
powf	924	0	Trunc	567	0	3456
powf	924	0	ZeroFiveUp	567	0	3456
powf	924	180	AwayFromZero	4023	0	0
powf	924	180	Ceiling	4023	0	0
powf	924	180	Floor	4023	0	0
powf	924	180	HalfAwayFromZero	4023	0	0
powf	924	180	HalfToEven	4023	0	0
powf	924	180	HalfTowardZero	4023	0	0
powf	924	180	Trunc	4023	0	0
powf	924	180	ZeroFiveUp	4023	0	0
powf	924	231	AwayFromZero	4023	0	0
powf	924	231	Ceiling	4023	0	0
powf	924	231	Floor	4023	0	0
powf	924	231	HalfAwayFromZero	4023	0	0
powf	924	231	HalfToEven	4023	0	0
powf	924	231	HalfTowardZero	4023	0	0
powf	924	231	Trunc	4023	0	0
powf	924	231	ZeroFiveUp	4023	0	0
powf	924	30	AwayFromZero	4021	0	2
powf	924	30	Ceiling	4021	0	2
powf	924	30	Floor	4021	0	2
powf	924	30	HalfAwayFromZero	4021	0	2
powf	924	30	HalfToEven	4021	0	2
powf	924	30	HalfTowardZero	4021	0	2
powf	924	30	Trunc	4021	0	2
powf	924	30	ZeroFiveUp	4021	0	2
powf	924	350	AwayFromZero	4023	0	0
powf	924	350	Ceiling	4023	0	0
powf	924	350	Floor	4023	0	0
powf	924	350	HalfAwayFromZero	4023	0	0
powf	924	350	HalfToEven	4023	0	0
powf	924	350	HalfTowardZero	4023	0	0
powf	924	350	Trunc	4023	0	0
powf	924	350	ZeroFiveUp	4023	0	0
powf	924	462	AwayFromZero	4023	0	0
powf	924	462	Ceiling	4023	0	0
powf	924	462	Floor	4023	0	0
powf	924	462	HalfAwayFromZero	4023	0	0
powf	924	462	HalfToEven	4023	0	0
powf	924	462	HalfTowardZero	4023	0	0
powf	924	462	Trunc	4023	0	0
powf	924	462	ZeroFiveUp	4023	0	0
powf	924	693	AwayFromZero	4023	0	0
powf	924	693	Ceiling	4023	0	0
powf	924	693	Floor	4023	0	0
powf	924	693	HalfAwayFromZero	4023	0	0
powf	924	693	HalfToEven	4023	0	0
powf	924	693	HalfTowardZero	4023	0	0
powf	924	693	Trunc	4023	0	0
powf	924	693	ZeroFiveUp	4023	0	0
powf	924	900	AwayFromZero	4023	0	0
powf	924	900	Ceiling	4023	0	0
powf	924	900	Floor	4023	0	0
powf	924	900	HalfAwayFromZero	4023	0	0
powf	924	900	HalfToEven	4023	0	0
powf	924	900	HalfTowardZero	4023	0	0
powf	924	900	Trunc	4023	0	0
powf	924	900	ZeroFiveUp	4023	0	0
powf	924	923	AwayFromZero	1311	0	2712
powf	924	923	Ceiling	1311	0	2712
powf	924	923	Floor	1311	0	2712
powf	924	923	HalfAwayFromZero	1311	0	2712
powf	924	923	HalfToEven	1311	0	2712
powf	924	923	HalfTowardZero	1311	0	2712
powf	924	923	Trunc	1311	0	2712
powf	924	923	ZeroFiveUp	1311	0	2712
rem	115	0	AwayFromZero	22	0	43
rem	115	0	Ceiling	22	0	43
rem	115	0	Floor	22	0	43
rem	115	0	HalfAwayFromZero	22	0	43
rem	115	0	HalfToEven	22	0	43
rem	115	0	HalfTowardZero	22	0	43
rem	115	0	Trunc	22	0	43
rem	115	0	ZeroFiveUp	22	0	43
rem	115	114	AwayFromZero	9	0	56
rem	115	114	Ceiling	9	0	56
rem	115	114	Floor	9	0	56
rem	115	114	HalfAwayFromZero	9	0	56
rem	115	114	HalfToEven	9	0	56
rem	115	114	HalfTowardZero	9	0	56
rem	115	114	Trunc	9	0	56
rem	115	114	ZeroFiveUp	9	0	56
rem	115	28	AwayFromZero	40	0	25
rem	115	28	Ceiling	40	0	25
rem	115	28	Floor	40	0	25
rem	115	28	HalfAwayFromZero	40	0	25
rem	115	28	HalfToEven	40	0	25
rem	115	28	HalfTowardZero	40	0	25
rem	115	28	Trunc	40	0	25
rem	115	28	ZeroFiveUp	40	0	25
rem	115	50	AwayFromZero	36	0	29
rem	115	50	Ceiling	36	0	29
rem	115	50	Floor	36	0	29
rem	115	50	HalfAwayFromZero	36	0	29
rem	115	50	HalfToEven	36	0	29
rem	115	50	HalfTowardZero	36	0	29
rem	115	50	Trunc	36	0	29
rem	115	50	ZeroFiveUp	36	0	29
rem	115	57	AwayFromZero	35	0	30
rem	115	57	Ceiling	35	0	30
rem	115	57	Floor	35	0	30
rem	115	57	HalfAwayFromZero	35	0	30
rem	115	57	HalfToEven	35	0	30
rem	115	57	HalfTowardZero	35	0	30
rem	115	57	Trunc	35	0	30
rem	115	57	ZeroFiveUp	35	0	30
rem	115	86	AwayFromZero	27	0	38
rem	115	86	Ceiling	27	0	38
rem	115	86	Floor	27	0	38
rem	115	86	HalfAwayFromZero	27	0	38
rem	115	86	HalfToEven	27	0	38
rem	115	86	HalfTowardZero	27	0	38
rem	115	86	Trunc	27	0	38
rem	115	86	ZeroFiveUp	27	0	38
rem	1232	0	AwayFromZero	45	0	20
rem	1232	0	Ceiling	45	0	20
rem	1232	0	Floor	45	0	20
rem	1232	0	HalfAwayFromZero	45	0	20
rem	1232	0	HalfToEven	45	0	20
rem	1232	0	HalfTowardZero	45	0	20
rem	1232	0	Trunc	45	0	20
rem	1232	0	ZeroFiveUp	45	0	20
rem	1232	1200	AwayFromZero	28	0	37
rem	1232	1200	Ceiling	28	0	37
rem	1232	1200	Floor	28	0	37
rem	1232	1200	HalfAwayFromZero	28	0	37
rem	1232	1200	HalfToEven	28	0	37
rem	1232	1200	HalfTowardZero	28	0	37
rem	1232	1200	Trunc	28	0	37
rem	1232	1200	ZeroFiveUp	28	0	37
rem	1232	1231	AwayFromZero	11	0	54
rem	1232	1231	Ceiling	11	0	54
rem	1232	1231	Floor	11	0	54
rem	1232	1231	HalfAwayFromZero	11	0	54
rem	1232	1231	HalfToEven	11	0	54
rem	1232	1231	HalfTowardZero	11	0	54
rem	1232	1231	Trunc	11	0	54
rem	1232	1231	ZeroFiveUp	11	0	54
rem	1232	250	AwayFromZero	64	0	1
rem	1232	250	Ceiling	64	0	1
rem	1232	250	Floor	64	0	1
rem	1232	250	HalfAwayFromZero	64	0	1
rem	1232	250	HalfToEven	64	0	1
rem	1232	250	HalfTowardZero	64	0	1
rem	1232	250	Trunc	64	0	1
rem	1232	250	ZeroFiveUp	64	0	1
rem	1232	30	AwayFromZero	64	0	1
rem	1232	30	Ceiling	64	0	1
rem	1232	30	Floor	64	0	1
rem	1232	30	HalfAwayFromZero	64	0	1
rem	1232	30	HalfToEven	64	0	1
rem	1232	30	HalfTowardZero	64	0	1
rem	1232	30	Trunc	64	0	1
rem	1232	30	ZeroFiveUp	64	0	1
rem	1232	308	AwayFromZero	63	0	2
rem	1232	308	Ceiling	63	0	2
rem	1232	308	Floor	63	0	2
rem	1232	308	HalfAwayFromZero	63	0	2
rem	1232	308	HalfToEven	63	0	2
rem	1232	308	HalfTowardZero	63	0	2
rem	1232	308	Trunc	63	0	2
rem	1232	308	ZeroFiveUp	63	0	2
rem	1232	470	AwayFromZero	62	0	3
rem	1232	470	Ceiling	62	0	3
rem	1232	470	Floor	62	0	3
rem	1232	470	HalfAwayFromZero	62	0	3
rem	1232	470	HalfToEven	62	0	3
rem	1232	470	HalfTowardZero	62	0	3
rem	1232	470	Trunc	62	0	3
rem	1232	470	ZeroFiveUp	62	0	3
rem	1232	616	AwayFromZero	60	0	5
rem	1232	616	Ceiling	60	0	5
rem	1232	616	Floor	60	0	5
rem	1232	616	HalfAwayFromZero	60	0	5
rem	1232	616	HalfToEven	60	0	5
rem	1232	616	HalfTowardZero	60	0	5
rem	1232	616	Trunc	60	0	5
rem	1232	616	ZeroFiveUp	60	0	5
rem	1232	924	AwayFromZero	54	0	11
rem	1232	924	Ceiling	54	0	11
rem	1232	924	Floor	54	0	11
rem	1232	924	HalfAwayFromZero	54	0	11
rem	1232	924	HalfToEven	54	0	11
rem	1232	924	HalfTowardZero	54	0	11
rem	1232	924	Trunc	54	0	11
rem	1232	924	ZeroFiveUp	54	0	11
rem	153	0	AwayFromZero	26	0	39
rem	153	0	Ceiling	26	0	39
rem	153	0	Floor	26	0	39
rem	153	0	HalfAwayFromZero	26	0	39
rem	153	0	HalfToEven	26	0	39
rem	153	0	HalfTowardZero	26	0	39
rem	153	0	Trunc	26	0	39
rem	153	0	ZeroFiveUp	26	0	39
rem	153	114	AwayFromZero	31	0	34
rem	153	114	Ceiling	31	0	34
rem	153	114	Floor	31	0	34
rem	153	114	HalfAwayFromZero	31	0	34
rem	153	114	HalfToEven	31	0	34
rem	153	114	HalfTowardZero	31	0	34
rem	153	114	Trunc	31	0	34
rem	153	114	ZeroFiveUp	31	0	34
rem	153	152	AwayFromZero	14	0	51
rem	153	152	Ceiling	14	0	51
rem	153	152	Floor	14	0	51
rem	153	152	HalfAwayFromZero	14	0	51
rem	153	152	HalfToEven	14	0	51
rem	153	152	HalfTowardZero	14	0	51
rem	153	152	Trunc	14	0	51
rem	153	152	ZeroFiveUp	14	0	51
rem	153	38	AwayFromZero	42	0	23
rem	153	38	Ceiling	42	0	23
rem	153	38	Floor	42	0	23
rem	153	38	HalfAwayFromZero	42	0	23
rem	153	38	HalfToEven	42	0	23
rem	153	38	HalfTowardZero	42	0	23
rem	153	38	Trunc	42	0	23
rem	153	38	ZeroFiveUp	42	0	23
rem	153	76	AwayFromZero	38	0	27
rem	153	76	Ceiling	38	0	27
rem	153	76	Floor	38	0	27
rem	153	76	HalfAwayFromZero	38	0	27
rem	153	76	HalfToEven	38	0	27
rem	153	76	HalfTowardZero	38	0	27
rem	153	76	Trunc	38	0	27
rem	153	76	ZeroFiveUp	38	0	27
rem	18	0	AwayFromZero	6	0	59
rem	18	0	Ceiling	6	0	59
rem	18	0	Floor	6	0	59
rem	18	0	HalfAwayFromZero	6	0	59
rem	18	0	HalfToEven	6	0	59
rem	18	0	HalfTowardZero	6	0	59
rem	18	0	Trunc	6	0	59
rem	18	0	ZeroFiveUp	6	0	59
rem	18	13	AwayFromZero	6	0	59
rem	18	13	Ceiling	6	0	59
rem	18	13	Floor	6	0	59
rem	18	13	HalfAwayFromZero	6	0	59
rem	18	13	HalfToEven	6	0	59
rem	18	13	HalfTowardZero	6	0	59
rem	18	13	Trunc	6	0	59
rem	18	13	ZeroFiveUp	6	0	59
rem	18	17	AwayFromZero	6	0	59
rem	18	17	Ceiling	6	0	59
rem	18	17	Floor	6	0	59
rem	18	17	HalfAwayFromZero	6	0	59
rem	18	17	HalfToEven	6	0	59
rem	18	17	HalfTowardZero	6	0	59
rem	18	17	Trunc	6	0	59
rem	18	17	ZeroFiveUp	6	0	59
rem	18	3	AwayFromZero	5	0	60
rem	18	3	Ceiling	5	0	60
rem	18	3	Floor	5	0	60
rem	18	3	HalfAwayFromZero	5	0	60
rem	18	3	HalfToEven	5	0	60
rem	18	3	HalfTowardZero	5	0	60
rem	18	3	Trunc	5	0	60
rem	18	3	ZeroFiveUp	5	0	60
rem	18	4	AwayFromZero	6	0	59
rem	18	4	Ceiling	6	0	59
rem	18	4	Floor	6	0	59
rem	18	4	HalfAwayFromZero	6	0	59
rem	18	4	HalfToEven	6	0	59
rem	18	4	HalfTowardZero	6	0	59
rem	18	4	Trunc	6	0	59
rem	18	4	ZeroFiveUp	6	0	59
rem	18	9	AwayFromZero	6	0	59
rem	18	9	Ceiling	6	0	59
rem	18	9	Floor	6	0	59
rem	18	9	HalfAwayFromZero	6	0	59
rem	18	9	HalfToEven	6	0	59
rem	18	9	HalfTowardZero	6	0	59
rem	18	9	Trunc	6	0	59
rem	18	9	ZeroFiveUp	6	0	59
rem	230	0	AwayFromZero	30	0	35
rem	230	0	Ceiling	30	0	35
rem	230	0	Floor	30	0	35
rem	230	0	HalfAwayFromZero	30	0	35
rem	230	0	HalfToEven	30	0	35
rem	230	0	HalfTowardZero	30	0	35
rem	230	0	Trunc	30	0	35
rem	230	0	ZeroFiveUp	30	0	35
rem	230	115	AwayFromZero	43	0	22
rem	230	115	Ceiling	43	0	22
rem	230	115	Floor	43	0	22
rem	230	115	HalfAwayFromZero	43	0	22
rem	230	115	HalfToEven	43	0	22
rem	230	115	HalfTowardZero	43	0	22
rem	230	115	Trunc	43	0	22
rem	230	115	ZeroFiveUp	43	0	22
rem	230	172	AwayFromZero	36	0	29
rem	230	172	Ceiling	36	0	29
rem	230	172	Floor	36	0	29
rem	230	172	HalfAwayFromZero	36	0	29
rem	230	172	HalfToEven	36	0	29
rem	230	172	HalfTowardZero	36	0	29
rem	230	172	Trunc	36	0	29
rem	230	172	ZeroFiveUp	36	0	29
rem	230	229	AwayFromZero	15	0	50
rem	230	229	Ceiling	15	0	50
rem	230	229	Floor	15	0	50
rem	230	229	HalfAwayFromZero	15	0	50
rem	230	229	HalfToEven	15	0	50
rem	230	229	HalfTowardZero	15	0	50
rem	230	229	Trunc	15	0	50
rem	230	229	ZeroFiveUp	15	0	50
rem	230	30	AwayFromZero	48	0	17
rem	230	30	Ceiling	48	0	17
rem	230	30	Floor	48	0	17
rem	230	30	HalfAwayFromZero	48	0	17
rem	230	30	HalfToEven	48	0	17
rem	230	30	HalfTowardZero	48	0	17
rem	230	30	Trunc	48	0	17
rem	230	30	ZeroFiveUp	48	0	17
rem	230	57	AwayFromZero	48	0	17
rem	230	57	Ceiling	48	0	17
rem	230	57	Floor	48	0	17
rem	230	57	HalfAwayFromZero	48	0	17
rem	230	57	HalfToEven	48	0	17
rem	230	57	HalfTowardZero	48	0	17
rem	230	57	Trunc	48	0	17
rem	230	57	ZeroFiveUp	48	0	17
rem	307	0	AwayFromZero	33	0	32
rem	307	0	Ceiling	33	0	32
rem	307	0	Floor	33	0	32
rem	307	0	HalfAwayFromZero	33	0	32
rem	307	0	HalfToEven	33	0	32
rem	307	0	HalfTowardZero	33	0	32
rem	307	0	Trunc	33	0	32
rem	307	0	ZeroFiveUp	33	0	32
rem	307	120	AwayFromZero	48	0	17
rem	307	120	Ceiling	48	0	17
rem	307	120	Floor	48	0	17
rem	307	120	HalfAwayFromZero	48	0	17
rem	307	120	HalfToEven	48	0	17
rem	307	120	HalfTowardZero	48	0	17
rem	307	120	Trunc	48	0	17
rem	307	120	ZeroFiveUp	48	0	17
rem	307	153	AwayFromZero	46	0	19
rem	307	153	Ceiling	46	0	19
rem	307	153	Floor	46	0	19
rem	307	153	HalfAwayFromZero	46	0	19
rem	307	153	HalfToEven	46	0	19
rem	307	153	HalfTowardZero	46	0	19
rem	307	153	Trunc	46	0	19
rem	307	153	ZeroFiveUp	46	0	19
rem	307	230	AwayFromZero	38	0	27
rem	307	230	Ceiling	38	0	27
rem	307	230	Floor	38	0	27
rem	307	230	HalfAwayFromZero	38	0	27
rem	307	230	HalfToEven	38	0	27
rem	307	230	HalfTowardZero	38	0	27
rem	307	230	Trunc	38	0	27
rem	307	230	ZeroFiveUp	38	0	27
rem	307	290	AwayFromZero	22	0	43
rem	307	290	Ceiling	22	0	43
rem	307	290	Floor	22	0	43
rem	307	290	HalfAwayFromZero	22	0	43
rem	307	290	HalfToEven	22	0	43
rem	307	290	HalfTowardZero	22	0	43
rem	307	290	Trunc	22	0	43
rem	307	290	ZeroFiveUp	22	0	43
rem	307	30	AwayFromZero	52	0	13
rem	307	30	Ceiling	52	0	13
rem	307	30	Floor	52	0	13
rem	307	30	HalfAwayFromZero	52	0	13
rem	307	30	HalfToEven	52	0	13
rem	307	30	HalfTowardZero	52	0	13
rem	307	30	Trunc	52	0	13
rem	307	30	ZeroFiveUp	52	0	13
rem	307	306	AwayFromZero	15	0	50
rem	307	306	Ceiling	15	0	50
rem	307	306	Floor	15	0	50
rem	307	306	HalfAwayFromZero	15	0	50
rem	307	306	HalfToEven	15	0	50
rem	307	306	HalfTowardZero	15	0	50
rem	307	306	Trunc	15	0	50
rem	307	306	ZeroFiveUp	15	0	50
rem	307	50	AwayFromZero	52	0	13
rem	307	50	Ceiling	52	0	13
rem	307	50	Floor	52	0	13
rem	307	50	HalfAwayFromZero	52	0	13
rem	307	50	HalfToEven	52	0	13
rem	307	50	HalfTowardZero	52	0	13
rem	307	50	Trunc	52	0	13
rem	307	50	ZeroFiveUp	52	0	13
rem	307	70	AwayFromZero	52	0	13
rem	307	70	Ceiling	52	0	13
rem	307	70	Floor	52	0	13
rem	307	70	HalfAwayFromZero	52	0	13
rem	307	70	HalfToEven	52	0	13
rem	307	70	HalfTowardZero	52	0	13
rem	307	70	Trunc	52	0	13
rem	307	70	ZeroFiveUp	52	0	13
rem	307	76	AwayFromZero	51	0	14
rem	307	76	Ceiling	51	0	14
rem	307	76	Floor	51	0	14
rem	307	76	HalfAwayFromZero	51	0	14
rem	307	76	HalfToEven	51	0	14
rem	307	76	HalfTowardZero	51	0	14
rem	307	76	Trunc	51	0	14
rem	307	76	ZeroFiveUp	51	0	14
rem	38	0	AwayFromZero	10	0	55
rem	38	0	Ceiling	10	0	55
rem	38	0	Floor	10	0	55
rem	38	0	HalfAwayFromZero	10	0	55
rem	38	0	HalfToEven	10	0	55
rem	38	0	HalfTowardZero	10	0	55
rem	38	0	Trunc	10	0	55
rem	38	0	ZeroFiveUp	10	0	55
rem	38	10	AwayFromZero	10	0	55
rem	38	10	Ceiling	10	0	55
rem	38	10	Floor	10	0	55
rem	38	10	HalfAwayFromZero	10	0	55
rem	38	10	HalfToEven	10	0	55
rem	38	10	HalfTowardZero	10	0	55
rem	38	10	Trunc	10	0	55
rem	38	10	ZeroFiveUp	10	0	55
rem	38	12	AwayFromZero	11	0	54
rem	38	12	Ceiling	11	0	54
rem	38	12	Floor	11	0	54
rem	38	12	HalfAwayFromZero	11	0	54
rem	38	12	HalfToEven	11	0	54
rem	38	12	HalfTowardZero	11	0	54
rem	38	12	Trunc	11	0	54
rem	38	12	ZeroFiveUp	11	0	54
rem	38	17	AwayFromZero	14	0	51
rem	38	17	Ceiling	14	0	51
rem	38	17	Floor	14	0	51
rem	38	17	HalfAwayFromZero	14	0	51
rem	38	17	HalfToEven	14	0	51
rem	38	17	HalfTowardZero	14	0	51
rem	38	17	Trunc	14	0	51
rem	38	17	ZeroFiveUp	14	0	51
rem	38	18	AwayFromZero	14	0	51
rem	38	18	Ceiling	14	0	51
rem	38	18	Floor	14	0	51
rem	38	18	HalfAwayFromZero	14	0	51
rem	38	18	HalfToEven	14	0	51
rem	38	18	HalfTowardZero	14	0	51
rem	38	18	Trunc	14	0	51
rem	38	18	ZeroFiveUp	14	0	51
rem	38	19	AwayFromZero	13	0	52
rem	38	19	Ceiling	13	0	52
rem	38	19	Floor	13	0	52
rem	38	19	HalfAwayFromZero	13	0	52
rem	38	19	HalfToEven	13	0	52
rem	38	19	HalfTowardZero	13	0	52
rem	38	19	Trunc	13	0	52
rem	38	19	ZeroFiveUp	13	0	52
rem	38	2	AwayFromZero	9	0	56
rem	38	2	Ceiling	9	0	56
rem	38	2	Floor	9	0	56
rem	38	2	HalfAwayFromZero	9	0	56
rem	38	2	HalfToEven	9	0	56
rem	38	2	HalfTowardZero	9	0	56
rem	38	2	Trunc	9	0	56
rem	38	2	ZeroFiveUp	9	0	56
rem	38	28	AwayFromZero	20	0	45
rem	38	28	Ceiling	20	0	45
rem	38	28	Floor	20	0	45
rem	38	28	HalfAwayFromZero	20	0	45
rem	38	28	HalfToEven	20	0	45
rem	38	28	HalfTowardZero	20	0	45
rem	38	28	Trunc	20	0	45
rem	38	28	ZeroFiveUp	20	0	45
rem	38	37	AwayFromZero	8	0	57
rem	38	37	Ceiling	8	0	57
rem	38	37	Floor	8	0	57
rem	38	37	HalfAwayFromZero	8	0	57
rem	38	37	HalfToEven	8	0	57
rem	38	37	HalfTowardZero	8	0	57
rem	38	37	Trunc	8	0	57
rem	38	37	ZeroFiveUp	8	0	57
rem	38	6	AwayFromZero	10	0	55
rem	38	6	Ceiling	10	0	55
rem	38	6	Floor	10	0	55
rem	38	6	HalfAwayFromZero	10	0	55
rem	38	6	HalfToEven	10	0	55
rem	38	6	HalfTowardZero	10	0	55
rem	38	6	Trunc	10	0	55
rem	38	6	ZeroFiveUp	10	0	55
rem	38	9	AwayFromZero	11	0	54
rem	38	9	Ceiling	11	0	54
rem	38	9	Floor	11	0	54
rem	38	9	HalfAwayFromZero	11	0	54
rem	38	9	HalfToEven	11	0	54
rem	38	9	HalfTowardZero	11	0	54
rem	38	9	Trunc	11	0	54
rem	38	9	ZeroFiveUp	11	0	54
rem	462	0	AwayFromZero	38	0	27
rem	462	0	Ceiling	38	0	27
rem	462	0	Floor	38	0	27
rem	462	0	HalfAwayFromZero	38	0	27
rem	462	0	HalfToEven	38	0	27
rem	462	0	HalfTowardZero	38	0	27
rem	462	0	Trunc	38	0	27
rem	462	0	ZeroFiveUp	38	0	27
rem	462	100	AwayFromZero	56	0	9
rem	462	100	Ceiling	56	0	9
rem	462	100	Floor	56	0	9
rem	462	100	HalfAwayFromZero	56	0	9
rem	462	100	HalfToEven	56	0	9
rem	462	100	HalfTowardZero	56	0	9
rem	462	100	Trunc	56	0	9
rem	462	100	ZeroFiveUp	56	0	9
rem	462	115	AwayFromZero	56	0	9
rem	462	115	Ceiling	56	0	9
rem	462	115	Floor	56	0	9
rem	462	115	HalfAwayFromZero	56	0	9
rem	462	115	HalfToEven	56	0	9
rem	462	115	HalfTowardZero	56	0	9
rem	462	115	Trunc	56	0	9
rem	462	115	ZeroFiveUp	56	0	9
rem	462	180	AwayFromZero	52	0	13
rem	462	180	Ceiling	52	0	13
rem	462	180	Floor	52	0	13
rem	462	180	HalfAwayFromZero	52	0	13
rem	462	180	HalfToEven	52	0	13
rem	462	180	HalfTowardZero	52	0	13
rem	462	180	Trunc	52	0	13
rem	462	180	ZeroFiveUp	52	0	13
rem	462	231	AwayFromZero	50	0	15
rem	462	231	Ceiling	50	0	15
rem	462	231	Floor	50	0	15
rem	462	231	HalfAwayFromZero	50	0	15
rem	462	231	HalfToEven	50	0	15
rem	462	231	HalfTowardZero	50	0	15
rem	462	231	Trunc	50	0	15
rem	462	231	ZeroFiveUp	50	0	15
rem	462	30	AwayFromZero	56	0	9
rem	462	30	Ceiling	56	0	9
rem	462	30	Floor	56	0	9
rem	462	30	HalfAwayFromZero	56	0	9
rem	462	30	HalfToEven	56	0	9
rem	462	30	HalfTowardZero	56	0	9
rem	462	30	Trunc	56	0	9
rem	462	30	ZeroFiveUp	56	0	9
rem	462	346	AwayFromZero	44	0	21
rem	462	346	Ceiling	44	0	21
rem	462	346	Floor	44	0	21
rem	462	346	HalfAwayFromZero	44	0	21
rem	462	346	HalfToEven	44	0	21
rem	462	346	HalfTowardZero	44	0	21
rem	462	346	Trunc	44	0	21
rem	462	346	ZeroFiveUp	44	0	21
rem	462	461	AwayFromZero	6	0	59
rem	462	461	Ceiling	6	0	59
rem	462	461	Floor	6	0	59
rem	462	461	HalfAwayFromZero	6	0	59
rem	462	461	HalfToEven	6	0	59
rem	462	461	HalfTowardZero	6	0	59
rem	462	461	Trunc	6	0	59
rem	462	461	ZeroFiveUp	6	0	59
rem	57	0	AwayFromZero	13	0	52
rem	57	0	Ceiling	13	0	52
rem	57	0	Floor	13	0	52
rem	57	0	HalfAwayFromZero	13	0	52
rem	57	0	HalfToEven	13	0	52
rem	57	0	HalfTowardZero	13	0	52
rem	57	0	Trunc	13	0	52
rem	57	0	ZeroFiveUp	13	0	52
rem	57	14	AwayFromZero	18	0	47
rem	57	14	Ceiling	18	0	47
rem	57	14	Floor	18	0	47
rem	57	14	HalfAwayFromZero	18	0	47
rem	57	14	HalfToEven	18	0	47
rem	57	14	HalfTowardZero	18	0	47
rem	57	14	Trunc	18	0	47
rem	57	14	ZeroFiveUp	18	0	47
rem	57	20	AwayFromZero	17	0	48
rem	57	20	Ceiling	17	0	48
rem	57	20	Floor	17	0	48
rem	57	20	HalfAwayFromZero	17	0	48
rem	57	20	HalfToEven	17	0	48
rem	57	20	HalfTowardZero	17	0	48
rem	57	20	Trunc	17	0	48
rem	57	20	ZeroFiveUp	17	0	48
rem	57	28	AwayFromZero	27	0	38
rem	57	28	Ceiling	27	0	38
rem	57	28	Floor	27	0	38
rem	57	28	HalfAwayFromZero	27	0	38
rem	57	28	HalfToEven	27	0	38
rem	57	28	HalfTowardZero	27	0	38
rem	57	28	Trunc	27	0	38
rem	57	28	ZeroFiveUp	27	0	38
rem	57	30	AwayFromZero	25	0	40
rem	57	30	Ceiling	25	0	40
rem	57	30	Floor	25	0	40
rem	57	30	HalfAwayFromZero	25	0	40
rem	57	30	HalfToEven	25	0	40
rem	57	30	HalfTowardZero	25	0	40
rem	57	30	Trunc	25	0	40
rem	57	30	ZeroFiveUp	25	0	40
rem	57	42	AwayFromZero	21	0	44
rem	57	42	Ceiling	21	0	44
rem	57	42	Floor	21	0	44
rem	57	42	HalfAwayFromZero	21	0	44
rem	57	42	HalfToEven	21	0	44
rem	57	42	HalfTowardZero	21	0	44
rem	57	42	Trunc	21	0	44
rem	57	42	ZeroFiveUp	21	0	44
rem	57	56	AwayFromZero	10	0	55
rem	57	56	Ceiling	10	0	55
rem	57	56	Floor	10	0	55
rem	57	56	HalfAwayFromZero	10	0	55
rem	57	56	HalfToEven	10	0	55
rem	57	56	HalfTowardZero	10	0	55
rem	57	56	Trunc	10	0	55
rem	57	56	ZeroFiveUp	10	0	55
rem	616	0	AwayFromZero	41	0	24
rem	616	0	Ceiling	41	0	24
rem	616	0	Floor	41	0	24
rem	616	0	HalfAwayFromZero	41	0	24
rem	616	0	HalfToEven	41	0	24
rem	616	0	HalfTowardZero	41	0	24
rem	616	0	Trunc	41	0	24
rem	616	0	ZeroFiveUp	41	0	24
rem	616	130	AwayFromZero	59	0	6
rem	616	130	Ceiling	59	0	6
rem	616	130	Floor	59	0	6
rem	616	130	HalfAwayFromZero	59	0	6
rem	616	130	HalfToEven	59	0	6
rem	616	130	HalfTowardZero	59	0	6
rem	616	130	Trunc	59	0	6
rem	616	130	ZeroFiveUp	59	0	6
rem	616	154	AwayFromZero	58	0	7
rem	616	154	Ceiling	58	0	7
rem	616	154	Floor	58	0	7
rem	616	154	HalfAwayFromZero	58	0	7
rem	616	154	HalfToEven	58	0	7
rem	616	154	HalfTowardZero	58	0	7
rem	616	154	Trunc	58	0	7
rem	616	154	ZeroFiveUp	58	0	7
rem	616	240	AwayFromZero	56	0	9
rem	616	240	Ceiling	56	0	9
rem	616	240	Floor	56	0	9
rem	616	240	HalfAwayFromZero	56	0	9
rem	616	240	HalfToEven	56	0	9
rem	616	240	HalfTowardZero	56	0	9
rem	616	240	Trunc	56	0	9
rem	616	240	ZeroFiveUp	56	0	9
rem	616	30	AwayFromZero	59	0	6
rem	616	30	Ceiling	59	0	6
rem	616	30	Floor	59	0	6
rem	616	30	HalfAwayFromZero	59	0	6
rem	616	30	HalfToEven	59	0	6
rem	616	30	HalfTowardZero	59	0	6
rem	616	30	Trunc	59	0	6
rem	616	30	ZeroFiveUp	59	0	6
rem	616	308	AwayFromZero	54	0	11
rem	616	308	Ceiling	54	0	11
rem	616	308	Floor	54	0	11
rem	616	308	HalfAwayFromZero	54	0	11
rem	616	308	HalfToEven	54	0	11
rem	616	308	HalfTowardZero	54	0	11
rem	616	308	Trunc	54	0	11
rem	616	308	ZeroFiveUp	54	0	11
rem	616	462	AwayFromZero	46	0	19
rem	616	462	Ceiling	46	0	19
rem	616	462	Floor	46	0	19
rem	616	462	HalfAwayFromZero	46	0	19
rem	616	462	HalfToEven	46	0	19
rem	616	462	HalfTowardZero	46	0	19
rem	616	462	Trunc	46	0	19
rem	616	462	ZeroFiveUp	46	0	19
rem	616	590	AwayFromZero	25	0	40
rem	616	590	Ceiling	25	0	40
rem	616	590	Floor	25	0	40
rem	616	590	HalfAwayFromZero	25	0	40
rem	616	590	HalfToEven	25	0	40
rem	616	590	HalfTowardZero	25	0	40
rem	616	590	Trunc	25	0	40
rem	616	590	ZeroFiveUp	25	0	40
rem	616	615	AwayFromZero	7	0	58
rem	616	615	Ceiling	7	0	58
rem	616	615	Floor	7	0	58
rem	616	615	HalfAwayFromZero	7	0	58
rem	616	615	HalfToEven	7	0	58
rem	616	615	HalfTowardZero	7	0	58
rem	616	615	Trunc	7	0	58
rem	616	615	ZeroFiveUp	7	0	58
rem	76	0	AwayFromZero	18	0	47
rem	76	0	Ceiling	18	0	47
rem	76	0	Floor	18	0	47
rem	76	0	HalfAwayFromZero	18	0	47
rem	76	0	HalfToEven	18	0	47
rem	76	0	HalfTowardZero	18	0	47
rem	76	0	Trunc	18	0	47
rem	76	0	ZeroFiveUp	18	0	47
rem	76	18	AwayFromZero	24	0	41
rem	76	18	Ceiling	24	0	41
rem	76	18	Floor	24	0	41
rem	76	18	HalfAwayFromZero	24	0	41
rem	76	18	HalfToEven	24	0	41
rem	76	18	HalfTowardZero	24	0	41
rem	76	18	Trunc	24	0	41
rem	76	18	ZeroFiveUp	24	0	41
rem	76	19	AwayFromZero	23	0	42
rem	76	19	Ceiling	23	0	42
rem	76	19	Floor	23	0	42
rem	76	19	HalfAwayFromZero	23	0	42
rem	76	19	HalfToEven	23	0	42
rem	76	19	HalfTowardZero	23	0	42
rem	76	19	Trunc	23	0	42
rem	76	19	ZeroFiveUp	23	0	42
rem	76	38	AwayFromZero	30	0	35
rem	76	38	Ceiling	30	0	35
rem	76	38	Floor	30	0	35
rem	76	38	HalfAwayFromZero	30	0	35
rem	76	38	HalfToEven	30	0	35
rem	76	38	HalfTowardZero	30	0	35
rem	76	38	Trunc	30	0	35
rem	76	38	ZeroFiveUp	30	0	35
rem	76	40	AwayFromZero	28	0	37
rem	76	40	Ceiling	28	0	37
rem	76	40	Floor	28	0	37
rem	76	40	HalfAwayFromZero	28	0	37
rem	76	40	HalfToEven	28	0	37
rem	76	40	HalfTowardZero	28	0	37
rem	76	40	Trunc	28	0	37
rem	76	40	ZeroFiveUp	28	0	37
rem	76	57	AwayFromZero	25	0	40
rem	76	57	Ceiling	25	0	40
rem	76	57	Floor	25	0	40
rem	76	57	HalfAwayFromZero	25	0	40
rem	76	57	HalfToEven	25	0	40
rem	76	57	HalfTowardZero	25	0	40
rem	76	57	Trunc	25	0	40
rem	76	57	ZeroFiveUp	25	0	40
rem	76	75	AwayFromZero	13	0	52
rem	76	75	Ceiling	13	0	52
rem	76	75	Floor	13	0	52
rem	76	75	HalfAwayFromZero	13	0	52
rem	76	75	HalfToEven	13	0	52
rem	76	75	HalfTowardZero	13	0	52
rem	76	75	Trunc	13	0	52
rem	76	75	ZeroFiveUp	13	0	52
rem	924	0	AwayFromZero	43	0	22
rem	924	0	Ceiling	43	0	22
rem	924	0	Floor	43	0	22
rem	924	0	HalfAwayFromZero	43	0	22
rem	924	0	HalfToEven	43	0	22
rem	924	0	HalfTowardZero	43	0	22
rem	924	0	Trunc	43	0	22
rem	924	0	ZeroFiveUp	43	0	22
rem	924	180	AwayFromZero	62	0	3
rem	924	180	Ceiling	62	0	3
rem	924	180	Floor	62	0	3
rem	924	180	HalfAwayFromZero	62	0	3
rem	924	180	HalfToEven	62	0	3
rem	924	180	HalfTowardZero	62	0	3
rem	924	180	Trunc	62	0	3
rem	924	180	ZeroFiveUp	62	0	3
rem	924	231	AwayFromZero	61	0	4
rem	924	231	Ceiling	61	0	4
rem	924	231	Floor	61	0	4
rem	924	231	HalfAwayFromZero	61	0	4
rem	924	231	HalfToEven	61	0	4
rem	924	231	HalfTowardZero	61	0	4
rem	924	231	Trunc	61	0	4
rem	924	231	ZeroFiveUp	61	0	4
rem	924	30	AwayFromZero	62	0	3
rem	924	30	Ceiling	62	0	3
rem	924	30	Floor	62	0	3
rem	924	30	HalfAwayFromZero	62	0	3
rem	924	30	HalfToEven	62	0	3
rem	924	30	HalfTowardZero	62	0	3
rem	924	30	Trunc	62	0	3
rem	924	30	ZeroFiveUp	62	0	3
rem	924	350	AwayFromZero	59	0	6
rem	924	350	Ceiling	59	0	6
rem	924	350	Floor	59	0	6
rem	924	350	HalfAwayFromZero	59	0	6
rem	924	350	HalfToEven	59	0	6
rem	924	350	HalfTowardZero	59	0	6
rem	924	350	Trunc	59	0	6
rem	924	350	ZeroFiveUp	59	0	6
rem	924	462	AwayFromZero	58	0	7
rem	924	462	Ceiling	58	0	7
rem	924	462	Floor	58	0	7
rem	924	462	HalfAwayFromZero	58	0	7
rem	924	462	HalfToEven	58	0	7
rem	924	462	HalfTowardZero	58	0	7
rem	924	462	Trunc	58	0	7
rem	924	462	ZeroFiveUp	58	0	7
rem	924	693	AwayFromZero	50	0	15
rem	924	693	Ceiling	50	0	15
rem	924	693	Floor	50	0	15
rem	924	693	HalfAwayFromZero	50	0	15
rem	924	693	HalfToEven	50	0	15
rem	924	693	HalfTowardZero	50	0	15
rem	924	693	Trunc	50	0	15
rem	924	693	ZeroFiveUp	50	0	15
rem	924	900	AwayFromZero	25	0	40
rem	924	900	Ceiling	25	0	40
rem	924	900	Floor	25	0	40
rem	924	900	HalfAwayFromZero	25	0	40
rem	924	900	HalfToEven	25	0	40
rem	924	900	HalfTowardZero	25	0	40
rem	924	900	Trunc	25	0	40
rem	924	900	ZeroFiveUp	25	0	40
rem	924	923	AwayFromZero	9	0	56
rem	924	923	Ceiling	9	0	56
rem	924	923	Floor	9	0	56
rem	924	923	HalfAwayFromZero	9	0	56
rem	924	923	HalfToEven	9	0	56
rem	924	923	HalfTowardZero	9	0	56
rem	924	923	Trunc	9	0	56
rem	924	923	ZeroFiveUp	9	0	56
sin	115	0	AwayFromZero	83	0	4300
sin	115	0	Ceiling	83	0	4300
sin	115	0	Floor	83	0	4300
sin	115	0	HalfAwayFromZero	83	0	4300
sin	115	0	HalfToEven	83	0	4300
sin	115	0	HalfTowardZero	83	0	4300
sin	115	0	Trunc	83	0	4300
sin	115	0	ZeroFiveUp	83	0	4300
sin	115	114	AwayFromZero	3459	0	924
sin	115	114	Ceiling	3459	0	924
sin	115	114	Floor	3459	0	924
sin	115	114	HalfAwayFromZero	3459	0	924
sin	115	114	HalfToEven	3459	0	924
sin	115	114	HalfTowardZero	3459	0	924
sin	115	114	Trunc	3459	0	924
sin	115	114	ZeroFiveUp	3459	0	924
sin	115	28	AwayFromZero	4226	0	157
sin	115	28	Ceiling	4226	0	157
sin	115	28	Floor	4226	0	157
sin	115	28	HalfAwayFromZero	4226	0	157
sin	115	28	HalfToEven	4226	0	157
sin	115	28	HalfTowardZero	4226	0	157
sin	115	28	Trunc	4226	0	157
sin	115	28	ZeroFiveUp	4226	0	157
sin	115	50	AwayFromZero	4377	0	6
sin	115	50	Ceiling	4377	0	6
sin	115	50	Floor	4377	0	6
sin	115	50	HalfAwayFromZero	4377	0	6
sin	115	50	HalfToEven	4377	0	6
sin	115	50	HalfTowardZero	4377	0	6
sin	115	50	Trunc	4377	0	6
sin	115	50	ZeroFiveUp	4377	0	6
sin	115	57	AwayFromZero	4377	0	6
sin	115	57	Ceiling	4377	0	6
sin	115	57	Floor	4377	0	6
sin	115	57	HalfAwayFromZero	4377	0	6
sin	115	57	HalfToEven	4377	0	6
sin	115	57	HalfTowardZero	4377	0	6
sin	115	57	Trunc	4377	0	6
sin	115	57	ZeroFiveUp	4377	0	6
sin	115	86	AwayFromZero	4378	0	5
sin	115	86	Ceiling	4378	0	5
sin	115	86	Floor	4378	0	5
sin	115	86	HalfAwayFromZero	4378	0	5
sin	115	86	HalfToEven	4378	0	5
sin	115	86	HalfTowardZero	4378	0	5
sin	115	86	Trunc	4378	0	5
sin	115	86	ZeroFiveUp	4378	0	5
sin	1232	0	AwayFromZero	83	0	4300
sin	1232	0	Ceiling	83	0	4300
sin	1232	0	Floor	83	0	4300
sin	1232	0	HalfAwayFromZero	83	0	4300
sin	1232	0	HalfToEven	83	0	4300
sin	1232	0	HalfTowardZero	83	0	4300
sin	1232	0	Trunc	83	0	4300
sin	1232	0	ZeroFiveUp	83	0	4300
sin	1232	1200	AwayFromZero	4383	0	0
sin	1232	1200	Ceiling	4383	0	0
sin	1232	1200	Floor	4383	0	0
sin	1232	1200	HalfAwayFromZero	4383	0	0
sin	1232	1200	HalfToEven	4383	0	0
sin	1232	1200	HalfTowardZero	4383	0	0
sin	1232	1200	Trunc	4383	0	0
sin	1232	1200	ZeroFiveUp	4383	0	0
sin	1232	1231	AwayFromZero	4327	0	56
sin	1232	1231	Ceiling	4327	0	56
sin	1232	1231	Floor	4327	0	56
sin	1232	1231	HalfAwayFromZero	4327	0	56
sin	1232	1231	HalfToEven	4327	0	56
sin	1232	1231	HalfTowardZero	4327	0	56
sin	1232	1231	Trunc	4327	0	56
sin	1232	1231	ZeroFiveUp	4327	0	56
sin	1232	250	AwayFromZero	4381	0	2
sin	1232	250	Ceiling	4381	0	2
sin	1232	250	Floor	4381	0	2
sin	1232	250	HalfAwayFromZero	4381	0	2
sin	1232	250	HalfToEven	4381	0	2
sin	1232	250	HalfTowardZero	4381	0	2
sin	1232	250	Trunc	4381	0	2
sin	1232	250	ZeroFiveUp	4381	0	2
sin	1232	30	AwayFromZero	4289	0	94
sin	1232	30	Ceiling	4289	0	94
sin	1232	30	Floor	4289	0	94
sin	1232	30	HalfAwayFromZero	4289	0	94
sin	1232	30	HalfToEven	4289	0	94
sin	1232	30	HalfTowardZero	4289	0	94
sin	1232	30	Trunc	4289	0	94
sin	1232	30	ZeroFiveUp	4289	0	94
sin	1232	308	AwayFromZero	4383	0	0
sin	1232	308	Ceiling	4383	0	0
sin	1232	308	Floor	4383	0	0
sin	1232	308	HalfAwayFromZero	4383	0	0
sin	1232	308	HalfToEven	4383	0	0
sin	1232	308	HalfTowardZero	4383	0	0
sin	1232	308	Trunc	4383	0	0
sin	1232	308	ZeroFiveUp	4383	0	0
sin	1232	470	AwayFromZero	4383	0	0
sin	1232	470	Ceiling	4383	0	0
sin	1232	470	Floor	4383	0	0
sin	1232	470	HalfAwayFromZero	4383	0	0
sin	1232	470	HalfToEven	4383	0	0
sin	1232	470	HalfTowardZero	4383	0	0
sin	1232	470	Trunc	4383	0	0
sin	1232	470	ZeroFiveUp	4383	0	0
sin	1232	616	AwayFromZero	4383	0	0
sin	1232	616	Ceiling	4383	0	0
sin	1232	616	Floor	4383	0	0
sin	1232	616	HalfAwayFromZero	4383	0	0
sin	1232	616	HalfToEven	4383	0	0
sin	1232	616	HalfTowardZero	4383	0	0
sin	1232	616	Trunc	4383	0	0
sin	1232	616	ZeroFiveUp	4383	0	0
sin	1232	924	AwayFromZero	4383	0	0
sin	1232	924	Ceiling	4383	0	0
sin	1232	924	Floor	4383	0	0
sin	1232	924	HalfAwayFromZero	4383	0	0
sin	1232	924	HalfToEven	4383	0	0
sin	1232	924	HalfTowardZero	4383	0	0
sin	1232	924	Trunc	4383	0	0
sin	1232	924	ZeroFiveUp	4383	0	0
sin	153	0	AwayFromZero	83	0	4300
sin	153	0	Ceiling	83	0	4300
sin	153	0	Floor	83	0	4300
sin	153	0	HalfAwayFromZero	83	0	4300
sin	153	0	HalfToEven	83	0	4300
sin	153	0	HalfTowardZero	83	0	4300
sin	153	0	Trunc	83	0	4300
sin	153	0	ZeroFiveUp	83	0	4300
sin	153	114	AwayFromZero	4378	0	5
sin	153	114	Ceiling	4378	0	5
sin	153	114	Floor	4378	0	5
sin	153	114	HalfAwayFromZero	4378	0	5
sin	153	114	HalfToEven	4378	0	5
sin	153	114	HalfTowardZero	4378	0	5
sin	153	114	Trunc	4378	0	5
sin	153	114	ZeroFiveUp	4378	0	5
sin	153	152	AwayFromZero	4325	0	58
sin	153	152	Ceiling	4325	0	58
sin	153	152	Floor	4325	0	58
sin	153	152	HalfAwayFromZero	4325	0	58
sin	153	152	HalfToEven	4325	0	58
sin	153	152	HalfTowardZero	4325	0	58
sin	153	152	Trunc	4325	0	58
sin	153	152	ZeroFiveUp	4325	0	58
sin	153	38	AwayFromZero	4377	0	6
sin	153	38	Ceiling	4377	0	6
sin	153	38	Floor	4377	0	6
sin	153	38	HalfAwayFromZero	4377	0	6
sin	153	38	HalfToEven	4377	0	6
sin	153	38	HalfTowardZero	4377	0	6
sin	153	38	Trunc	4377	0	6
sin	153	38	ZeroFiveUp	4377	0	6
sin	153	76	AwayFromZero	4378	0	5
sin	153	76	Ceiling	4378	0	5
sin	153	76	Floor	4378	0	5
sin	153	76	HalfAwayFromZero	4378	0	5
sin	153	76	HalfToEven	4378	0	5
sin	153	76	HalfTowardZero	4378	0	5
sin	153	76	Trunc	4378	0	5
sin	153	76	ZeroFiveUp	4378	0	5
sin	18	0	AwayFromZero	83	0	4300
sin	18	0	Ceiling	83	0	4300
sin	18	0	Floor	83	0	4300
sin	18	0	HalfAwayFromZero	83	0	4300
sin	18	0	HalfToEven	83	0	4300
sin	18	0	HalfTowardZero	83	0	4300
sin	18	0	Trunc	83	0	4300
sin	18	0	ZeroFiveUp	83	0	4300
sin	18	13	AwayFromZero	820	0	3563
sin	18	13	Ceiling	820	0	3563
sin	18	13	Floor	820	0	3563
sin	18	13	HalfAwayFromZero	820	0	3563
sin	18	13	HalfToEven	820	0	3563
sin	18	13	HalfTowardZero	820	0	3563
sin	18	13	Trunc	820	0	3563
sin	18	13	ZeroFiveUp	820	0	3563
sin	18	17	AwayFromZero	1033	0	3350
sin	18	17	Ceiling	1033	0	3350
sin	18	17	Floor	1033	0	3350
sin	18	17	HalfAwayFromZero	1033	0	3350
sin	18	17	HalfToEven	1033	0	3350
sin	18	17	HalfTowardZero	1033	0	3350
sin	18	17	Trunc	1033	0	3350
sin	18	17	ZeroFiveUp	1033	0	3350
sin	18	3	AwayFromZero	107	0	4276
sin	18	3	Ceiling	107	0	4276
sin	18	3	Floor	107	0	4276
sin	18	3	HalfAwayFromZero	107	0	4276
sin	18	3	HalfToEven	107	0	4276
sin	18	3	HalfTowardZero	107	0	4276
sin	18	3	Trunc	107	0	4276
sin	18	3	ZeroFiveUp	107	0	4276
sin	18	4	AwayFromZero	266	0	4117
sin	18	4	Ceiling	266	0	4117
sin	18	4	Floor	266	0	4117
sin	18	4	HalfAwayFromZero	266	0	4117
sin	18	4	HalfToEven	266	0	4117
sin	18	4	HalfTowardZero	266	0	4117
sin	18	4	Trunc	266	0	4117
sin	18	4	ZeroFiveUp	266	0	4117
sin	18	9	AwayFromZero	615	0	3768
sin	18	9	Ceiling	615	0	3768
sin	18	9	Floor	615	0	3768
sin	18	9	HalfAwayFromZero	615	0	3768
sin	18	9	HalfToEven	615	0	3768
sin	18	9	HalfTowardZero	615	0	3768
sin	18	9	Trunc	615	0	3768
sin	18	9	ZeroFiveUp	615	0	3768
sin	230	0	AwayFromZero	83	0	4300
sin	230	0	Ceiling	83	0	4300
sin	230	0	Floor	83	0	4300
sin	230	0	HalfAwayFromZero	83	0	4300
sin	230	0	HalfToEven	83	0	4300
sin	230	0	HalfTowardZero	83	0	4300
sin	230	0	Trunc	83	0	4300
sin	230	0	ZeroFiveUp	83	0	4300
sin	230	115	AwayFromZero	4378	0	5
sin	230	115	Ceiling	4378	0	5
sin	230	115	Floor	4378	0	5
sin	230	115	HalfAwayFromZero	4378	0	5
sin	230	115	HalfToEven	4378	0	5
sin	230	115	HalfTowardZero	4378	0	5
sin	230	115	Trunc	4378	0	5
sin	230	115	ZeroFiveUp	4378	0	5
sin	230	172	AwayFromZero	4381	0	2
sin	230	172	Ceiling	4381	0	2
sin	230	172	Floor	4381	0	2
sin	230	172	HalfAwayFromZero	4381	0	2
sin	230	172	HalfToEven	4381	0	2
sin	230	172	HalfTowardZero	4381	0	2
sin	230	172	Trunc	4381	0	2
sin	230	172	ZeroFiveUp	4381	0	2
sin	230	229	AwayFromZero	4325	0	58
sin	230	229	Ceiling	4325	0	58
sin	230	229	Floor	4325	0	58
sin	230	229	HalfAwayFromZero	4325	0	58
sin	230	229	HalfToEven	4325	0	58
sin	230	229	HalfTowardZero	4325	0	58
sin	230	229	Trunc	4325	0	58
sin	230	229	ZeroFiveUp	4325	0	58
sin	230	30	AwayFromZero	4289	0	94
sin	230	30	Ceiling	4289	0	94
sin	230	30	Floor	4289	0	94
sin	230	30	HalfAwayFromZero	4289	0	94
sin	230	30	HalfToEven	4289	0	94
sin	230	30	HalfTowardZero	4289	0	94
sin	230	30	Trunc	4289	0	94
sin	230	30	ZeroFiveUp	4289	0	94
sin	230	57	AwayFromZero	4377	0	6
sin	230	57	Ceiling	4377	0	6
sin	230	57	Floor	4377	0	6
sin	230	57	HalfAwayFromZero	4377	0	6
sin	230	57	HalfToEven	4377	0	6
sin	230	57	HalfTowardZero	4377	0	6
sin	230	57	Trunc	4377	0	6
sin	230	57	ZeroFiveUp	4377	0	6
sin	307	0	AwayFromZero	83	0	4300
sin	307	0	Ceiling	83	0	4300
sin	307	0	Floor	83	0	4300
sin	307	0	HalfAwayFromZero	83	0	4300
sin	307	0	HalfToEven	83	0	4300
sin	307	0	HalfTowardZero	83	0	4300
sin	307	0	Trunc	83	0	4300
sin	307	0	ZeroFiveUp	83	0	4300
sin	307	120	AwayFromZero	4381	0	2
sin	307	120	Ceiling	4381	0	2
sin	307	120	Floor	4381	0	2
sin	307	120	HalfAwayFromZero	4381	0	2
sin	307	120	HalfToEven	4381	0	2
sin	307	120	HalfTowardZero	4381	0	2
sin	307	120	Trunc	4381	0	2
sin	307	120	ZeroFiveUp	4381	0	2
sin	307	153	AwayFromZero	4381	0	2
sin	307	153	Ceiling	4381	0	2
sin	307	153	Floor	4381	0	2
sin	307	153	HalfAwayFromZero	4381	0	2
sin	307	153	HalfToEven	4381	0	2
sin	307	153	HalfTowardZero	4381	0	2
sin	307	153	Trunc	4381	0	2
sin	307	153	ZeroFiveUp	4381	0	2
sin	307	230	AwayFromZero	4381	0	2
sin	307	230	Ceiling	4381	0	2
sin	307	230	Floor	4381	0	2
sin	307	230	HalfAwayFromZero	4381	0	2
sin	307	230	HalfToEven	4381	0	2
sin	307	230	HalfTowardZero	4381	0	2
sin	307	230	Trunc	4381	0	2
sin	307	230	ZeroFiveUp	4381	0	2
sin	307	290	AwayFromZero	4383	0	0
sin	307	290	Ceiling	4383	0	0
sin	307	290	Floor	4383	0	0
sin	307	290	HalfAwayFromZero	4383	0	0
sin	307	290	HalfToEven	4383	0	0
sin	307	290	HalfTowardZero	4383	0	0
sin	307	290	Trunc	4383	0	0
sin	307	290	ZeroFiveUp	4383	0	0
sin	307	30	AwayFromZero	4289	0	94
sin	307	30	Ceiling	4289	0	94
sin	307	30	Floor	4289	0	94
sin	307	30	HalfAwayFromZero	4289	0	94
sin	307	30	HalfToEven	4289	0	94
sin	307	30	HalfTowardZero	4289	0	94
sin	307	30	Trunc	4289	0	94
sin	307	30	ZeroFiveUp	4289	0	94
sin	307	306	AwayFromZero	4327	0	56
sin	307	306	Ceiling	4327	0	56
sin	307	306	Floor	4327	0	56
sin	307	306	HalfAwayFromZero	4327	0	56
sin	307	306	HalfToEven	4327	0	56
sin	307	306	HalfTowardZero	4327	0	56
sin	307	306	Trunc	4327	0	56
sin	307	306	ZeroFiveUp	4327	0	56
sin	307	50	AwayFromZero	4377	0	6
sin	307	50	Ceiling	4377	0	6
sin	307	50	Floor	4377	0	6
sin	307	50	HalfAwayFromZero	4377	0	6
sin	307	50	HalfToEven	4377	0	6
sin	307	50	HalfTowardZero	4377	0	6
sin	307	50	Trunc	4377	0	6
sin	307	50	ZeroFiveUp	4377	0	6
sin	307	70	AwayFromZero	4378	0	5
sin	307	70	Ceiling	4378	0	5
sin	307	70	Floor	4378	0	5
sin	307	70	HalfAwayFromZero	4378	0	5
sin	307	70	HalfToEven	4378	0	5
sin	307	70	HalfTowardZero	4378	0	5
sin	307	70	Trunc	4378	0	5
sin	307	70	ZeroFiveUp	4378	0	5
sin	307	76	AwayFromZero	4378	0	5
sin	307	76	Ceiling	4378	0	5
sin	307	76	Floor	4378	0	5
sin	307	76	HalfAwayFromZero	4378	0	5
sin	307	76	HalfToEven	4378	0	5
sin	307	76	HalfTowardZero	4378	0	5
sin	307	76	Trunc	4378	0	5
sin	307	76	ZeroFiveUp	4378	0	5
sin	38	0	AwayFromZero	83	0	4300
sin	38	0	Ceiling	83	0	4300
sin	38	0	Floor	83	0	4300
sin	38	0	HalfAwayFromZero	83	0	4300
sin	38	0	HalfToEven	83	0	4300
sin	38	0	HalfTowardZero	83	0	4300
sin	38	0	Trunc	83	0	4300
sin	38	0	ZeroFiveUp	83	0	4300
sin	38	10	AwayFromZero	615	0	3768
sin	38	10	Ceiling	615	0	3768
sin	38	10	Floor	615	0	3768
sin	38	10	HalfAwayFromZero	615	0	3768
sin	38	10	HalfToEven	615	0	3768
sin	38	10	HalfTowardZero	615	0	3768
sin	38	10	Trunc	615	0	3768
sin	38	10	ZeroFiveUp	615	0	3768
sin	38	12	AwayFromZero	637	0	3746
sin	38	12	Ceiling	637	0	3746
sin	38	12	Floor	637	0	3746
sin	38	12	HalfAwayFromZero	637	0	3746
sin	38	12	HalfToEven	637	0	3746
sin	38	12	HalfTowardZero	637	0	3746
sin	38	12	Trunc	637	0	3746
sin	38	12	ZeroFiveUp	637	0	3746
sin	38	17	AwayFromZero	1073	0	3310
sin	38	17	Ceiling	1073	0	3310
sin	38	17	Floor	1073	0	3310
sin	38	17	HalfAwayFromZero	1073	0	3310
sin	38	17	HalfToEven	1073	0	3310
sin	38	17	HalfTowardZero	1073	0	3310
sin	38	17	Trunc	1073	0	3310
sin	38	17	ZeroFiveUp	1073	0	3310
sin	38	18	AwayFromZero	1100	0	3283
sin	38	18	Ceiling	1100	0	3283
sin	38	18	Floor	1100	0	3283
sin	38	18	HalfAwayFromZero	1100	0	3283
sin	38	18	HalfToEven	1100	0	3283
sin	38	18	HalfTowardZero	1100	0	3283
sin	38	18	Trunc	1100	0	3283
sin	38	18	ZeroFiveUp	1100	0	3283
sin	38	19	AwayFromZero	1362	0	3021
sin	38	19	Ceiling	1362	0	3021
sin	38	19	Floor	1362	0	3021
sin	38	19	HalfAwayFromZero	1362	0	3021
sin	38	19	HalfToEven	1362	0	3021
sin	38	19	HalfTowardZero	1362	0	3021
sin	38	19	Trunc	1362	0	3021
sin	38	19	ZeroFiveUp	1362	0	3021
sin	38	2	AwayFromZero	85	0	4298
sin	38	2	Ceiling	85	0	4298
sin	38	2	Floor	85	0	4298
sin	38	2	HalfAwayFromZero	85	0	4298
sin	38	2	HalfToEven	85	0	4298
sin	38	2	HalfTowardZero	85	0	4298
sin	38	2	Trunc	85	0	4298
sin	38	2	ZeroFiveUp	85	0	4298
sin	38	28	AwayFromZero	4226	0	157
sin	38	28	Ceiling	4226	0	157
sin	38	28	Floor	4226	0	157
sin	38	28	HalfAwayFromZero	4226	0	157
sin	38	28	HalfToEven	4226	0	157
sin	38	28	HalfTowardZero	4226	0	157
sin	38	28	Trunc	4226	0	157
sin	38	28	ZeroFiveUp	4226	0	157
sin	38	37	AwayFromZero	3319	0	1064
sin	38	37	Ceiling	3319	0	1064
sin	38	37	Floor	3319	0	1064
sin	38	37	HalfAwayFromZero	3319	0	1064
sin	38	37	HalfToEven	3319	0	1064
sin	38	37	HalfTowardZero	3319	0	1064
sin	38	37	Trunc	3319	0	1064
sin	38	37	ZeroFiveUp	3319	0	1064
sin	38	6	AwayFromZero	266	0	4117
sin	38	6	Ceiling	266	0	4117
sin	38	6	Floor	266	0	4117
sin	38	6	HalfAwayFromZero	266	0	4117
sin	38	6	HalfToEven	266	0	4117
sin	38	6	HalfTowardZero	266	0	4117
sin	38	6	Trunc	266	0	4117
sin	38	6	ZeroFiveUp	266	0	4117
sin	38	9	AwayFromZero	615	0	3768
sin	38	9	Ceiling	615	0	3768
sin	38	9	Floor	615	0	3768
sin	38	9	HalfAwayFromZero	615	0	3768
sin	38	9	HalfToEven	615	0	3768
sin	38	9	HalfTowardZero	615	0	3768
sin	38	9	Trunc	615	0	3768
sin	38	9	ZeroFiveUp	615	0	3768
sin	462	0	AwayFromZero	83	0	4300
sin	462	0	Ceiling	83	0	4300
sin	462	0	Floor	83	0	4300
sin	462	0	HalfAwayFromZero	83	0	4300
sin	462	0	HalfToEven	83	0	4300
sin	462	0	HalfTowardZero	83	0	4300
sin	462	0	Trunc	83	0	4300
sin	462	0	ZeroFiveUp	83	0	4300
sin	462	100	AwayFromZero	4378	0	5
sin	462	100	Ceiling	4378	0	5
sin	462	100	Floor	4378	0	5
sin	462	100	HalfAwayFromZero	4378	0	5
sin	462	100	HalfToEven	4378	0	5
sin	462	100	HalfTowardZero	4378	0	5
sin	462	100	Trunc	4378	0	5
sin	462	100	ZeroFiveUp	4378	0	5
sin	462	115	AwayFromZero	4378	0	5
sin	462	115	Ceiling	4378	0	5
sin	462	115	Floor	4378	0	5
sin	462	115	HalfAwayFromZero	4378	0	5
sin	462	115	HalfToEven	4378	0	5
sin	462	115	HalfTowardZero	4378	0	5
sin	462	115	Trunc	4378	0	5
sin	462	115	ZeroFiveUp	4378	0	5
sin	462	180	AwayFromZero	4381	0	2
sin	462	180	Ceiling	4381	0	2
sin	462	180	Floor	4381	0	2
sin	462	180	HalfAwayFromZero	4381	0	2
sin	462	180	HalfToEven	4381	0	2
sin	462	180	HalfTowardZero	4381	0	2
sin	462	180	Trunc	4381	0	2
sin	462	180	ZeroFiveUp	4381	0	2
sin	462	231	AwayFromZero	4381	0	2
sin	462	231	Ceiling	4381	0	2
sin	462	231	Floor	4381	0	2
sin	462	231	HalfAwayFromZero	4381	0	2
sin	462	231	HalfToEven	4381	0	2
sin	462	231	HalfTowardZero	4381	0	2
sin	462	231	Trunc	4381	0	2
sin	462	231	ZeroFiveUp	4381	0	2
sin	462	30	AwayFromZero	4289	0	94
sin	462	30	Ceiling	4289	0	94
sin	462	30	Floor	4289	0	94
sin	462	30	HalfAwayFromZero	4289	0	94
sin	462	30	HalfToEven	4289	0	94
sin	462	30	HalfTowardZero	4289	0	94
sin	462	30	Trunc	4289	0	94
sin	462	30	ZeroFiveUp	4289	0	94
sin	462	346	AwayFromZero	4383	0	0
sin	462	346	Ceiling	4383	0	0
sin	462	346	Floor	4383	0	0
sin	462	346	HalfAwayFromZero	4383	0	0
sin	462	346	HalfToEven	4383	0	0
sin	462	346	HalfTowardZero	4383	0	0
sin	462	346	Trunc	4383	0	0
sin	462	346	ZeroFiveUp	4383	0	0
sin	462	461	AwayFromZero	3081	0	1302
sin	462	461	Ceiling	3081	0	1302
sin	462	461	Floor	3081	0	1302
sin	462	461	HalfAwayFromZero	3081	0	1302
sin	462	461	HalfToEven	3081	0	1302
sin	462	461	HalfTowardZero	3081	0	1302
sin	462	461	Trunc	3081	0	1302
sin	462	461	ZeroFiveUp	3081	0	1302
sin	57	0	AwayFromZero	83	0	4300
sin	57	0	Ceiling	83	0	4300
sin	57	0	Floor	83	0	4300
sin	57	0	HalfAwayFromZero	83	0	4300
sin	57	0	HalfToEven	83	0	4300
sin	57	0	HalfTowardZero	83	0	4300
sin	57	0	Trunc	83	0	4300
sin	57	0	ZeroFiveUp	83	0	4300
sin	57	14	AwayFromZero	960	0	3423
sin	57	14	Ceiling	960	0	3423
sin	57	14	Floor	960	0	3423
sin	57	14	HalfAwayFromZero	960	0	3423
sin	57	14	HalfToEven	960	0	3423
sin	57	14	HalfTowardZero	960	0	3423
sin	57	14	Trunc	960	0	3423
sin	57	14	ZeroFiveUp	960	0	3423
sin	57	20	AwayFromZero	1363	0	3020
sin	57	20	Ceiling	1363	0	3020
sin	57	20	Floor	1363	0	3020
sin	57	20	HalfAwayFromZero	1363	0	3020
sin	57	20	HalfToEven	1363	0	3020
sin	57	20	HalfTowardZero	1363	0	3020
sin	57	20	Trunc	1363	0	3020
sin	57	20	ZeroFiveUp	1363	0	3020
sin	57	28	AwayFromZero	4226	0	157
sin	57	28	Ceiling	4226	0	157
sin	57	28	Floor	4226	0	157
sin	57	28	HalfAwayFromZero	4226	0	157
sin	57	28	HalfToEven	4226	0	157
sin	57	28	HalfTowardZero	4226	0	157
sin	57	28	Trunc	4226	0	157
sin	57	28	ZeroFiveUp	4226	0	157
sin	57	30	AwayFromZero	4289	0	94
sin	57	30	Ceiling	4289	0	94
sin	57	30	Floor	4289	0	94
sin	57	30	HalfAwayFromZero	4289	0	94
sin	57	30	HalfToEven	4289	0	94
sin	57	30	HalfTowardZero	4289	0	94
sin	57	30	Trunc	4289	0	94
sin	57	30	ZeroFiveUp	4289	0	94
sin	57	42	AwayFromZero	4377	0	6
sin	57	42	Ceiling	4377	0	6
sin	57	42	Floor	4377	0	6
sin	57	42	HalfAwayFromZero	4377	0	6
sin	57	42	HalfToEven	4377	0	6
sin	57	42	HalfTowardZero	4377	0	6
sin	57	42	Trunc	4377	0	6
sin	57	42	ZeroFiveUp	4377	0	6
sin	57	56	AwayFromZero	4030	0	353
sin	57	56	Ceiling	4030	0	353
sin	57	56	Floor	4030	0	353
sin	57	56	HalfAwayFromZero	4030	0	353
sin	57	56	HalfToEven	4030	0	353
sin	57	56	HalfTowardZero	4030	0	353
sin	57	56	Trunc	4030	0	353
sin	57	56	ZeroFiveUp	4030	0	353
sin	616	0	AwayFromZero	83	0	4300
sin	616	0	Ceiling	83	0	4300
sin	616	0	Floor	83	0	4300
sin	616	0	HalfAwayFromZero	83	0	4300
sin	616	0	HalfToEven	83	0	4300
sin	616	0	HalfTowardZero	83	0	4300
sin	616	0	Trunc	83	0	4300
sin	616	0	ZeroFiveUp	83	0	4300
sin	616	130	AwayFromZero	4381	0	2
sin	616	130	Ceiling	4381	0	2
sin	616	130	Floor	4381	0	2
sin	616	130	HalfAwayFromZero	4381	0	2
sin	616	130	HalfToEven	4381	0	2
sin	616	130	HalfTowardZero	4381	0	2
sin	616	130	Trunc	4381	0	2
sin	616	130	ZeroFiveUp	4381	0	2
sin	616	154	AwayFromZero	4381	0	2
sin	616	154	Ceiling	4381	0	2
sin	616	154	Floor	4381	0	2
sin	616	154	HalfAwayFromZero	4381	0	2
sin	616	154	HalfToEven	4381	0	2
sin	616	154	HalfTowardZero	4381	0	2
sin	616	154	Trunc	4381	0	2
sin	616	154	ZeroFiveUp	4381	0	2
sin	616	240	AwayFromZero	4381	0	2
sin	616	240	Ceiling	4381	0	2
sin	616	240	Floor	4381	0	2
sin	616	240	HalfAwayFromZero	4381	0	2
sin	616	240	HalfToEven	4381	0	2
sin	616	240	HalfTowardZero	4381	0	2
sin	616	240	Trunc	4381	0	2
sin	616	240	ZeroFiveUp	4381	0	2
sin	616	30	AwayFromZero	4289	0	94
sin	616	30	Ceiling	4289	0	94
sin	616	30	Floor	4289	0	94
sin	616	30	HalfAwayFromZero	4289	0	94
sin	616	30	HalfToEven	4289	0	94
sin	616	30	HalfTowardZero	4289	0	94
sin	616	30	Trunc	4289	0	94
sin	616	30	ZeroFiveUp	4289	0	94
sin	616	308	AwayFromZero	4383	0	0
sin	616	308	Ceiling	4383	0	0
sin	616	308	Floor	4383	0	0
sin	616	308	HalfAwayFromZero	4383	0	0
sin	616	308	HalfToEven	4383	0	0
sin	616	308	HalfTowardZero	4383	0	0
sin	616	308	Trunc	4383	0	0
sin	616	308	ZeroFiveUp	4383	0	0
sin	616	462	AwayFromZero	4383	0	0
sin	616	462	Ceiling	4383	0	0
sin	616	462	Floor	4383	0	0
sin	616	462	HalfAwayFromZero	4383	0	0
sin	616	462	HalfToEven	4383	0	0
sin	616	462	HalfTowardZero	4383	0	0
sin	616	462	Trunc	4383	0	0
sin	616	462	ZeroFiveUp	4383	0	0
sin	616	590	AwayFromZero	4383	0	0
sin	616	590	Ceiling	4383	0	0
sin	616	590	Floor	4383	0	0
sin	616	590	HalfAwayFromZero	4383	0	0
sin	616	590	HalfToEven	4383	0	0
sin	616	590	HalfTowardZero	4383	0	0
sin	616	590	Trunc	4383	0	0
sin	616	590	ZeroFiveUp	4383	0	0
sin	616	615	AwayFromZero	3283	0	1100
sin	616	615	Ceiling	3283	0	1100
sin	616	615	Floor	3283	0	1100
sin	616	615	HalfAwayFromZero	3283	0	1100
sin	616	615	HalfToEven	3283	0	1100
sin	616	615	HalfTowardZero	3283	0	1100
sin	616	615	Trunc	3283	0	1100
sin	616	615	ZeroFiveUp	3283	0	1100
sin	76	0	AwayFromZero	83	0	4300
sin	76	0	Ceiling	83	0	4300
sin	76	0	Floor	83	0	4300
sin	76	0	HalfAwayFromZero	83	0	4300
sin	76	0	HalfToEven	83	0	4300
sin	76	0	HalfTowardZero	83	0	4300
sin	76	0	Trunc	83	0	4300
sin	76	0	ZeroFiveUp	83	0	4300
sin	76	18	AwayFromZero	1100	0	3283
sin	76	18	Ceiling	1100	0	3283
sin	76	18	Floor	1100	0	3283
sin	76	18	HalfAwayFromZero	1100	0	3283
sin	76	18	HalfToEven	1100	0	3283
sin	76	18	HalfTowardZero	1100	0	3283
sin	76	18	Trunc	1100	0	3283
sin	76	18	ZeroFiveUp	1100	0	3283
sin	76	19	AwayFromZero	1362	0	3021
sin	76	19	Ceiling	1362	0	3021
sin	76	19	Floor	1362	0	3021
sin	76	19	HalfAwayFromZero	1362	0	3021
sin	76	19	HalfToEven	1362	0	3021
sin	76	19	HalfTowardZero	1362	0	3021
sin	76	19	Trunc	1362	0	3021
sin	76	19	ZeroFiveUp	1362	0	3021
sin	76	38	AwayFromZero	4377	0	6
sin	76	38	Ceiling	4377	0	6
sin	76	38	Floor	4377	0	6
sin	76	38	HalfAwayFromZero	4377	0	6
sin	76	38	HalfToEven	4377	0	6
sin	76	38	HalfTowardZero	4377	0	6
sin	76	38	Trunc	4377	0	6
sin	76	38	ZeroFiveUp	4377	0	6
sin	76	40	AwayFromZero	4377	0	6
sin	76	40	Ceiling	4377	0	6
sin	76	40	Floor	4377	0	6
sin	76	40	HalfAwayFromZero	4377	0	6
sin	76	40	HalfToEven	4377	0	6
sin	76	40	HalfTowardZero	4377	0	6
sin	76	40	Trunc	4377	0	6
sin	76	40	ZeroFiveUp	4377	0	6
sin	76	57	AwayFromZero	4377	0	6
sin	76	57	Ceiling	4377	0	6
sin	76	57	Floor	4377	0	6
sin	76	57	HalfAwayFromZero	4377	0	6
sin	76	57	HalfToEven	4377	0	6
sin	76	57	HalfTowardZero	4377	0	6
sin	76	57	Trunc	4377	0	6
sin	76	57	ZeroFiveUp	4377	0	6
sin	76	75	AwayFromZero	4322	0	61
sin	76	75	Ceiling	4322	0	61
sin	76	75	Floor	4322	0	61
sin	76	75	HalfAwayFromZero	4322	0	61
sin	76	75	HalfToEven	4322	0	61
sin	76	75	HalfTowardZero	4322	0	61
sin	76	75	Trunc	4322	0	61
sin	76	75	ZeroFiveUp	4322	0	61
sin	924	0	AwayFromZero	83	0	4300
sin	924	0	Ceiling	83	0	4300
sin	924	0	Floor	83	0	4300
sin	924	0	HalfAwayFromZero	83	0	4300
sin	924	0	HalfToEven	83	0	4300
sin	924	0	HalfTowardZero	83	0	4300
sin	924	0	Trunc	83	0	4300
sin	924	0	ZeroFiveUp	83	0	4300
sin	924	180	AwayFromZero	4381	0	2
sin	924	180	Ceiling	4381	0	2
sin	924	180	Floor	4381	0	2
sin	924	180	HalfAwayFromZero	4381	0	2
sin	924	180	HalfToEven	4381	0	2
sin	924	180	HalfTowardZero	4381	0	2
sin	924	180	Trunc	4381	0	2
sin	924	180	ZeroFiveUp	4381	0	2
sin	924	231	AwayFromZero	4381	0	2
sin	924	231	Ceiling	4381	0	2
sin	924	231	Floor	4381	0	2
sin	924	231	HalfAwayFromZero	4381	0	2
sin	924	231	HalfToEven	4381	0	2
sin	924	231	HalfTowardZero	4381	0	2
sin	924	231	Trunc	4381	0	2
sin	924	231	ZeroFiveUp	4381	0	2
sin	924	30	AwayFromZero	4289	0	94
sin	924	30	Ceiling	4289	0	94
sin	924	30	Floor	4289	0	94
sin	924	30	HalfAwayFromZero	4289	0	94
sin	924	30	HalfToEven	4289	0	94
sin	924	30	HalfTowardZero	4289	0	94
sin	924	30	Trunc	4289	0	94
sin	924	30	ZeroFiveUp	4289	0	94
sin	924	350	AwayFromZero	4383	0	0
sin	924	350	Ceiling	4383	0	0
sin	924	350	Floor	4383	0	0
sin	924	350	HalfAwayFromZero	4383	0	0
sin	924	350	HalfToEven	4383	0	0
sin	924	350	HalfTowardZero	4383	0	0
sin	924	350	Trunc	4383	0	0
sin	924	350	ZeroFiveUp	4383	0	0
sin	924	462	AwayFromZero	4383	0	0
sin	924	462	Ceiling	4383	0	0
sin	924	462	Floor	4383	0	0
sin	924	462	HalfAwayFromZero	4383	0	0
sin	924	462	HalfToEven	4383	0	0
sin	924	462	HalfTowardZero	4383	0	0
sin	924	462	Trunc	4383	0	0
sin	924	462	ZeroFiveUp	4383	0	0
sin	924	693	AwayFromZero	4383	0	0
sin	924	693	Ceiling	4383	0	0
sin	924	693	Floor	4383	0	0
sin	924	693	HalfAwayFromZero	4383	0	0
sin	924	693	HalfToEven	4383	0	0
sin	924	693	HalfTowardZero	4383	0	0
sin	924	693	Trunc	4383	0	0
sin	924	693	ZeroFiveUp	4383	0	0
sin	924	900	AwayFromZero	4383	0	0
sin	924	900	Ceiling	4383	0	0
sin	924	900	Floor	4383	0	0
sin	924	900	HalfAwayFromZero	4383	0	0
sin	924	900	HalfToEven	4383	0	0
sin	924	900	HalfTowardZero	4383	0	0
sin	924	900	Trunc	4383	0	0
sin	924	900	ZeroFiveUp	4383	0	0
sin	924	923	AwayFromZero	3923	0	460
sin	924	923	Ceiling	3923	0	460
sin	924	923	Floor	3923	0	460
sin	924	923	HalfAwayFromZero	3923	0	460
sin	924	923	HalfToEven	3923	0	460
sin	924	923	HalfTowardZero	3923	0	460
sin	924	923	Trunc	3923	0	460
sin	924	923	ZeroFiveUp	3923	0	460
sinh	115	0	AwayFromZero	426	0	4415
sinh	115	0	Ceiling	426	0	4415
sinh	115	0	Floor	426	0	4415
sinh	115	0	HalfAwayFromZero	426	0	4415
sinh	115	0	HalfToEven	426	0	4415
sinh	115	0	HalfTowardZero	426	0	4415
sinh	115	0	Trunc	426	0	4415
sinh	115	0	ZeroFiveUp	426	0	4415
sinh	115	114	AwayFromZero	3266	0	1575
sinh	115	114	Ceiling	3266	0	1575
sinh	115	114	Floor	3266	0	1575
sinh	115	114	HalfAwayFromZero	3266	0	1575
sinh	115	114	HalfToEven	3266	0	1575
sinh	115	114	HalfTowardZero	3266	0	1575
sinh	115	114	Trunc	3266	0	1575
sinh	115	114	ZeroFiveUp	3266	0	1575
sinh	115	28	AwayFromZero	4480	0	361
sinh	115	28	Ceiling	4480	0	361
sinh	115	28	Floor	4480	0	361
sinh	115	28	HalfAwayFromZero	4480	0	361
sinh	115	28	HalfToEven	4480	0	361
sinh	115	28	HalfTowardZero	4480	0	361
sinh	115	28	Trunc	4480	0	361
sinh	115	28	ZeroFiveUp	4480	0	361
sinh	115	50	AwayFromZero	4785	0	56
sinh	115	50	Ceiling	4785	0	56
sinh	115	50	Floor	4785	0	56
sinh	115	50	HalfAwayFromZero	4785	0	56
sinh	115	50	HalfToEven	4785	0	56
sinh	115	50	HalfTowardZero	4785	0	56
sinh	115	50	Trunc	4785	0	56
sinh	115	50	ZeroFiveUp	4785	0	56
sinh	115	57	AwayFromZero	4789	0	52
sinh	115	57	Ceiling	4789	0	52
sinh	115	57	Floor	4789	0	52
sinh	115	57	HalfAwayFromZero	4789	0	52
sinh	115	57	HalfToEven	4789	0	52
sinh	115	57	HalfTowardZero	4789	0	52
sinh	115	57	Trunc	4789	0	52
sinh	115	57	ZeroFiveUp	4789	0	52
sinh	115	86	AwayFromZero	4796	0	45
sinh	115	86	Ceiling	4796	0	45
sinh	115	86	Floor	4796	0	45
sinh	115	86	HalfAwayFromZero	4796	0	45
sinh	115	86	HalfToEven	4796	0	45
sinh	115	86	HalfTowardZero	4796	0	45
sinh	115	86	Trunc	4796	0	45
sinh	115	86	ZeroFiveUp	4796	0	45
sinh	1232	0	AwayFromZero	426	0	4415
sinh	1232	0	Ceiling	426	0	4415
sinh	1232	0	Floor	426	0	4415
sinh	1232	0	HalfAwayFromZero	426	0	4415
sinh	1232	0	HalfToEven	426	0	4415
sinh	1232	0	HalfTowardZero	426	0	4415
sinh	1232	0	Trunc	426	0	4415
sinh	1232	0	ZeroFiveUp	426	0	4415
sinh	1232	1200	AwayFromZero	4839	0	2
sinh	1232	1200	Ceiling	4839	0	2
sinh	1232	1200	Floor	4839	0	2
sinh	1232	1200	HalfAwayFromZero	4839	0	2
sinh	1232	1200	HalfToEven	4839	0	2
sinh	1232	1200	HalfTowardZero	4839	0	2
sinh	1232	1200	Trunc	4839	0	2
sinh	1232	1200	ZeroFiveUp	4839	0	2
sinh	1232	1231	AwayFromZero	3766	0	1075
sinh	1232	1231	Ceiling	3766	0	1075
sinh	1232	1231	Floor	3766	0	1075
sinh	1232	1231	HalfAwayFromZero	3766	0	1075
sinh	1232	1231	HalfToEven	3766	0	1075
sinh	1232	1231	HalfTowardZero	3766	0	1075
sinh	1232	1231	Trunc	3766	0	1075
sinh	1232	1231	ZeroFiveUp	3766	0	1075
sinh	1232	250	AwayFromZero	4819	0	22
sinh	1232	250	Ceiling	4819	0	22
sinh	1232	250	Floor	4819	0	22
sinh	1232	250	HalfAwayFromZero	4819	0	22
sinh	1232	250	HalfToEven	4819	0	22
sinh	1232	250	HalfTowardZero	4819	0	22
sinh	1232	250	Trunc	4819	0	22
sinh	1232	250	ZeroFiveUp	4819	0	22
sinh	1232	30	AwayFromZero	4759	0	82
sinh	1232	30	Ceiling	4759	0	82
sinh	1232	30	Floor	4759	0	82
sinh	1232	30	HalfAwayFromZero	4759	0	82
sinh	1232	30	HalfToEven	4759	0	82
sinh	1232	30	HalfTowardZero	4759	0	82
sinh	1232	30	Trunc	4759	0	82
sinh	1232	30	ZeroFiveUp	4759	0	82
sinh	1232	308	AwayFromZero	4823	0	18
sinh	1232	308	Ceiling	4823	0	18
sinh	1232	308	Floor	4823	0	18
sinh	1232	308	HalfAwayFromZero	4823	0	18
sinh	1232	308	HalfToEven	4823	0	18
sinh	1232	308	HalfTowardZero	4823	0	18
sinh	1232	308	Trunc	4823	0	18
sinh	1232	308	ZeroFiveUp	4823	0	18
sinh	1232	470	AwayFromZero	4829	0	12
sinh	1232	470	Ceiling	4829	0	12
sinh	1232	470	Floor	4829	0	12
sinh	1232	470	HalfAwayFromZero	4829	0	12
sinh	1232	470	HalfToEven	4829	0	12
sinh	1232	470	HalfTowardZero	4829	0	12
sinh	1232	470	Trunc	4829	0	12
sinh	1232	470	ZeroFiveUp	4829	0	12
sinh	1232	616	AwayFromZero	4833	0	8
sinh	1232	616	Ceiling	4833	0	8
sinh	1232	616	Floor	4833	0	8
sinh	1232	616	HalfAwayFromZero	4833	0	8
sinh	1232	616	HalfToEven	4833	0	8
sinh	1232	616	HalfTowardZero	4833	0	8
sinh	1232	616	Trunc	4833	0	8
sinh	1232	616	ZeroFiveUp	4833	0	8
sinh	1232	924	AwayFromZero	4839	0	2
sinh	1232	924	Ceiling	4839	0	2
sinh	1232	924	Floor	4839	0	2
sinh	1232	924	HalfAwayFromZero	4839	0	2
sinh	1232	924	HalfToEven	4839	0	2
sinh	1232	924	HalfTowardZero	4839	0	2
sinh	1232	924	Trunc	4839	0	2
sinh	1232	924	ZeroFiveUp	4839	0	2
sinh	153	0	AwayFromZero	426	0	4415
sinh	153	0	Ceiling	426	0	4415
sinh	153	0	Floor	426	0	4415
sinh	153	0	HalfAwayFromZero	426	0	4415
sinh	153	0	HalfToEven	426	0	4415
sinh	153	0	HalfTowardZero	426	0	4415
sinh	153	0	Trunc	426	0	4415
sinh	153	0	ZeroFiveUp	426	0	4415
sinh	153	114	AwayFromZero	4798	0	43
sinh	153	114	Ceiling	4798	0	43
sinh	153	114	Floor	4798	0	43
sinh	153	114	HalfAwayFromZero	4798	0	43
sinh	153	114	HalfToEven	4798	0	43
sinh	153	114	HalfTowardZero	4798	0	43
sinh	153	114	Trunc	4798	0	43
sinh	153	114	ZeroFiveUp	4798	0	43
sinh	153	152	AwayFromZero	3846	0	995
sinh	153	152	Ceiling	3846	0	995
sinh	153	152	Floor	3846	0	995
sinh	153	152	HalfAwayFromZero	3846	0	995
sinh	153	152	HalfToEven	3846	0	995
sinh	153	152	HalfTowardZero	3846	0	995
sinh	153	152	Trunc	3846	0	995
sinh	153	152	ZeroFiveUp	3846	0	995
sinh	153	38	AwayFromZero	4783	0	58
sinh	153	38	Ceiling	4783	0	58
sinh	153	38	Floor	4783	0	58
sinh	153	38	HalfAwayFromZero	4783	0	58
sinh	153	38	HalfToEven	4783	0	58
sinh	153	38	HalfTowardZero	4783	0	58
sinh	153	38	Trunc	4783	0	58
sinh	153	38	ZeroFiveUp	4783	0	58
sinh	153	76	AwayFromZero	4794	0	47
sinh	153	76	Ceiling	4794	0	47
sinh	153	76	Floor	4794	0	47
sinh	153	76	HalfAwayFromZero	4794	0	47
sinh	153	76	HalfToEven	4794	0	47
sinh	153	76	HalfTowardZero	4794	0	47
sinh	153	76	Trunc	4794	0	47
sinh	153	76	ZeroFiveUp	4794	0	47
sinh	18	0	AwayFromZero	426	0	4415
sinh	18	0	Ceiling	426	0	4415
sinh	18	0	Floor	426	0	4415
sinh	18	0	HalfAwayFromZero	426	0	4415
sinh	18	0	HalfToEven	426	0	4415
sinh	18	0	HalfTowardZero	426	0	4415
sinh	18	0	Trunc	426	0	4415
sinh	18	0	ZeroFiveUp	426	0	4415
sinh	18	13	AwayFromZero	1137	0	3704
sinh	18	13	Ceiling	1137	0	3704
sinh	18	13	Floor	1137	0	3704
sinh	18	13	HalfAwayFromZero	1137	0	3704
sinh	18	13	HalfToEven	1137	0	3704
sinh	18	13	HalfTowardZero	1137	0	3704
sinh	18	13	Trunc	1137	0	3704
sinh	18	13	ZeroFiveUp	1137	0	3704
sinh	18	17	AwayFromZero	1110	0	3731
sinh	18	17	Ceiling	1110	0	3731
sinh	18	17	Floor	1110	0	3731
sinh	18	17	HalfAwayFromZero	1110	0	3731
sinh	18	17	HalfToEven	1110	0	3731
sinh	18	17	HalfTowardZero	1110	0	3731
sinh	18	17	Trunc	1110	0	3731
sinh	18	17	ZeroFiveUp	1110	0	3731
sinh	18	3	AwayFromZero	444	0	4397
sinh	18	3	Ceiling	444	0	4397
sinh	18	3	Floor	444	0	4397
sinh	18	3	HalfAwayFromZero	444	0	4397
sinh	18	3	HalfToEven	444	0	4397
sinh	18	3	HalfTowardZero	444	0	4397
sinh	18	3	Trunc	444	0	4397
sinh	18	3	ZeroFiveUp	444	0	4397
sinh	18	4	AwayFromZero	605	0	4236
sinh	18	4	Ceiling	605	0	4236
sinh	18	4	Floor	605	0	4236
sinh	18	4	HalfAwayFromZero	605	0	4236
sinh	18	4	HalfToEven	605	0	4236
sinh	18	4	HalfTowardZero	605	0	4236
sinh	18	4	Trunc	605	0	4236
sinh	18	4	ZeroFiveUp	605	0	4236
sinh	18	9	AwayFromZero	942	0	3899
sinh	18	9	Ceiling	942	0	3899
sinh	18	9	Floor	942	0	3899
sinh	18	9	HalfAwayFromZero	942	0	3899
sinh	18	9	HalfToEven	942	0	3899
sinh	18	9	HalfTowardZero	942	0	3899
sinh	18	9	Trunc	942	0	3899
sinh	18	9	ZeroFiveUp	942	0	3899
sinh	230	0	AwayFromZero	426	0	4415
sinh	230	0	Ceiling	426	0	4415
sinh	230	0	Floor	426	0	4415
sinh	230	0	HalfAwayFromZero	426	0	4415
sinh	230	0	HalfToEven	426	0	4415
sinh	230	0	HalfTowardZero	426	0	4415
sinh	230	0	Trunc	426	0	4415
sinh	230	0	ZeroFiveUp	426	0	4415
sinh	230	115	AwayFromZero	4800	0	41
sinh	230	115	Ceiling	4800	0	41
sinh	230	115	Floor	4800	0	41
sinh	230	115	HalfAwayFromZero	4800	0	41
sinh	230	115	HalfToEven	4800	0	41
sinh	230	115	HalfTowardZero	4800	0	41
sinh	230	115	Trunc	4800	0	41
sinh	230	115	ZeroFiveUp	4800	0	41
sinh	230	172	AwayFromZero	4813	0	28
sinh	230	172	Ceiling	4813	0	28
sinh	230	172	Floor	4813	0	28
sinh	230	172	HalfAwayFromZero	4813	0	28
sinh	230	172	HalfToEven	4813	0	28
sinh	230	172	HalfTowardZero	4813	0	28
sinh	230	172	Trunc	4813	0	28
sinh	230	172	ZeroFiveUp	4813	0	28
sinh	230	229	AwayFromZero	3922	0	919
sinh	230	229	Ceiling	3922	0	919
sinh	230	229	Floor	3922	0	919
sinh	230	229	HalfAwayFromZero	3922	0	919
sinh	230	229	HalfToEven	3922	0	919
sinh	230	229	HalfTowardZero	3922	0	919
sinh	230	229	Trunc	3922	0	919
sinh	230	229	ZeroFiveUp	3922	0	919
sinh	230	30	AwayFromZero	4759	0	82
sinh	230	30	Ceiling	4759	0	82
sinh	230	30	Floor	4759	0	82
sinh	230	30	HalfAwayFromZero	4759	0	82
sinh	230	30	HalfToEven	4759	0	82
sinh	230	30	HalfTowardZero	4759	0	82
sinh	230	30	Trunc	4759	0	82
sinh	230	30	ZeroFiveUp	4759	0	82
sinh	230	57	AwayFromZero	4789	0	52
sinh	230	57	Ceiling	4789	0	52
sinh	230	57	Floor	4789	0	52
sinh	230	57	HalfAwayFromZero	4789	0	52
sinh	230	57	HalfToEven	4789	0	52
sinh	230	57	HalfTowardZero	4789	0	52
sinh	230	57	Trunc	4789	0	52
sinh	230	57	ZeroFiveUp	4789	0	52
sinh	307	0	AwayFromZero	426	0	4415
sinh	307	0	Ceiling	426	0	4415
sinh	307	0	Floor	426	0	4415
sinh	307	0	HalfAwayFromZero	426	0	4415
sinh	307	0	HalfToEven	426	0	4415
sinh	307	0	HalfTowardZero	426	0	4415
sinh	307	0	Trunc	426	0	4415
sinh	307	0	ZeroFiveUp	426	0	4415
sinh	307	120	AwayFromZero	4803	0	38
sinh	307	120	Ceiling	4803	0	38
sinh	307	120	Floor	4803	0	38
sinh	307	120	HalfAwayFromZero	4803	0	38
sinh	307	120	HalfToEven	4803	0	38
sinh	307	120	HalfTowardZero	4803	0	38
sinh	307	120	Trunc	4803	0	38
sinh	307	120	ZeroFiveUp	4803	0	38
sinh	307	153	AwayFromZero	4807	0	34
sinh	307	153	Ceiling	4807	0	34
sinh	307	153	Floor	4807	0	34
sinh	307	153	HalfAwayFromZero	4807	0	34
sinh	307	153	HalfToEven	4807	0	34
sinh	307	153	HalfTowardZero	4807	0	34
sinh	307	153	Trunc	4807	0	34
sinh	307	153	ZeroFiveUp	4807	0	34
sinh	307	230	AwayFromZero	4817	0	24
sinh	307	230	Ceiling	4817	0	24
sinh	307	230	Floor	4817	0	24
sinh	307	230	HalfAwayFromZero	4817	0	24
sinh	307	230	HalfToEven	4817	0	24
sinh	307	230	HalfTowardZero	4817	0	24
sinh	307	230	Trunc	4817	0	24
sinh	307	230	ZeroFiveUp	4817	0	24
sinh	307	290	AwayFromZero	4819	0	22
sinh	307	290	Ceiling	4819	0	22
sinh	307	290	Floor	4819	0	22
sinh	307	290	HalfAwayFromZero	4819	0	22
sinh	307	290	HalfToEven	4819	0	22
sinh	307	290	HalfTowardZero	4819	0	22
sinh	307	290	Trunc	4819	0	22
sinh	307	290	ZeroFiveUp	4819	0	22
sinh	307	30	AwayFromZero	4759	0	82
sinh	307	30	Ceiling	4759	0	82
sinh	307	30	Floor	4759	0	82
sinh	307	30	HalfAwayFromZero	4759	0	82
sinh	307	30	HalfToEven	4759	0	82
sinh	307	30	HalfTowardZero	4759	0	82
sinh	307	30	Trunc	4759	0	82
sinh	307	30	ZeroFiveUp	4759	0	82
sinh	307	306	AwayFromZero	3980	0	861
sinh	307	306	Ceiling	3980	0	861
sinh	307	306	Floor	3980	0	861
sinh	307	306	HalfAwayFromZero	3980	0	861
sinh	307	306	HalfToEven	3980	0	861
sinh	307	306	HalfTowardZero	3980	0	861
sinh	307	306	Trunc	3980	0	861
sinh	307	306	ZeroFiveUp	3980	0	861
sinh	307	50	AwayFromZero	4785	0	56
sinh	307	50	Ceiling	4785	0	56
sinh	307	50	Floor	4785	0	56
sinh	307	50	HalfAwayFromZero	4785	0	56
sinh	307	50	HalfToEven	4785	0	56
sinh	307	50	HalfTowardZero	4785	0	56
sinh	307	50	Trunc	4785	0	56
sinh	307	50	ZeroFiveUp	4785	0	56
sinh	307	70	AwayFromZero	4790	0	51
sinh	307	70	Ceiling	4790	0	51
sinh	307	70	Floor	4790	0	51
sinh	307	70	HalfAwayFromZero	4790	0	51
sinh	307	70	HalfToEven	4790	0	51
sinh	307	70	HalfTowardZero	4790	0	51
sinh	307	70	Trunc	4790	0	51
sinh	307	70	ZeroFiveUp	4790	0	51
sinh	307	76	AwayFromZero	4794	0	47
sinh	307	76	Ceiling	4794	0	47
sinh	307	76	Floor	4794	0	47
sinh	307	76	HalfAwayFromZero	4794	0	47
sinh	307	76	HalfToEven	4794	0	47
sinh	307	76	HalfTowardZero	4794	0	47
sinh	307	76	Trunc	4794	0	47
sinh	307	76	ZeroFiveUp	4794	0	47
sinh	38	0	AwayFromZero	426	0	4415
sinh	38	0	Ceiling	426	0	4415
sinh	38	0	Floor	426	0	4415
sinh	38	0	HalfAwayFromZero	426	0	4415
sinh	38	0	HalfToEven	426	0	4415
sinh	38	0	HalfTowardZero	426	0	4415
sinh	38	0	Trunc	426	0	4415
sinh	38	0	ZeroFiveUp	426	0	4415
sinh	38	10	AwayFromZero	942	0	3899
sinh	38	10	Ceiling	942	0	3899
sinh	38	10	Floor	942	0	3899
sinh	38	10	HalfAwayFromZero	942	0	3899
sinh	38	10	HalfToEven	942	0	3899
sinh	38	10	HalfTowardZero	942	0	3899
sinh	38	10	Trunc	942	0	3899
sinh	38	10	ZeroFiveUp	942	0	3899
sinh	38	12	AwayFromZero	964	0	3877
sinh	38	12	Ceiling	964	0	3877
sinh	38	12	Floor	964	0	3877
sinh	38	12	HalfAwayFromZero	964	0	3877
sinh	38	12	HalfToEven	964	0	3877
sinh	38	12	HalfTowardZero	964	0	3877
sinh	38	12	Trunc	964	0	3877
sinh	38	12	ZeroFiveUp	964	0	3877
sinh	38	17	AwayFromZero	1388	0	3453
sinh	38	17	Ceiling	1388	0	3453
sinh	38	17	Floor	1388	0	3453
sinh	38	17	HalfAwayFromZero	1388	0	3453
sinh	38	17	HalfToEven	1388	0	3453
sinh	38	17	HalfTowardZero	1388	0	3453
sinh	38	17	Trunc	1388	0	3453
sinh	38	17	ZeroFiveUp	1388	0	3453
sinh	38	18	AwayFromZero	1422	0	3419
sinh	38	18	Ceiling	1422	0	3419
sinh	38	18	Floor	1422	0	3419
sinh	38	18	HalfAwayFromZero	1422	0	3419
sinh	38	18	HalfToEven	1422	0	3419
sinh	38	18	HalfTowardZero	1422	0	3419
sinh	38	18	Trunc	1422	0	3419
sinh	38	18	ZeroFiveUp	1422	0	3419
sinh	38	19	AwayFromZero	1664	0	3177
sinh	38	19	Ceiling	1664	0	3177
sinh	38	19	Floor	1664	0	3177
sinh	38	19	HalfAwayFromZero	1664	0	3177
sinh	38	19	HalfToEven	1664	0	3177
sinh	38	19	HalfTowardZero	1664	0	3177
sinh	38	19	Trunc	1664	0	3177
sinh	38	19	ZeroFiveUp	1664	0	3177
sinh	38	2	AwayFromZero	428	0	4413
sinh	38	2	Ceiling	428	0	4413
sinh	38	2	Floor	428	0	4413
sinh	38	2	HalfAwayFromZero	428	0	4413
sinh	38	2	HalfToEven	428	0	4413
sinh	38	2	HalfTowardZero	428	0	4413
sinh	38	2	Trunc	428	0	4413
sinh	38	2	ZeroFiveUp	428	0	4413
sinh	38	28	AwayFromZero	4480	0	361
sinh	38	28	Ceiling	4480	0	361
sinh	38	28	Floor	4480	0	361
sinh	38	28	HalfAwayFromZero	4480	0	361
sinh	38	28	HalfToEven	4480	0	361
sinh	38	28	HalfTowardZero	4480	0	361
sinh	38	28	Trunc	4480	0	361
sinh	38	28	ZeroFiveUp	4480	0	361
sinh	38	37	AwayFromZero	3068	0	1773
sinh	38	37	Ceiling	3068	0	1773
sinh	38	37	Floor	3068	0	1773
sinh	38	37	HalfAwayFromZero	3068	0	1773
sinh	38	37	HalfToEven	3068	0	1773
sinh	38	37	HalfTowardZero	3068	0	1773
sinh	38	37	Trunc	3068	0	1773
sinh	38	37	ZeroFiveUp	3068	0	1773
sinh	38	6	AwayFromZero	605	0	4236
sinh	38	6	Ceiling	605	0	4236
sinh	38	6	Floor	605	0	4236
sinh	38	6	HalfAwayFromZero	605	0	4236
sinh	38	6	HalfToEven	605	0	4236
sinh	38	6	HalfTowardZero	605	0	4236
sinh	38	6	Trunc	605	0	4236
sinh	38	6	ZeroFiveUp	605	0	4236
sinh	38	9	AwayFromZero	942	0	3899
sinh	38	9	Ceiling	942	0	3899
sinh	38	9	Floor	942	0	3899
sinh	38	9	HalfAwayFromZero	942	0	3899
sinh	38	9	HalfToEven	942	0	3899
sinh	38	9	HalfTowardZero	942	0	3899
sinh	38	9	Trunc	942	0	3899
sinh	38	9	ZeroFiveUp	942	0	3899
sinh	462	0	AwayFromZero	426	0	4415
sinh	462	0	Ceiling	426	0	4415
sinh	462	0	Floor	426	0	4415
sinh	462	0	HalfAwayFromZero	426	0	4415
sinh	462	0	HalfToEven	426	0	4415
sinh	462	0	HalfTowardZero	426	0	4415
sinh	462	0	Trunc	426	0	4415
sinh	462	0	ZeroFiveUp	426	0	4415
sinh	462	100	AwayFromZero	4796	0	45
sinh	462	100	Ceiling	4796	0	45
sinh	462	100	Floor	4796	0	45
sinh	462	100	HalfAwayFromZero	4796	0	45
sinh	462	100	HalfToEven	4796	0	45
sinh	462	100	HalfTowardZero	4796	0	45
sinh	462	100	Trunc	4796	0	45
sinh	462	100	ZeroFiveUp	4796	0	45
sinh	462	115	AwayFromZero	4800	0	41
sinh	462	115	Ceiling	4800	0	41
sinh	462	115	Floor	4800	0	41
sinh	462	115	HalfAwayFromZero	4800	0	41
sinh	462	115	HalfToEven	4800	0	41
sinh	462	115	HalfTowardZero	4800	0	41
sinh	462	115	Trunc	4800	0	41
sinh	462	115	ZeroFiveUp	4800	0	41
sinh	462	180	AwayFromZero	4813	0	28
sinh	462	180	Ceiling	4813	0	28
sinh	462	180	Floor	4813	0	28
sinh	462	180	HalfAwayFromZero	4813	0	28
sinh	462	180	HalfToEven	4813	0	28
sinh	462	180	HalfTowardZero	4813	0	28
sinh	462	180	Trunc	4813	0	28
sinh	462	180	ZeroFiveUp	4813	0	28
sinh	462	231	AwayFromZero	4819	0	22
sinh	462	231	Ceiling	4819	0	22
sinh	462	231	Floor	4819	0	22
sinh	462	231	HalfAwayFromZero	4819	0	22
sinh	462	231	HalfToEven	4819	0	22
sinh	462	231	HalfTowardZero	4819	0	22
sinh	462	231	Trunc	4819	0	22
sinh	462	231	ZeroFiveUp	4819	0	22
sinh	462	30	AwayFromZero	4759	0	82
sinh	462	30	Ceiling	4759	0	82
sinh	462	30	Floor	4759	0	82
sinh	462	30	HalfAwayFromZero	4759	0	82
sinh	462	30	HalfToEven	4759	0	82
sinh	462	30	HalfTowardZero	4759	0	82
sinh	462	30	Trunc	4759	0	82
sinh	462	30	ZeroFiveUp	4759	0	82
sinh	462	346	AwayFromZero	4825	0	16
sinh	462	346	Ceiling	4825	0	16
sinh	462	346	Floor	4825	0	16
sinh	462	346	HalfAwayFromZero	4825	0	16
sinh	462	346	HalfToEven	4825	0	16
sinh	462	346	HalfTowardZero	4825	0	16
sinh	462	346	Trunc	4825	0	16
sinh	462	346	ZeroFiveUp	4825	0	16
sinh	462	461	AwayFromZero	2774	0	2067
sinh	462	461	Ceiling	2774	0	2067
sinh	462	461	Floor	2774	0	2067
sinh	462	461	HalfAwayFromZero	2774	0	2067
sinh	462	461	HalfToEven	2774	0	2067
sinh	462	461	HalfTowardZero	2774	0	2067
sinh	462	461	Trunc	2774	0	2067
sinh	462	461	ZeroFiveUp	2774	0	2067
sinh	57	0	AwayFromZero	426	0	4415
sinh	57	0	Ceiling	426	0	4415
sinh	57	0	Floor	426	0	4415
sinh	57	0	HalfAwayFromZero	426	0	4415
sinh	57	0	HalfToEven	426	0	4415
sinh	57	0	HalfTowardZero	426	0	4415
sinh	57	0	Trunc	426	0	4415
sinh	57	0	ZeroFiveUp	426	0	4415
sinh	57	14	AwayFromZero	1261	0	3580
sinh	57	14	Ceiling	1261	0	3580
sinh	57	14	Floor	1261	0	3580
sinh	57	14	HalfAwayFromZero	1261	0	3580
sinh	57	14	HalfToEven	1261	0	3580
sinh	57	14	HalfTowardZero	1261	0	3580
sinh	57	14	Trunc	1261	0	3580
sinh	57	14	ZeroFiveUp	1261	0	3580
sinh	57	20	AwayFromZero	1664	0	3177
sinh	57	20	Ceiling	1664	0	3177
sinh	57	20	Floor	1664	0	3177
sinh	57	20	HalfAwayFromZero	1664	0	3177
sinh	57	20	HalfToEven	1664	0	3177
sinh	57	20	HalfTowardZero	1664	0	3177
sinh	57	20	Trunc	1664	0	3177
sinh	57	20	ZeroFiveUp	1664	0	3177
sinh	57	28	AwayFromZero	4480	0	361
sinh	57	28	Ceiling	4480	0	361
sinh	57	28	Floor	4480	0	361
sinh	57	28	HalfAwayFromZero	4480	0	361
sinh	57	28	HalfToEven	4480	0	361
sinh	57	28	HalfTowardZero	4480	0	361
sinh	57	28	Trunc	4480	0	361
sinh	57	28	ZeroFiveUp	4480	0	361
sinh	57	30	AwayFromZero	4759	0	82
sinh	57	30	Ceiling	4759	0	82
sinh	57	30	Floor	4759	0	82
sinh	57	30	HalfAwayFromZero	4759	0	82
sinh	57	30	HalfToEven	4759	0	82
sinh	57	30	HalfTowardZero	4759	0	82
sinh	57	30	Trunc	4759	0	82
sinh	57	30	ZeroFiveUp	4759	0	82
sinh	57	42	AwayFromZero	4785	0	56
sinh	57	42	Ceiling	4785	0	56
sinh	57	42	Floor	4785	0	56
sinh	57	42	HalfAwayFromZero	4785	0	56
sinh	57	42	HalfToEven	4785	0	56
sinh	57	42	HalfTowardZero	4785	0	56
sinh	57	42	Trunc	4785	0	56
sinh	57	42	ZeroFiveUp	4785	0	56
sinh	57	56	AwayFromZero	3489	0	1352
sinh	57	56	Ceiling	3489	0	1352
sinh	57	56	Floor	3489	0	1352
sinh	57	56	HalfAwayFromZero	3489	0	1352
sinh	57	56	HalfToEven	3489	0	1352
sinh	57	56	HalfTowardZero	3489	0	1352
sinh	57	56	Trunc	3489	0	1352
sinh	57	56	ZeroFiveUp	3489	0	1352
sinh	616	0	AwayFromZero	426	0	4415
sinh	616	0	Ceiling	426	0	4415
sinh	616	0	Floor	426	0	4415
sinh	616	0	HalfAwayFromZero	426	0	4415
sinh	616	0	HalfToEven	426	0	4415
sinh	616	0	HalfTowardZero	426	0	4415
sinh	616	0	Trunc	426	0	4415
sinh	616	0	ZeroFiveUp	426	0	4415
sinh	616	130	AwayFromZero	4803	0	38
sinh	616	130	Ceiling	4803	0	38
sinh	616	130	Floor	4803	0	38
sinh	616	130	HalfAwayFromZero	4803	0	38
sinh	616	130	HalfToEven	4803	0	38
sinh	616	130	HalfTowardZero	4803	0	38
sinh	616	130	Trunc	4803	0	38
sinh	616	130	ZeroFiveUp	4803	0	38
sinh	616	154	AwayFromZero	4809	0	32
sinh	616	154	Ceiling	4809	0	32
sinh	616	154	Floor	4809	0	32
sinh	616	154	HalfAwayFromZero	4809	0	32
sinh	616	154	HalfToEven	4809	0	32
sinh	616	154	HalfTowardZero	4809	0	32
sinh	616	154	Trunc	4809	0	32
sinh	616	154	ZeroFiveUp	4809	0	32
sinh	616	240	AwayFromZero	4819	0	22
sinh	616	240	Ceiling	4819	0	22
sinh	616	240	Floor	4819	0	22
sinh	616	240	HalfAwayFromZero	4819	0	22
sinh	616	240	HalfToEven	4819	0	22
sinh	616	240	HalfTowardZero	4819	0	22
sinh	616	240	Trunc	4819	0	22
sinh	616	240	ZeroFiveUp	4819	0	22
sinh	616	30	AwayFromZero	4759	0	82
sinh	616	30	Ceiling	4759	0	82
sinh	616	30	Floor	4759	0	82
sinh	616	30	HalfAwayFromZero	4759	0	82
sinh	616	30	HalfToEven	4759	0	82
sinh	616	30	HalfTowardZero	4759	0	82
sinh	616	30	Trunc	4759	0	82
sinh	616	30	ZeroFiveUp	4759	0	82
sinh	616	308	AwayFromZero	4823	0	18
sinh	616	308	Ceiling	4823	0	18
sinh	616	308	Floor	4823	0	18
sinh	616	308	HalfAwayFromZero	4823	0	18
sinh	616	308	HalfToEven	4823	0	18
sinh	616	308	HalfTowardZero	4823	0	18
sinh	616	308	Trunc	4823	0	18
sinh	616	308	ZeroFiveUp	4823	0	18
sinh	616	462	AwayFromZero	4829	0	12
sinh	616	462	Ceiling	4829	0	12
sinh	616	462	Floor	4829	0	12
sinh	616	462	HalfAwayFromZero	4829	0	12
sinh	616	462	HalfToEven	4829	0	12
sinh	616	462	HalfTowardZero	4829	0	12
sinh	616	462	Trunc	4829	0	12
sinh	616	462	ZeroFiveUp	4829	0	12
sinh	616	590	AwayFromZero	4829	0	12
sinh	616	590	Ceiling	4829	0	12
sinh	616	590	Floor	4829	0	12
sinh	616	590	HalfAwayFromZero	4829	0	12
sinh	616	590	HalfToEven	4829	0	12
sinh	616	590	HalfTowardZero	4829	0	12
sinh	616	590	Trunc	4829	0	12
sinh	616	590	ZeroFiveUp	4829	0	12
sinh	616	615	AwayFromZero	3054	0	1787
sinh	616	615	Ceiling	3054	0	1787
sinh	616	615	Floor	3054	0	1787
sinh	616	615	HalfAwayFromZero	3054	0	1787
sinh	616	615	HalfToEven	3054	0	1787
sinh	616	615	HalfTowardZero	3054	0	1787
sinh	616	615	Trunc	3054	0	1787
sinh	616	615	ZeroFiveUp	3054	0	1787
sinh	76	0	AwayFromZero	426	0	4415
sinh	76	0	Ceiling	426	0	4415
sinh	76	0	Floor	426	0	4415
sinh	76	0	HalfAwayFromZero	426	0	4415
sinh	76	0	HalfToEven	426	0	4415
sinh	76	0	HalfTowardZero	426	0	4415
sinh	76	0	Trunc	426	0	4415
sinh	76	0	ZeroFiveUp	426	0	4415
sinh	76	18	AwayFromZero	1422	0	3419
sinh	76	18	Ceiling	1422	0	3419
sinh	76	18	Floor	1422	0	3419
sinh	76	18	HalfAwayFromZero	1422	0	3419
sinh	76	18	HalfToEven	1422	0	3419
sinh	76	18	HalfTowardZero	1422	0	3419
sinh	76	18	Trunc	1422	0	3419
sinh	76	18	ZeroFiveUp	1422	0	3419
sinh	76	19	AwayFromZero	1664	0	3177
sinh	76	19	Ceiling	1664	0	3177
sinh	76	19	Floor	1664	0	3177
sinh	76	19	HalfAwayFromZero	1664	0	3177
sinh	76	19	HalfToEven	1664	0	3177
sinh	76	19	HalfTowardZero	1664	0	3177
sinh	76	19	Trunc	1664	0	3177
sinh	76	19	ZeroFiveUp	1664	0	3177
sinh	76	38	AwayFromZero	4783	0	58
sinh	76	38	Ceiling	4783	0	58
sinh	76	38	Floor	4783	0	58
sinh	76	38	HalfAwayFromZero	4783	0	58
sinh	76	38	HalfToEven	4783	0	58
sinh	76	38	HalfTowardZero	4783	0	58
sinh	76	38	Trunc	4783	0	58
sinh	76	38	ZeroFiveUp	4783	0	58
sinh	76	40	AwayFromZero	4783	0	58
sinh	76	40	Ceiling	4783	0	58
sinh	76	40	Floor	4783	0	58
sinh	76	40	HalfAwayFromZero	4783	0	58
sinh	76	40	HalfToEven	4783	0	58
sinh	76	40	HalfTowardZero	4783	0	58
sinh	76	40	Trunc	4783	0	58
sinh	76	40	ZeroFiveUp	4783	0	58
sinh	76	57	AwayFromZero	4789	0	52
sinh	76	57	Ceiling	4789	0	52
sinh	76	57	Floor	4789	0	52
sinh	76	57	HalfAwayFromZero	4789	0	52
sinh	76	57	HalfToEven	4789	0	52
sinh	76	57	HalfTowardZero	4789	0	52
sinh	76	57	Trunc	4789	0	52
sinh	76	57	ZeroFiveUp	4789	0	52
sinh	76	75	AwayFromZero	3778	0	1063
sinh	76	75	Ceiling	3778	0	1063
sinh	76	75	Floor	3778	0	1063
sinh	76	75	HalfAwayFromZero	3778	0	1063
sinh	76	75	HalfToEven	3778	0	1063
sinh	76	75	HalfTowardZero	3778	0	1063
sinh	76	75	Trunc	3778	0	1063
sinh	76	75	ZeroFiveUp	3778	0	1063
sinh	924	0	AwayFromZero	426	0	4415
sinh	924	0	Ceiling	426	0	4415
sinh	924	0	Floor	426	0	4415
sinh	924	0	HalfAwayFromZero	426	0	4415
sinh	924	0	HalfToEven	426	0	4415
sinh	924	0	HalfTowardZero	426	0	4415
sinh	924	0	Trunc	426	0	4415
sinh	924	0	ZeroFiveUp	426	0	4415
sinh	924	180	AwayFromZero	4813	0	28
sinh	924	180	Ceiling	4813	0	28
sinh	924	180	Floor	4813	0	28
sinh	924	180	HalfAwayFromZero	4813	0	28
sinh	924	180	HalfToEven	4813	0	28
sinh	924	180	HalfTowardZero	4813	0	28
sinh	924	180	Trunc	4813	0	28
sinh	924	180	ZeroFiveUp	4813	0	28
sinh	924	231	AwayFromZero	4819	0	22
sinh	924	231	Ceiling	4819	0	22
sinh	924	231	Floor	4819	0	22
sinh	924	231	HalfAwayFromZero	4819	0	22
sinh	924	231	HalfToEven	4819	0	22
sinh	924	231	HalfTowardZero	4819	0	22
sinh	924	231	Trunc	4819	0	22
sinh	924	231	ZeroFiveUp	4819	0	22
sinh	924	30	AwayFromZero	4759	0	82
sinh	924	30	Ceiling	4759	0	82
sinh	924	30	Floor	4759	0	82
sinh	924	30	HalfAwayFromZero	4759	0	82
sinh	924	30	HalfToEven	4759	0	82
sinh	924	30	HalfTowardZero	4759	0	82
sinh	924	30	Trunc	4759	0	82
sinh	924	30	ZeroFiveUp	4759	0	82
sinh	924	350	AwayFromZero	4825	0	16
sinh	924	350	Ceiling	4825	0	16
sinh	924	350	Floor	4825	0	16
sinh	924	350	HalfAwayFromZero	4825	0	16
sinh	924	350	HalfToEven	4825	0	16
sinh	924	350	HalfTowardZero	4825	0	16
sinh	924	350	Trunc	4825	0	16
sinh	924	350	ZeroFiveUp	4825	0	16
sinh	924	462	AwayFromZero	4829	0	12
sinh	924	462	Ceiling	4829	0	12
sinh	924	462	Floor	4829	0	12
sinh	924	462	HalfAwayFromZero	4829	0	12
sinh	924	462	HalfToEven	4829	0	12
sinh	924	462	HalfTowardZero	4829	0	12
sinh	924	462	Trunc	4829	0	12
sinh	924	462	ZeroFiveUp	4829	0	12
sinh	924	693	AwayFromZero	4835	0	6
sinh	924	693	Ceiling	4835	0	6
sinh	924	693	Floor	4835	0	6
sinh	924	693	HalfAwayFromZero	4835	0	6
sinh	924	693	HalfToEven	4835	0	6
sinh	924	693	HalfTowardZero	4835	0	6
sinh	924	693	Trunc	4835	0	6
sinh	924	693	ZeroFiveUp	4835	0	6
sinh	924	900	AwayFromZero	4835	0	6
sinh	924	900	Ceiling	4835	0	6
sinh	924	900	Floor	4835	0	6
sinh	924	900	HalfAwayFromZero	4835	0	6
sinh	924	900	HalfToEven	4835	0	6
sinh	924	900	HalfTowardZero	4835	0	6
sinh	924	900	Trunc	4835	0	6
sinh	924	900	ZeroFiveUp	4835	0	6
sinh	924	923	AwayFromZero	3508	0	1333
sinh	924	923	Ceiling	3508	0	1333
sinh	924	923	Floor	3508	0	1333
sinh	924	923	HalfAwayFromZero	3508	0	1333
sinh	924	923	HalfToEven	3508	0	1333
sinh	924	923	HalfTowardZero	3508	0	1333
sinh	924	923	Trunc	3508	0	1333
sinh	924	923	ZeroFiveUp	3508	0	1333
sqrt	115	0	AwayFromZero	1697	0	3902
sqrt	115	0	Ceiling	1697	0	3902
sqrt	115	0	Floor	1697	0	3902
sqrt	115	0	HalfAwayFromZero	1697	0	3902
sqrt	115	0	HalfToEven	1697	0	3902
sqrt	115	0	HalfTowardZero	1697	0	3902
sqrt	115	0	Trunc	1697	0	3902
sqrt	115	0	ZeroFiveUp	1697	0	3902
sqrt	115	114	AwayFromZero	910	0	4689
sqrt	115	114	Ceiling	910	0	4689
sqrt	115	114	Floor	910	0	4689
sqrt	115	114	HalfAwayFromZero	910	0	4689
sqrt	115	114	HalfToEven	910	0	4689
sqrt	115	114	HalfTowardZero	910	0	4689
sqrt	115	114	Trunc	910	0	4689
sqrt	115	114	ZeroFiveUp	910	0	4689
sqrt	115	28	AwayFromZero	4607	0	992
sqrt	115	28	Ceiling	4607	0	992
sqrt	115	28	Floor	4607	0	992
sqrt	115	28	HalfAwayFromZero	4607	0	992
sqrt	115	28	HalfToEven	4607	0	992
sqrt	115	28	HalfTowardZero	4607	0	992
sqrt	115	28	Trunc	4607	0	992
sqrt	115	28	ZeroFiveUp	4607	0	992
sqrt	115	50	AwayFromZero	4497	0	1102
sqrt	115	50	Ceiling	4497	0	1102
sqrt	115	50	Floor	4497	0	1102
sqrt	115	50	HalfAwayFromZero	4497	0	1102
sqrt	115	50	HalfToEven	4497	0	1102
sqrt	115	50	HalfTowardZero	4497	0	1102
sqrt	115	50	Trunc	4497	0	1102
sqrt	115	50	ZeroFiveUp	4497	0	1102
sqrt	115	57	AwayFromZero	4499	0	1100
sqrt	115	57	Ceiling	4499	0	1100
sqrt	115	57	Floor	4499	0	1100
sqrt	115	57	HalfAwayFromZero	4499	0	1100
sqrt	115	57	HalfToEven	4499	0	1100
sqrt	115	57	HalfTowardZero	4499	0	1100
sqrt	115	57	Trunc	4499	0	1100
sqrt	115	57	ZeroFiveUp	4499	0	1100
sqrt	115	86	AwayFromZero	4065	0	1534
sqrt	115	86	Ceiling	4065	0	1534
sqrt	115	86	Floor	4065	0	1534
sqrt	115	86	HalfAwayFromZero	4065	0	1534
sqrt	115	86	HalfToEven	4065	0	1534
sqrt	115	86	HalfTowardZero	4065	0	1534
sqrt	115	86	Trunc	4065	0	1534
sqrt	115	86	ZeroFiveUp	4065	0	1534
sqrt	1232	0	AwayFromZero	2442	0	3157
sqrt	1232	0	Ceiling	2442	0	3157
sqrt	1232	0	Floor	2442	0	3157
sqrt	1232	0	HalfAwayFromZero	2442	0	3157
sqrt	1232	0	HalfToEven	2442	0	3157
sqrt	1232	0	HalfTowardZero	2442	0	3157
sqrt	1232	0	Trunc	2442	0	3157
sqrt	1232	0	ZeroFiveUp	2442	0	3157
sqrt	1232	1200	AwayFromZero	4084	0	1515
sqrt	1232	1200	Ceiling	4084	0	1515
sqrt	1232	1200	Floor	4084	0	1515
sqrt	1232	1200	HalfAwayFromZero	4084	0	1515
sqrt	1232	1200	HalfToEven	4084	0	1515
sqrt	1232	1200	HalfTowardZero	4084	0	1515
sqrt	1232	1200	Trunc	4084	0	1515
sqrt	1232	1200	ZeroFiveUp	4084	0	1515
sqrt	1232	1231	AwayFromZero	930	0	4669
sqrt	1232	1231	Ceiling	930	0	4669
sqrt	1232	1231	Floor	930	0	4669
sqrt	1232	1231	HalfAwayFromZero	930	0	4669
sqrt	1232	1231	HalfToEven	930	0	4669
sqrt	1232	1231	HalfTowardZero	930	0	4669
sqrt	1232	1231	Trunc	930	0	4669
sqrt	1232	1231	ZeroFiveUp	930	0	4669
sqrt	1232	250	AwayFromZero	5552	0	47
sqrt	1232	250	Ceiling	5552	0	47
sqrt	1232	250	Floor	5552	0	47
sqrt	1232	250	HalfAwayFromZero	5552	0	47
sqrt	1232	250	HalfToEven	5552	0	47
sqrt	1232	250	HalfTowardZero	5552	0	47
sqrt	1232	250	Trunc	5552	0	47
sqrt	1232	250	ZeroFiveUp	5552	0	47
sqrt	1232	30	AwayFromZero	5535	0	64
sqrt	1232	30	Ceiling	5535	0	64
sqrt	1232	30	Floor	5535	0	64
sqrt	1232	30	HalfAwayFromZero	5535	0	64
sqrt	1232	30	HalfToEven	5535	0	64
sqrt	1232	30	HalfTowardZero	5535	0	64
sqrt	1232	30	Trunc	5535	0	64
sqrt	1232	30	ZeroFiveUp	5535	0	64
sqrt	1232	308	AwayFromZero	5554	0	45
sqrt	1232	308	Ceiling	5554	0	45
sqrt	1232	308	Floor	5554	0	45
sqrt	1232	308	HalfAwayFromZero	5554	0	45
sqrt	1232	308	HalfToEven	5554	0	45
sqrt	1232	308	HalfTowardZero	5554	0	45
sqrt	1232	308	Trunc	5554	0	45
sqrt	1232	308	ZeroFiveUp	5554	0	45
sqrt	1232	470	AwayFromZero	5487	0	112
sqrt	1232	470	Ceiling	5487	0	112
sqrt	1232	470	Floor	5487	0	112
sqrt	1232	470	HalfAwayFromZero	5487	0	112
sqrt	1232	470	HalfToEven	5487	0	112
sqrt	1232	470	HalfTowardZero	5487	0	112
sqrt	1232	470	Trunc	5487	0	112
sqrt	1232	470	ZeroFiveUp	5487	0	112
sqrt	1232	616	AwayFromZero	5453	0	146
sqrt	1232	616	Ceiling	5453	0	146
sqrt	1232	616	Floor	5453	0	146
sqrt	1232	616	HalfAwayFromZero	5453	0	146
sqrt	1232	616	HalfToEven	5453	0	146
sqrt	1232	616	HalfTowardZero	5453	0	146
sqrt	1232	616	Trunc	5453	0	146
sqrt	1232	616	ZeroFiveUp	5453	0	146
sqrt	1232	924	AwayFromZero	5246	0	353
sqrt	1232	924	Ceiling	5246	0	353
sqrt	1232	924	Floor	5246	0	353
sqrt	1232	924	HalfAwayFromZero	5246	0	353
sqrt	1232	924	HalfToEven	5246	0	353
sqrt	1232	924	HalfTowardZero	5246	0	353
sqrt	1232	924	Trunc	5246	0	353
sqrt	1232	924	ZeroFiveUp	5246	0	353
sqrt	153	0	AwayFromZero	1808	0	3791
sqrt	153	0	Ceiling	1808	0	3791
sqrt	153	0	Floor	1808	0	3791
sqrt	153	0	HalfAwayFromZero	1808	0	3791
sqrt	153	0	HalfToEven	1808	0	3791
sqrt	153	0	HalfTowardZero	1808	0	3791
sqrt	153	0	Trunc	1808	0	3791
sqrt	153	0	ZeroFiveUp	1808	0	3791
sqrt	153	114	AwayFromZero	4237	0	1362
sqrt	153	114	Ceiling	4237	0	1362
sqrt	153	114	Floor	4237	0	1362
sqrt	153	114	HalfAwayFromZero	4237	0	1362
sqrt	153	114	HalfToEven	4237	0	1362
sqrt	153	114	HalfTowardZero	4237	0	1362
sqrt	153	114	Trunc	4237	0	1362
sqrt	153	114	ZeroFiveUp	4237	0	1362
sqrt	153	152	AwayFromZero	914	0	4685
sqrt	153	152	Ceiling	914	0	4685
sqrt	153	152	Floor	914	0	4685
sqrt	153	152	HalfAwayFromZero	914	0	4685
sqrt	153	152	HalfToEven	914	0	4685
sqrt	153	152	HalfTowardZero	914	0	4685
sqrt	153	152	Trunc	914	0	4685
sqrt	153	152	ZeroFiveUp	914	0	4685
sqrt	153	38	AwayFromZero	4828	0	771
sqrt	153	38	Ceiling	4828	0	771
sqrt	153	38	Floor	4828	0	771
sqrt	153	38	HalfAwayFromZero	4828	0	771
sqrt	153	38	HalfToEven	4828	0	771
sqrt	153	38	HalfTowardZero	4828	0	771
sqrt	153	38	Trunc	4828	0	771
sqrt	153	38	ZeroFiveUp	4828	0	771
sqrt	153	76	AwayFromZero	4632	0	967
sqrt	153	76	Ceiling	4632	0	967
sqrt	153	76	Floor	4632	0	967
sqrt	153	76	HalfAwayFromZero	4632	0	967
sqrt	153	76	HalfToEven	4632	0	967
sqrt	153	76	HalfTowardZero	4632	0	967
sqrt	153	76	Trunc	4632	0	967
sqrt	153	76	ZeroFiveUp	4632	0	967
sqrt	18	0	AwayFromZero	757	0	4842
sqrt	18	0	Ceiling	757	0	4842
sqrt	18	0	Floor	757	0	4842
sqrt	18	0	HalfAwayFromZero	757	0	4842
sqrt	18	0	HalfToEven	757	0	4842
sqrt	18	0	HalfTowardZero	757	0	4842
sqrt	18	0	Trunc	757	0	4842
sqrt	18	0	ZeroFiveUp	757	0	4842
sqrt	18	13	AwayFromZero	1042	0	4557
sqrt	18	13	Ceiling	1042	0	4557
sqrt	18	13	Floor	1042	0	4557
sqrt	18	13	HalfAwayFromZero	1042	0	4557
sqrt	18	13	HalfToEven	1042	0	4557
sqrt	18	13	HalfTowardZero	1042	0	4557
sqrt	18	13	Trunc	1042	0	4557
sqrt	18	13	ZeroFiveUp	1042	0	4557
sqrt	18	17	AwayFromZero	173	0	5426
sqrt	18	17	Ceiling	173	0	5426
sqrt	18	17	Floor	173	0	5426
sqrt	18	17	HalfAwayFromZero	173	0	5426
sqrt	18	17	HalfToEven	173	0	5426
sqrt	18	17	HalfTowardZero	173	0	5426
sqrt	18	17	Trunc	173	0	5426
sqrt	18	17	ZeroFiveUp	173	0	5426
sqrt	18	3	AwayFromZero	700	0	4899
sqrt	18	3	Ceiling	700	0	4899
sqrt	18	3	Floor	700	0	4899
sqrt	18	3	HalfAwayFromZero	700	0	4899
sqrt	18	3	HalfToEven	700	0	4899
sqrt	18	3	HalfTowardZero	700	0	4899
sqrt	18	3	Trunc	700	0	4899
sqrt	18	3	ZeroFiveUp	700	0	4899
sqrt	18	4	AwayFromZero	857	0	4742
sqrt	18	4	Ceiling	857	0	4742
sqrt	18	4	Floor	857	0	4742
sqrt	18	4	HalfAwayFromZero	857	0	4742
sqrt	18	4	HalfToEven	857	0	4742
sqrt	18	4	HalfTowardZero	857	0	4742
sqrt	18	4	Trunc	857	0	4742
sqrt	18	4	ZeroFiveUp	857	0	4742
sqrt	18	9	AwayFromZero	1036	0	4563
sqrt	18	9	Ceiling	1036	0	4563
sqrt	18	9	Floor	1036	0	4563
sqrt	18	9	HalfAwayFromZero	1036	0	4563
sqrt	18	9	HalfToEven	1036	0	4563
sqrt	18	9	HalfTowardZero	1036	0	4563
sqrt	18	9	Trunc	1036	0	4563
sqrt	18	9	ZeroFiveUp	1036	0	4563
sqrt	230	0	AwayFromZero	1984	0	3615
sqrt	230	0	Ceiling	1984	0	3615
sqrt	230	0	Floor	1984	0	3615
sqrt	230	0	HalfAwayFromZero	1984	0	3615
sqrt	230	0	HalfToEven	1984	0	3615
sqrt	230	0	HalfTowardZero	1984	0	3615
sqrt	230	0	Trunc	1984	0	3615
sqrt	230	0	ZeroFiveUp	1984	0	3615
sqrt	230	115	AwayFromZero	4836	0	763
sqrt	230	115	Ceiling	4836	0	763
sqrt	230	115	Floor	4836	0	763
sqrt	230	115	HalfAwayFromZero	4836	0	763
sqrt	230	115	HalfToEven	4836	0	763
sqrt	230	115	HalfTowardZero	4836	0	763
sqrt	230	115	Trunc	4836	0	763
sqrt	230	115	ZeroFiveUp	4836	0	763
sqrt	230	172	AwayFromZero	4508	0	1091
sqrt	230	172	Ceiling	4508	0	1091
sqrt	230	172	Floor	4508	0	1091
sqrt	230	172	HalfAwayFromZero	4508	0	1091
sqrt	230	172	HalfToEven	4508	0	1091
sqrt	230	172	HalfTowardZero	4508	0	1091
sqrt	230	172	Trunc	4508	0	1091
sqrt	230	172	ZeroFiveUp	4508	0	1091
sqrt	230	229	AwayFromZero	918	0	4681
sqrt	230	229	Ceiling	918	0	4681
sqrt	230	229	Floor	918	0	4681
sqrt	230	229	HalfAwayFromZero	918	0	4681
sqrt	230	229	HalfToEven	918	0	4681
sqrt	230	229	HalfTowardZero	918	0	4681
sqrt	230	229	Trunc	918	0	4681
sqrt	230	229	ZeroFiveUp	918	0	4681
sqrt	230	30	AwayFromZero	4973	0	626
sqrt	230	30	Ceiling	4973	0	626
sqrt	230	30	Floor	4973	0	626
sqrt	230	30	HalfAwayFromZero	4973	0	626
sqrt	230	30	HalfToEven	4973	0	626
sqrt	230	30	HalfTowardZero	4973	0	626
sqrt	230	30	Trunc	4973	0	626
sqrt	230	30	ZeroFiveUp	4973	0	626
sqrt	230	57	AwayFromZero	4978	0	621
sqrt	230	57	Ceiling	4978	0	621
sqrt	230	57	Floor	4978	0	621
sqrt	230	57	HalfAwayFromZero	4978	0	621
sqrt	230	57	HalfToEven	4978	0	621
sqrt	230	57	HalfTowardZero	4978	0	621
sqrt	230	57	Trunc	4978	0	621
sqrt	230	57	ZeroFiveUp	4978	0	621
sqrt	307	0	AwayFromZero	2090	0	3509
sqrt	307	0	Ceiling	2090	0	3509
sqrt	307	0	Floor	2090	0	3509
sqrt	307	0	HalfAwayFromZero	2090	0	3509
sqrt	307	0	HalfToEven	2090	0	3509
sqrt	307	0	HalfTowardZero	2090	0	3509
sqrt	307	0	Trunc	2090	0	3509
sqrt	307	0	ZeroFiveUp	2090	0	3509
sqrt	307	120	AwayFromZero	4983	0	616
sqrt	307	120	Ceiling	4983	0	616
sqrt	307	120	Floor	4983	0	616
sqrt	307	120	HalfAwayFromZero	4983	0	616
sqrt	307	120	HalfToEven	4983	0	616
sqrt	307	120	HalfTowardZero	4983	0	616
sqrt	307	120	Trunc	4983	0	616
sqrt	307	120	ZeroFiveUp	4983	0	616
sqrt	307	153	AwayFromZero	4949	0	650
sqrt	307	153	Ceiling	4949	0	650
sqrt	307	153	Floor	4949	0	650
sqrt	307	153	HalfAwayFromZero	4949	0	650
sqrt	307	153	HalfToEven	4949	0	650
sqrt	307	153	HalfTowardZero	4949	0	650
sqrt	307	153	Trunc	4949	0	650
sqrt	307	153	ZeroFiveUp	4949	0	650
sqrt	307	230	AwayFromZero	4641	0	958
sqrt	307	230	Ceiling	4641	0	958
sqrt	307	230	Floor	4641	0	958
sqrt	307	230	HalfAwayFromZero	4641	0	958
sqrt	307	230	HalfToEven	4641	0	958
sqrt	307	230	HalfTowardZero	4641	0	958
sqrt	307	230	Trunc	4641	0	958
sqrt	307	230	ZeroFiveUp	4641	0	958
sqrt	307	290	AwayFromZero	3876	0	1723
sqrt	307	290	Ceiling	3876	0	1723
sqrt	307	290	Floor	3876	0	1723
sqrt	307	290	HalfAwayFromZero	3876	0	1723
sqrt	307	290	HalfToEven	3876	0	1723
sqrt	307	290	HalfTowardZero	3876	0	1723
sqrt	307	290	Trunc	3876	0	1723
sqrt	307	290	ZeroFiveUp	3876	0	1723
sqrt	307	30	AwayFromZero	5113	0	486
sqrt	307	30	Ceiling	5113	0	486
sqrt	307	30	Floor	5113	0	486
sqrt	307	30	HalfAwayFromZero	5113	0	486
sqrt	307	30	HalfToEven	5113	0	486
sqrt	307	30	HalfTowardZero	5113	0	486
sqrt	307	30	Trunc	5113	0	486
sqrt	307	30	ZeroFiveUp	5113	0	486
sqrt	307	306	AwayFromZero	923	0	4676
sqrt	307	306	Ceiling	923	0	4676
sqrt	307	306	Floor	923	0	4676
sqrt	307	306	HalfAwayFromZero	923	0	4676
sqrt	307	306	HalfToEven	923	0	4676
sqrt	307	306	HalfTowardZero	923	0	4676
sqrt	307	306	Trunc	923	0	4676
sqrt	307	306	ZeroFiveUp	923	0	4676
sqrt	307	50	AwayFromZero	5116	0	483
sqrt	307	50	Ceiling	5116	0	483
sqrt	307	50	Floor	5116	0	483
sqrt	307	50	HalfAwayFromZero	5116	0	483
sqrt	307	50	HalfToEven	5116	0	483
sqrt	307	50	HalfTowardZero	5116	0	483
sqrt	307	50	Trunc	5116	0	483
sqrt	307	50	ZeroFiveUp	5116	0	483
sqrt	307	70	AwayFromZero	5118	0	481
sqrt	307	70	Ceiling	5118	0	481
sqrt	307	70	Floor	5118	0	481
sqrt	307	70	HalfAwayFromZero	5118	0	481
sqrt	307	70	HalfToEven	5118	0	481
sqrt	307	70	HalfTowardZero	5118	0	481
sqrt	307	70	Trunc	5118	0	481
sqrt	307	70	ZeroFiveUp	5118	0	481
sqrt	307	76	AwayFromZero	5120	0	479
sqrt	307	76	Ceiling	5120	0	479
sqrt	307	76	Floor	5120	0	479
sqrt	307	76	HalfAwayFromZero	5120	0	479
sqrt	307	76	HalfToEven	5120	0	479
sqrt	307	76	HalfTowardZero	5120	0	479
sqrt	307	76	Trunc	5120	0	479
sqrt	307	76	ZeroFiveUp	5120	0	479
sqrt	38	0	AwayFromZero	1099	0	4500
sqrt	38	0	Ceiling	1099	0	4500
sqrt	38	0	Floor	1099	0	4500
sqrt	38	0	HalfAwayFromZero	1099	0	4500
sqrt	38	0	HalfToEven	1099	0	4500
sqrt	38	0	HalfTowardZero	1099	0	4500
sqrt	38	0	Trunc	1099	0	4500
sqrt	38	0	ZeroFiveUp	1099	0	4500
sqrt	38	10	AwayFromZero	1512	0	4087
sqrt	38	10	Ceiling	1512	0	4087
sqrt	38	10	Floor	1512	0	4087
sqrt	38	10	HalfAwayFromZero	1512	0	4087
sqrt	38	10	HalfToEven	1512	0	4087
sqrt	38	10	HalfTowardZero	1512	0	4087
sqrt	38	10	Trunc	1512	0	4087
sqrt	38	10	ZeroFiveUp	1512	0	4087
sqrt	38	12	AwayFromZero	1357	0	4242
sqrt	38	12	Ceiling	1357	0	4242
sqrt	38	12	Floor	1357	0	4242
sqrt	38	12	HalfAwayFromZero	1357	0	4242
sqrt	38	12	HalfToEven	1357	0	4242
sqrt	38	12	HalfTowardZero	1357	0	4242
sqrt	38	12	Trunc	1357	0	4242
sqrt	38	12	ZeroFiveUp	1357	0	4242
sqrt	38	17	AwayFromZero	1761	0	3838
sqrt	38	17	Ceiling	1761	0	3838
sqrt	38	17	Floor	1761	0	3838
sqrt	38	17	HalfAwayFromZero	1761	0	3838
sqrt	38	17	HalfToEven	1761	0	3838
sqrt	38	17	HalfTowardZero	1761	0	3838
sqrt	38	17	Trunc	1761	0	3838
sqrt	38	17	ZeroFiveUp	1761	0	3838
sqrt	38	18	AwayFromZero	1785	0	3814
sqrt	38	18	Ceiling	1785	0	3814
sqrt	38	18	Floor	1785	0	3814
sqrt	38	18	HalfAwayFromZero	1785	0	3814
sqrt	38	18	HalfToEven	1785	0	3814
sqrt	38	18	HalfTowardZero	1785	0	3814
sqrt	38	18	Trunc	1785	0	3814
sqrt	38	18	ZeroFiveUp	1785	0	3814
sqrt	38	19	AwayFromZero	1974	0	3625
sqrt	38	19	Ceiling	1974	0	3625
sqrt	38	19	Floor	1974	0	3625
sqrt	38	19	HalfAwayFromZero	1974	0	3625
sqrt	38	19	HalfToEven	1974	0	3625
sqrt	38	19	HalfTowardZero	1974	0	3625
sqrt	38	19	Trunc	1974	0	3625
sqrt	38	19	ZeroFiveUp	1974	0	3625
sqrt	38	2	AwayFromZero	974	0	4625
sqrt	38	2	Ceiling	974	0	4625
sqrt	38	2	Floor	974	0	4625
sqrt	38	2	HalfAwayFromZero	974	0	4625
sqrt	38	2	HalfToEven	974	0	4625
sqrt	38	2	HalfTowardZero	974	0	4625
sqrt	38	2	Trunc	974	0	4625
sqrt	38	2	ZeroFiveUp	974	0	4625
sqrt	38	28	AwayFromZero	3439	0	2160
sqrt	38	28	Ceiling	3439	0	2160
sqrt	38	28	Floor	3439	0	2160
sqrt	38	28	HalfAwayFromZero	3439	0	2160
sqrt	38	28	HalfToEven	3439	0	2160
sqrt	38	28	HalfTowardZero	3439	0	2160
sqrt	38	28	Trunc	3439	0	2160
sqrt	38	28	ZeroFiveUp	3439	0	2160
sqrt	38	37	AwayFromZero	902	0	4697
sqrt	38	37	Ceiling	902	0	4697
sqrt	38	37	Floor	902	0	4697
sqrt	38	37	HalfAwayFromZero	902	0	4697
sqrt	38	37	HalfToEven	902	0	4697
sqrt	38	37	HalfTowardZero	902	0	4697
sqrt	38	37	Trunc	902	0	4697
sqrt	38	37	ZeroFiveUp	902	0	4697
sqrt	38	6	AwayFromZero	1130	0	4469
sqrt	38	6	Ceiling	1130	0	4469
sqrt	38	6	Floor	1130	0	4469
sqrt	38	6	HalfAwayFromZero	1130	0	4469
sqrt	38	6	HalfToEven	1130	0	4469
sqrt	38	6	HalfTowardZero	1130	0	4469
sqrt	38	6	Trunc	1130	0	4469
sqrt	38	6	ZeroFiveUp	1130	0	4469
sqrt	38	9	AwayFromZero	1409	0	4190
sqrt	38	9	Ceiling	1409	0	4190
sqrt	38	9	Floor	1409	0	4190
sqrt	38	9	HalfAwayFromZero	1409	0	4190
sqrt	38	9	HalfToEven	1409	0	4190
sqrt	38	9	HalfTowardZero	1409	0	4190
sqrt	38	9	Trunc	1409	0	4190
sqrt	38	9	ZeroFiveUp	1409	0	4190
sqrt	462	0	AwayFromZero	2230	0	3369
sqrt	462	0	Ceiling	2230	0	3369
sqrt	462	0	Floor	2230	0	3369
sqrt	462	0	HalfAwayFromZero	2230	0	3369
sqrt	462	0	HalfToEven	2230	0	3369
sqrt	462	0	HalfTowardZero	2230	0	3369
sqrt	462	0	Trunc	2230	0	3369
sqrt	462	0	ZeroFiveUp	2230	0	3369
sqrt	462	100	AwayFromZero	5263	0	336
sqrt	462	100	Ceiling	5263	0	336
sqrt	462	100	Floor	5263	0	336
sqrt	462	100	HalfAwayFromZero	5263	0	336
sqrt	462	100	HalfToEven	5263	0	336
sqrt	462	100	HalfTowardZero	5263	0	336
sqrt	462	100	Trunc	5263	0	336
sqrt	462	100	ZeroFiveUp	5263	0	336
sqrt	462	115	AwayFromZero	5265	0	334
sqrt	462	115	Ceiling	5265	0	334
sqrt	462	115	Floor	5265	0	334
sqrt	462	115	HalfAwayFromZero	5265	0	334
sqrt	462	115	HalfToEven	5265	0	334
sqrt	462	115	HalfTowardZero	5265	0	334
sqrt	462	115	Trunc	5265	0	334
sqrt	462	115	ZeroFiveUp	5265	0	334
sqrt	462	180	AwayFromZero	5127	0	472
sqrt	462	180	Ceiling	5127	0	472
sqrt	462	180	Floor	5127	0	472
sqrt	462	180	HalfAwayFromZero	5127	0	472
sqrt	462	180	HalfToEven	5127	0	472
sqrt	462	180	HalfTowardZero	5127	0	472
sqrt	462	180	Trunc	5127	0	472
sqrt	462	180	ZeroFiveUp	5127	0	472
sqrt	462	231	AwayFromZero	5130	0	469
sqrt	462	231	Ceiling	5130	0	469
sqrt	462	231	Floor	5130	0	469
sqrt	462	231	HalfAwayFromZero	5130	0	469
sqrt	462	231	HalfToEven	5130	0	469
sqrt	462	231	HalfTowardZero	5130	0	469
sqrt	462	231	Trunc	5130	0	469
sqrt	462	231	ZeroFiveUp	5130	0	469
sqrt	462	30	AwayFromZero	5255	0	344
sqrt	462	30	Ceiling	5255	0	344
sqrt	462	30	Floor	5255	0	344
sqrt	462	30	HalfAwayFromZero	5255	0	344
sqrt	462	30	HalfToEven	5255	0	344
sqrt	462	30	HalfTowardZero	5255	0	344
sqrt	462	30	Trunc	5255	0	344
sqrt	462	30	ZeroFiveUp	5255	0	344
sqrt	462	346	AwayFromZero	4846	0	753
sqrt	462	346	Ceiling	4846	0	753
sqrt	462	346	Floor	4846	0	753
sqrt	462	346	HalfAwayFromZero	4846	0	753
sqrt	462	346	HalfToEven	4846	0	753
sqrt	462	346	HalfTowardZero	4846	0	753
sqrt	462	346	Trunc	4846	0	753
sqrt	462	346	ZeroFiveUp	4846	0	753
sqrt	462	461	AwayFromZero	908	0	4691
sqrt	462	461	Ceiling	908	0	4691
sqrt	462	461	Floor	908	0	4691
sqrt	462	461	HalfAwayFromZero	908	0	4691
sqrt	462	461	HalfToEven	908	0	4691
sqrt	462	461	HalfTowardZero	908	0	4691
sqrt	462	461	Trunc	908	0	4691
sqrt	462	461	ZeroFiveUp	908	0	4691
sqrt	57	0	AwayFromZero	1365	0	4234
sqrt	57	0	Ceiling	1365	0	4234
sqrt	57	0	Floor	1365	0	4234
sqrt	57	0	HalfAwayFromZero	1365	0	4234
sqrt	57	0	HalfToEven	1365	0	4234
sqrt	57	0	HalfTowardZero	1365	0	4234
sqrt	57	0	Trunc	1365	0	4234
sqrt	57	0	ZeroFiveUp	1365	0	4234
sqrt	57	14	AwayFromZero	2043	0	3556
sqrt	57	14	Ceiling	2043	0	3556
sqrt	57	14	Floor	2043	0	3556
sqrt	57	14	HalfAwayFromZero	2043	0	3556
sqrt	57	14	HalfToEven	2043	0	3556
sqrt	57	14	HalfTowardZero	2043	0	3556
sqrt	57	14	Trunc	2043	0	3556
sqrt	57	14	ZeroFiveUp	2043	0	3556
sqrt	57	20	AwayFromZero	2317	0	3282
sqrt	57	20	Ceiling	2317	0	3282
sqrt	57	20	Floor	2317	0	3282
sqrt	57	20	HalfAwayFromZero	2317	0	3282
sqrt	57	20	HalfToEven	2317	0	3282
sqrt	57	20	HalfTowardZero	2317	0	3282
sqrt	57	20	Trunc	2317	0	3282
sqrt	57	20	ZeroFiveUp	2317	0	3282
sqrt	57	28	AwayFromZero	3993	0	1606
sqrt	57	28	Ceiling	3993	0	1606
sqrt	57	28	Floor	3993	0	1606
sqrt	57	28	HalfAwayFromZero	3993	0	1606
sqrt	57	28	HalfToEven	3993	0	1606
sqrt	57	28	HalfTowardZero	3993	0	1606
sqrt	57	28	Trunc	3993	0	1606
sqrt	57	28	ZeroFiveUp	3993	0	1606
sqrt	57	30	AwayFromZero	3922	0	1677
sqrt	57	30	Ceiling	3922	0	1677
sqrt	57	30	Floor	3922	0	1677
sqrt	57	30	HalfAwayFromZero	3922	0	1677
sqrt	57	30	HalfToEven	3922	0	1677
sqrt	57	30	HalfTowardZero	3922	0	1677
sqrt	57	30	Trunc	3922	0	1677
sqrt	57	30	ZeroFiveUp	3922	0	1677
sqrt	57	42	AwayFromZero	3661	0	1938
sqrt	57	42	Ceiling	3661	0	1938
sqrt	57	42	Floor	3661	0	1938
sqrt	57	42	HalfAwayFromZero	3661	0	1938
sqrt	57	42	HalfToEven	3661	0	1938
sqrt	57	42	HalfTowardZero	3661	0	1938
sqrt	57	42	Trunc	3661	0	1938
sqrt	57	42	ZeroFiveUp	3661	0	1938
sqrt	57	56	AwayFromZero	905	0	4694
sqrt	57	56	Ceiling	905	0	4694
sqrt	57	56	Floor	905	0	4694
sqrt	57	56	HalfAwayFromZero	905	0	4694
sqrt	57	56	HalfToEven	905	0	4694
sqrt	57	56	HalfTowardZero	905	0	4694
sqrt	57	56	Trunc	905	0	4694
sqrt	57	56	ZeroFiveUp	905	0	4694
sqrt	616	0	AwayFromZero	2300	0	3299
sqrt	616	0	Ceiling	2300	0	3299
sqrt	616	0	Floor	2300	0	3299
sqrt	616	0	HalfAwayFromZero	2300	0	3299
sqrt	616	0	HalfToEven	2300	0	3299
sqrt	616	0	HalfTowardZero	2300	0	3299
sqrt	616	0	Trunc	2300	0	3299
sqrt	616	0	ZeroFiveUp	2300	0	3299
sqrt	616	130	AwayFromZero	5369	0	230
sqrt	616	130	Ceiling	5369	0	230
sqrt	616	130	Floor	5369	0	230
sqrt	616	130	HalfAwayFromZero	5369	0	230
sqrt	616	130	HalfToEven	5369	0	230
sqrt	616	130	HalfTowardZero	5369	0	230
sqrt	616	130	Trunc	5369	0	230
sqrt	616	130	ZeroFiveUp	5369	0	230
sqrt	616	154	AwayFromZero	5372	0	227
sqrt	616	154	Ceiling	5372	0	227
sqrt	616	154	Floor	5372	0	227
sqrt	616	154	HalfAwayFromZero	5372	0	227
sqrt	616	154	HalfToEven	5372	0	227
sqrt	616	154	HalfTowardZero	5372	0	227
sqrt	616	154	Trunc	5372	0	227
sqrt	616	154	ZeroFiveUp	5372	0	227
sqrt	616	240	AwayFromZero	5272	0	327
sqrt	616	240	Ceiling	5272	0	327
sqrt	616	240	Floor	5272	0	327
sqrt	616	240	HalfAwayFromZero	5272	0	327
sqrt	616	240	HalfToEven	5272	0	327
sqrt	616	240	HalfTowardZero	5272	0	327
sqrt	616	240	Trunc	5272	0	327
sqrt	616	240	ZeroFiveUp	5272	0	327
sqrt	616	30	AwayFromZero	5359	0	240
sqrt	616	30	Ceiling	5359	0	240
sqrt	616	30	Floor	5359	0	240
sqrt	616	30	HalfAwayFromZero	5359	0	240
sqrt	616	30	HalfToEven	5359	0	240
sqrt	616	30	HalfTowardZero	5359	0	240
sqrt	616	30	Trunc	5359	0	240
sqrt	616	30	ZeroFiveUp	5359	0	240
sqrt	616	308	AwayFromZero	5238	0	361
sqrt	616	308	Ceiling	5238	0	361
sqrt	616	308	Floor	5238	0	361
sqrt	616	308	HalfAwayFromZero	5238	0	361
sqrt	616	308	HalfToEven	5238	0	361
sqrt	616	308	HalfTowardZero	5238	0	361
sqrt	616	308	Trunc	5238	0	361
sqrt	616	308	ZeroFiveUp	5238	0	361
sqrt	616	462	AwayFromZero	4959	0	640
sqrt	616	462	Ceiling	4959	0	640
sqrt	616	462	Floor	4959	0	640
sqrt	616	462	HalfAwayFromZero	4959	0	640
sqrt	616	462	HalfToEven	4959	0	640
sqrt	616	462	HalfTowardZero	4959	0	640
sqrt	616	462	Trunc	4959	0	640
sqrt	616	462	ZeroFiveUp	4959	0	640
sqrt	616	590	AwayFromZero	3897	0	1702
sqrt	616	590	Ceiling	3897	0	1702
sqrt	616	590	Floor	3897	0	1702
sqrt	616	590	HalfAwayFromZero	3897	0	1702
sqrt	616	590	HalfToEven	3897	0	1702
sqrt	616	590	HalfTowardZero	3897	0	1702
sqrt	616	590	Trunc	3897	0	1702
sqrt	616	590	ZeroFiveUp	3897	0	1702
sqrt	616	615	AwayFromZero	923	0	4676
sqrt	616	615	Ceiling	923	0	4676
sqrt	616	615	Floor	923	0	4676
sqrt	616	615	HalfAwayFromZero	923	0	4676
sqrt	616	615	HalfToEven	923	0	4676
sqrt	616	615	HalfTowardZero	923	0	4676
sqrt	616	615	Trunc	923	0	4676
sqrt	616	615	ZeroFiveUp	923	0	4676
sqrt	76	0	AwayFromZero	1496	0	4103
sqrt	76	0	Ceiling	1496	0	4103
sqrt	76	0	Floor	1496	0	4103
sqrt	76	0	HalfAwayFromZero	1496	0	4103
sqrt	76	0	HalfToEven	1496	0	4103
sqrt	76	0	HalfTowardZero	1496	0	4103
sqrt	76	0	Trunc	1496	0	4103
sqrt	76	0	ZeroFiveUp	1496	0	4103
sqrt	76	18	AwayFromZero	2406	0	3193
sqrt	76	18	Ceiling	2406	0	3193
sqrt	76	18	Floor	2406	0	3193
sqrt	76	18	HalfAwayFromZero	2406	0	3193
sqrt	76	18	HalfToEven	2406	0	3193
sqrt	76	18	HalfTowardZero	2406	0	3193
sqrt	76	18	Trunc	2406	0	3193
sqrt	76	18	ZeroFiveUp	2406	0	3193
sqrt	76	19	AwayFromZero	2595	0	3004
sqrt	76	19	Ceiling	2595	0	3004
sqrt	76	19	Floor	2595	0	3004
sqrt	76	19	HalfAwayFromZero	2595	0	3004
sqrt	76	19	HalfToEven	2595	0	3004
sqrt	76	19	HalfTowardZero	2595	0	3004
sqrt	76	19	Trunc	2595	0	3004
sqrt	76	19	ZeroFiveUp	2595	0	3004
sqrt	76	38	AwayFromZero	4230	0	1369
sqrt	76	38	Ceiling	4230	0	1369
sqrt	76	38	Floor	4230	0	1369
sqrt	76	38	HalfAwayFromZero	4230	0	1369
sqrt	76	38	HalfToEven	4230	0	1369
sqrt	76	38	HalfTowardZero	4230	0	1369
sqrt	76	38	Trunc	4230	0	1369
sqrt	76	38	ZeroFiveUp	4230	0	1369
sqrt	76	40	AwayFromZero	4138	0	1461
sqrt	76	40	Ceiling	4138	0	1461
sqrt	76	40	Floor	4138	0	1461
sqrt	76	40	HalfAwayFromZero	4138	0	1461
sqrt	76	40	HalfToEven	4138	0	1461
sqrt	76	40	HalfTowardZero	4138	0	1461
sqrt	76	40	Trunc	4138	0	1461
sqrt	76	40	ZeroFiveUp	4138	0	1461
sqrt	76	57	AwayFromZero	3878	0	1721
sqrt	76	57	Ceiling	3878	0	1721
sqrt	76	57	Floor	3878	0	1721
sqrt	76	57	HalfAwayFromZero	3878	0	1721
sqrt	76	57	HalfToEven	3878	0	1721
sqrt	76	57	HalfTowardZero	3878	0	1721
sqrt	76	57	Trunc	3878	0	1721
sqrt	76	57	ZeroFiveUp	3878	0	1721
sqrt	76	75	AwayFromZero	908	0	4691
sqrt	76	75	Ceiling	908	0	4691
sqrt	76	75	Floor	908	0	4691
sqrt	76	75	HalfAwayFromZero	908	0	4691
sqrt	76	75	HalfToEven	908	0	4691
sqrt	76	75	HalfTowardZero	908	0	4691
sqrt	76	75	Trunc	908	0	4691
sqrt	76	75	ZeroFiveUp	908	0	4691
sqrt	924	0	AwayFromZero	2406	0	3193
sqrt	924	0	Ceiling	2406	0	3193
sqrt	924	0	Floor	2406	0	3193
sqrt	924	0	HalfAwayFromZero	2406	0	3193
sqrt	924	0	HalfToEven	2406	0	3193
sqrt	924	0	HalfTowardZero	2406	0	3193
sqrt	924	0	Trunc	2406	0	3193
sqrt	924	0	ZeroFiveUp	2406	0	3193
sqrt	924	180	AwayFromZero	5479	0	120
sqrt	924	180	Ceiling	5479	0	120
sqrt	924	180	Floor	5479	0	120
sqrt	924	180	HalfAwayFromZero	5479	0	120
sqrt	924	180	HalfToEven	5479	0	120
sqrt	924	180	HalfTowardZero	5479	0	120
sqrt	924	180	Trunc	5479	0	120
sqrt	924	180	ZeroFiveUp	5479	0	120
sqrt	924	231	AwayFromZero	5482	0	117
sqrt	924	231	Ceiling	5482	0	117
sqrt	924	231	Floor	5482	0	117
sqrt	924	231	HalfAwayFromZero	5482	0	117
sqrt	924	231	HalfToEven	5482	0	117
sqrt	924	231	HalfTowardZero	5482	0	117
sqrt	924	231	Trunc	5482	0	117
sqrt	924	231	ZeroFiveUp	5482	0	117
sqrt	924	30	AwayFromZero	5465	0	134
sqrt	924	30	Ceiling	5465	0	134
sqrt	924	30	Floor	5465	0	134
sqrt	924	30	HalfAwayFromZero	5465	0	134
sqrt	924	30	HalfToEven	5465	0	134
sqrt	924	30	HalfTowardZero	5465	0	134
sqrt	924	30	Trunc	5465	0	134
sqrt	924	30	ZeroFiveUp	5465	0	134
sqrt	924	350	AwayFromZero	5379	0	220
sqrt	924	350	Ceiling	5379	0	220
sqrt	924	350	Floor	5379	0	220
sqrt	924	350	HalfAwayFromZero	5379	0	220
sqrt	924	350	HalfToEven	5379	0	220
sqrt	924	350	HalfTowardZero	5379	0	220
sqrt	924	350	Trunc	5379	0	220
sqrt	924	350	ZeroFiveUp	5379	0	220
sqrt	924	462	AwayFromZero	5381	0	218
sqrt	924	462	Ceiling	5381	0	218
sqrt	924	462	Floor	5381	0	218
sqrt	924	462	HalfAwayFromZero	5381	0	218
sqrt	924	462	HalfToEven	5381	0	218
sqrt	924	462	HalfTowardZero	5381	0	218
sqrt	924	462	Trunc	5381	0	218
sqrt	924	462	ZeroFiveUp	5381	0	218
sqrt	924	693	AwayFromZero	5138	0	461
sqrt	924	693	Ceiling	5138	0	461
sqrt	924	693	Floor	5138	0	461
sqrt	924	693	HalfAwayFromZero	5138	0	461
sqrt	924	693	HalfToEven	5138	0	461
sqrt	924	693	HalfTowardZero	5138	0	461
sqrt	924	693	Trunc	5138	0	461
sqrt	924	693	ZeroFiveUp	5138	0	461
sqrt	924	900	AwayFromZero	3898	0	1701
sqrt	924	900	Ceiling	3898	0	1701
sqrt	924	900	Floor	3898	0	1701
sqrt	924	900	HalfAwayFromZero	3898	0	1701
sqrt	924	900	HalfToEven	3898	0	1701
sqrt	924	900	HalfTowardZero	3898	0	1701
sqrt	924	900	Trunc	3898	0	1701
sqrt	924	900	ZeroFiveUp	3898	0	1701
sqrt	924	923	AwayFromZero	927	0	4672
sqrt	924	923	Ceiling	927	0	4672
sqrt	924	923	Floor	927	0	4672
sqrt	924	923	HalfAwayFromZero	927	0	4672
sqrt	924	923	HalfToEven	927	0	4672
sqrt	924	923	HalfTowardZero	927	0	4672
sqrt	924	923	Trunc	927	0	4672
sqrt	924	923	ZeroFiveUp	927	0	4672
sub	115	0	AwayFromZero	24	0	56
sub	115	0	Ceiling	24	0	56
sub	115	0	Floor	24	0	56
sub	115	0	HalfAwayFromZero	24	0	56
sub	115	0	HalfToEven	24	0	56
sub	115	0	HalfTowardZero	24	0	56
sub	115	0	Trunc	24	0	56
sub	115	0	ZeroFiveUp	24	0	56
sub	115	114	AwayFromZero	18	0	62
sub	115	114	Ceiling	18	0	62
sub	115	114	Floor	18	0	62
sub	115	114	HalfAwayFromZero	18	0	62
sub	115	114	HalfToEven	18	0	62
sub	115	114	HalfTowardZero	18	0	62
sub	115	114	Trunc	18	0	62
sub	115	114	ZeroFiveUp	18	0	62
sub	115	28	AwayFromZero	55	0	25
sub	115	28	Ceiling	55	0	25
sub	115	28	Floor	55	0	25
sub	115	28	HalfAwayFromZero	55	0	25
sub	115	28	HalfToEven	55	0	25
sub	115	28	HalfTowardZero	55	0	25
sub	115	28	Trunc	55	0	25
sub	115	28	ZeroFiveUp	55	0	25
sub	115	50	AwayFromZero	51	0	29
sub	115	50	Ceiling	51	0	29
sub	115	50	Floor	51	0	29
sub	115	50	HalfAwayFromZero	51	0	29
sub	115	50	HalfToEven	51	0	29
sub	115	50	HalfTowardZero	51	0	29
sub	115	50	Trunc	51	0	29
sub	115	50	ZeroFiveUp	51	0	29
sub	115	57	AwayFromZero	50	0	30
sub	115	57	Ceiling	50	0	30
sub	115	57	Floor	50	0	30
sub	115	57	HalfAwayFromZero	50	0	30
sub	115	57	HalfToEven	50	0	30
sub	115	57	HalfTowardZero	50	0	30
sub	115	57	Trunc	50	0	30
sub	115	57	ZeroFiveUp	50	0	30
sub	115	86	AwayFromZero	43	0	37
sub	115	86	Ceiling	43	0	37
sub	115	86	Floor	43	0	37
sub	115	86	HalfAwayFromZero	43	0	37
sub	115	86	HalfToEven	43	0	37
sub	115	86	HalfTowardZero	43	0	37
sub	115	86	Trunc	43	0	37
sub	115	86	ZeroFiveUp	43	0	37
sub	1232	0	AwayFromZero	48	0	32
sub	1232	0	Ceiling	48	0	32
sub	1232	0	Floor	48	0	32
sub	1232	0	HalfAwayFromZero	48	0	32
sub	1232	0	HalfToEven	48	0	32
sub	1232	0	HalfTowardZero	48	0	32
sub	1232	0	Trunc	48	0	32
sub	1232	0	ZeroFiveUp	48	0	32
sub	1232	1200	AwayFromZero	43	0	37
sub	1232	1200	Ceiling	43	0	37
sub	1232	1200	Floor	43	0	37
sub	1232	1200	HalfAwayFromZero	43	0	37
sub	1232	1200	HalfToEven	43	0	37
sub	1232	1200	HalfTowardZero	43	0	37
sub	1232	1200	Trunc	43	0	37
sub	1232	1200	ZeroFiveUp	43	0	37
sub	1232	1231	AwayFromZero	24	0	56
sub	1232	1231	Ceiling	24	0	56
sub	1232	1231	Floor	24	0	56
sub	1232	1231	HalfAwayFromZero	24	0	56
sub	1232	1231	HalfToEven	24	0	56
sub	1232	1231	HalfTowardZero	24	0	56
sub	1232	1231	Trunc	24	0	56
sub	1232	1231	ZeroFiveUp	24	0	56
sub	1232	250	AwayFromZero	79	0	1
sub	1232	250	Ceiling	79	0	1
sub	1232	250	Floor	79	0	1
sub	1232	250	HalfAwayFromZero	79	0	1
sub	1232	250	HalfToEven	79	0	1
sub	1232	250	HalfTowardZero	79	0	1
sub	1232	250	Trunc	79	0	1
sub	1232	250	ZeroFiveUp	79	0	1
sub	1232	30	AwayFromZero	79	0	1
sub	1232	30	Ceiling	79	0	1
sub	1232	30	Floor	79	0	1
sub	1232	30	HalfAwayFromZero	79	0	1
sub	1232	30	HalfToEven	79	0	1
sub	1232	30	HalfTowardZero	79	0	1
sub	1232	30	Trunc	79	0	1
sub	1232	30	ZeroFiveUp	79	0	1
sub	1232	308	AwayFromZero	79	0	1
sub	1232	308	Ceiling	79	0	1
sub	1232	308	Floor	79	0	1
sub	1232	308	HalfAwayFromZero	79	0	1
sub	1232	308	HalfToEven	79	0	1
sub	1232	308	HalfTowardZero	79	0	1
sub	1232	308	Trunc	79	0	1
sub	1232	308	ZeroFiveUp	79	0	1
sub	1232	470	AwayFromZero	77	0	3
sub	1232	470	Ceiling	77	0	3
sub	1232	470	Floor	77	0	3
sub	1232	470	HalfAwayFromZero	77	0	3
sub	1232	470	HalfToEven	77	0	3
sub	1232	470	HalfTowardZero	77	0	3
sub	1232	470	Trunc	77	0	3
sub	1232	470	ZeroFiveUp	77	0	3
sub	1232	616	AwayFromZero	76	0	4
sub	1232	616	Ceiling	76	0	4
sub	1232	616	Floor	76	0	4
sub	1232	616	HalfAwayFromZero	76	0	4
sub	1232	616	HalfToEven	76	0	4
sub	1232	616	HalfTowardZero	76	0	4
sub	1232	616	Trunc	76	0	4
sub	1232	616	ZeroFiveUp	76	0	4
sub	1232	924	AwayFromZero	70	0	10
sub	1232	924	Ceiling	70	0	10
sub	1232	924	Floor	70	0	10
sub	1232	924	HalfAwayFromZero	70	0	10
sub	1232	924	HalfToEven	70	0	10
sub	1232	924	HalfTowardZero	70	0	10
sub	1232	924	Trunc	70	0	10
sub	1232	924	ZeroFiveUp	70	0	10
sub	153	0	AwayFromZero	28	0	52
sub	153	0	Ceiling	28	0	52
sub	153	0	Floor	28	0	52
sub	153	0	HalfAwayFromZero	28	0	52
sub	153	0	HalfToEven	28	0	52
sub	153	0	HalfTowardZero	28	0	52
sub	153	0	Trunc	28	0	52
sub	153	0	ZeroFiveUp	28	0	52
sub	153	114	AwayFromZero	46	0	34
sub	153	114	Ceiling	46	0	34
sub	153	114	Floor	46	0	34
sub	153	114	HalfAwayFromZero	46	0	34
sub	153	114	HalfToEven	46	0	34
sub	153	114	HalfTowardZero	46	0	34
sub	153	114	Trunc	46	0	34
sub	153	114	ZeroFiveUp	46	0	34
sub	153	152	AwayFromZero	24	0	56
sub	153	152	Ceiling	24	0	56
sub	153	152	Floor	24	0	56
sub	153	152	HalfAwayFromZero	24	0	56
sub	153	152	HalfToEven	24	0	56
sub	153	152	HalfTowardZero	24	0	56
sub	153	152	Trunc	24	0	56
sub	153	152	ZeroFiveUp	24	0	56
sub	153	38	AwayFromZero	59	0	21
sub	153	38	Ceiling	59	0	21
sub	153	38	Floor	59	0	21
sub	153	38	HalfAwayFromZero	59	0	21
sub	153	38	HalfToEven	59	0	21
sub	153	38	HalfTowardZero	59	0	21
sub	153	38	Trunc	59	0	21
sub	153	38	ZeroFiveUp	59	0	21
sub	153	76	AwayFromZero	54	0	26
sub	153	76	Ceiling	54	0	26
sub	153	76	Floor	54	0	26
sub	153	76	HalfAwayFromZero	54	0	26
sub	153	76	HalfToEven	54	0	26
sub	153	76	HalfTowardZero	54	0	26
sub	153	76	Trunc	54	0	26
sub	153	76	ZeroFiveUp	54	0	26
sub	18	0	AwayFromZero	8	0	72
sub	18	0	Ceiling	8	0	72
sub	18	0	Floor	8	0	72
sub	18	0	HalfAwayFromZero	8	0	72
sub	18	0	HalfToEven	8	0	72
sub	18	0	HalfTowardZero	8	0	72
sub	18	0	Trunc	8	0	72
sub	18	0	ZeroFiveUp	8	0	72
sub	18	13	AwayFromZero	14	0	66
sub	18	13	Ceiling	14	0	66
sub	18	13	Floor	14	0	66
sub	18	13	HalfAwayFromZero	14	0	66
sub	18	13	HalfToEven	14	0	66
sub	18	13	HalfTowardZero	14	0	66
sub	18	13	Trunc	14	0	66
sub	18	13	ZeroFiveUp	14	0	66
sub	18	17	AwayFromZero	11	0	69
sub	18	17	Ceiling	11	0	69
sub	18	17	Floor	11	0	69
sub	18	17	HalfAwayFromZero	11	0	69
sub	18	17	HalfToEven	11	0	69
sub	18	17	HalfTowardZero	11	0	69
sub	18	17	Trunc	11	0	69
sub	18	17	ZeroFiveUp	11	0	69
sub	18	3	AwayFromZero	7	0	73
sub	18	3	Ceiling	7	0	73
sub	18	3	Floor	7	0	73
sub	18	3	HalfAwayFromZero	7	0	73
sub	18	3	HalfToEven	7	0	73
sub	18	3	HalfTowardZero	7	0	73
sub	18	3	Trunc	7	0	73
sub	18	3	ZeroFiveUp	7	0	73
sub	18	4	AwayFromZero	10	0	70
sub	18	4	Ceiling	10	0	70
sub	18	4	Floor	10	0	70
sub	18	4	HalfAwayFromZero	10	0	70
sub	18	4	HalfToEven	10	0	70
sub	18	4	HalfTowardZero	10	0	70
sub	18	4	Trunc	10	0	70
sub	18	4	ZeroFiveUp	10	0	70
sub	18	9	AwayFromZero	12	0	68
sub	18	9	Ceiling	12	0	68
sub	18	9	Floor	12	0	68
sub	18	9	HalfAwayFromZero	12	0	68
sub	18	9	HalfToEven	12	0	68
sub	18	9	HalfTowardZero	12	0	68
sub	18	9	Trunc	12	0	68
sub	18	9	ZeroFiveUp	12	0	68
sub	230	0	AwayFromZero	33	0	47
sub	230	0	Ceiling	33	0	47
sub	230	0	Floor	33	0	47
sub	230	0	HalfAwayFromZero	33	0	47
sub	230	0	HalfToEven	33	0	47
sub	230	0	HalfTowardZero	33	0	47
sub	230	0	Trunc	33	0	47
sub	230	0	ZeroFiveUp	33	0	47
sub	230	115	AwayFromZero	59	0	21
sub	230	115	Ceiling	59	0	21
sub	230	115	Floor	59	0	21
sub	230	115	HalfAwayFromZero	59	0	21
sub	230	115	HalfToEven	59	0	21
sub	230	115	HalfTowardZero	59	0	21
sub	230	115	Trunc	59	0	21
sub	230	115	ZeroFiveUp	59	0	21
sub	230	172	AwayFromZero	51	0	29
sub	230	172	Ceiling	51	0	29
sub	230	172	Floor	51	0	29
sub	230	172	HalfAwayFromZero	51	0	29
sub	230	172	HalfToEven	51	0	29
sub	230	172	HalfTowardZero	51	0	29
sub	230	172	Trunc	51	0	29
sub	230	172	ZeroFiveUp	51	0	29
sub	230	229	AwayFromZero	24	0	56
sub	230	229	Ceiling	24	0	56
sub	230	229	Floor	24	0	56
sub	230	229	HalfAwayFromZero	24	0	56
sub	230	229	HalfToEven	24	0	56
sub	230	229	HalfTowardZero	24	0	56
sub	230	229	Trunc	24	0	56
sub	230	229	ZeroFiveUp	24	0	56
sub	230	30	AwayFromZero	63	0	17
sub	230	30	Ceiling	63	0	17
sub	230	30	Floor	63	0	17
sub	230	30	HalfAwayFromZero	63	0	17
sub	230	30	HalfToEven	63	0	17
sub	230	30	HalfTowardZero	63	0	17
sub	230	30	Trunc	63	0	17
sub	230	30	ZeroFiveUp	63	0	17
sub	230	57	AwayFromZero	63	0	17
sub	230	57	Ceiling	63	0	17
sub	230	57	Floor	63	0	17
sub	230	57	HalfAwayFromZero	63	0	17
sub	230	57	HalfToEven	63	0	17
sub	230	57	HalfTowardZero	63	0	17
sub	230	57	Trunc	63	0	17
sub	230	57	ZeroFiveUp	63	0	17
sub	307	0	AwayFromZero	37	0	43
sub	307	0	Ceiling	37	0	43
sub	307	0	Floor	37	0	43
sub	307	0	HalfAwayFromZero	37	0	43
sub	307	0	HalfToEven	37	0	43
sub	307	0	HalfTowardZero	37	0	43
sub	307	0	Trunc	37	0	43
sub	307	0	ZeroFiveUp	37	0	43
sub	307	120	AwayFromZero	63	0	17
sub	307	120	Ceiling	63	0	17
sub	307	120	Floor	63	0	17
sub	307	120	HalfAwayFromZero	63	0	17
sub	307	120	HalfToEven	63	0	17
sub	307	120	HalfTowardZero	63	0	17
sub	307	120	Trunc	63	0	17
sub	307	120	ZeroFiveUp	63	0	17
sub	307	153	AwayFromZero	62	0	18
sub	307	153	Ceiling	62	0	18
sub	307	153	Floor	62	0	18
sub	307	153	HalfAwayFromZero	62	0	18
sub	307	153	HalfToEven	62	0	18
sub	307	153	HalfTowardZero	62	0	18
sub	307	153	Trunc	62	0	18
sub	307	153	ZeroFiveUp	62	0	18
sub	307	230	AwayFromZero	54	0	26
sub	307	230	Ceiling	54	0	26
sub	307	230	Floor	54	0	26
sub	307	230	HalfAwayFromZero	54	0	26
sub	307	230	HalfToEven	54	0	26
sub	307	230	HalfTowardZero	54	0	26
sub	307	230	Trunc	54	0	26
sub	307	230	ZeroFiveUp	54	0	26
sub	307	290	AwayFromZero	37	0	43
sub	307	290	Ceiling	37	0	43
sub	307	290	Floor	37	0	43
sub	307	290	HalfAwayFromZero	37	0	43
sub	307	290	HalfToEven	37	0	43
sub	307	290	HalfTowardZero	37	0	43
sub	307	290	Trunc	37	0	43
sub	307	290	ZeroFiveUp	37	0	43
sub	307	30	AwayFromZero	67	0	13
sub	307	30	Ceiling	67	0	13
sub	307	30	Floor	67	0	13
sub	307	30	HalfAwayFromZero	67	0	13
sub	307	30	HalfToEven	67	0	13
sub	307	30	HalfTowardZero	67	0	13
sub	307	30	Trunc	67	0	13
sub	307	30	ZeroFiveUp	67	0	13
sub	307	306	AwayFromZero	24	0	56
sub	307	306	Ceiling	24	0	56
sub	307	306	Floor	24	0	56
sub	307	306	HalfAwayFromZero	24	0	56
sub	307	306	HalfToEven	24	0	56
sub	307	306	HalfTowardZero	24	0	56
sub	307	306	Trunc	24	0	56
sub	307	306	ZeroFiveUp	24	0	56
sub	307	50	AwayFromZero	67	0	13
sub	307	50	Ceiling	67	0	13
sub	307	50	Floor	67	0	13
sub	307	50	HalfAwayFromZero	67	0	13
sub	307	50	HalfToEven	67	0	13
sub	307	50	HalfTowardZero	67	0	13
sub	307	50	Trunc	67	0	13
sub	307	50	ZeroFiveUp	67	0	13
sub	307	70	AwayFromZero	67	0	13
sub	307	70	Ceiling	67	0	13
sub	307	70	Floor	67	0	13
sub	307	70	HalfAwayFromZero	67	0	13
sub	307	70	HalfToEven	67	0	13
sub	307	70	HalfTowardZero	67	0	13
sub	307	70	Trunc	67	0	13
sub	307	70	ZeroFiveUp	67	0	13
sub	307	76	AwayFromZero	67	0	13
sub	307	76	Ceiling	67	0	13
sub	307	76	Floor	67	0	13
sub	307	76	HalfAwayFromZero	67	0	13
sub	307	76	HalfToEven	67	0	13
sub	307	76	HalfTowardZero	67	0	13
sub	307	76	Trunc	67	0	13
sub	307	76	ZeroFiveUp	67	0	13
sub	38	0	AwayFromZero	12	0	68
sub	38	0	Ceiling	12	0	68
sub	38	0	Floor	12	0	68
sub	38	0	HalfAwayFromZero	12	0	68
sub	38	0	HalfToEven	12	0	68
sub	38	0	HalfTowardZero	12	0	68
sub	38	0	Trunc	12	0	68
sub	38	0	ZeroFiveUp	12	0	68
sub	38	10	AwayFromZero	16	0	64
sub	38	10	Ceiling	16	0	64
sub	38	10	Floor	16	0	64
sub	38	10	HalfAwayFromZero	16	0	64
sub	38	10	HalfToEven	16	0	64
sub	38	10	HalfTowardZero	16	0	64
sub	38	10	Trunc	16	0	64
sub	38	10	ZeroFiveUp	16	0	64
sub	38	12	AwayFromZero	16	0	64
sub	38	12	Ceiling	16	0	64
sub	38	12	Floor	16	0	64
sub	38	12	HalfAwayFromZero	16	0	64
sub	38	12	HalfToEven	16	0	64
sub	38	12	HalfTowardZero	16	0	64
sub	38	12	Trunc	16	0	64
sub	38	12	ZeroFiveUp	16	0	64
sub	38	17	AwayFromZero	24	0	56
sub	38	17	Ceiling	24	0	56
sub	38	17	Floor	24	0	56
sub	38	17	HalfAwayFromZero	24	0	56
sub	38	17	HalfToEven	24	0	56
sub	38	17	HalfTowardZero	24	0	56
sub	38	17	Trunc	24	0	56
sub	38	17	ZeroFiveUp	24	0	56
sub	38	18	AwayFromZero	25	0	55
sub	38	18	Ceiling	25	0	55
sub	38	18	Floor	25	0	55
sub	38	18	HalfAwayFromZero	25	0	55
sub	38	18	HalfToEven	25	0	55
sub	38	18	HalfTowardZero	25	0	55
sub	38	18	Trunc	25	0	55
sub	38	18	ZeroFiveUp	25	0	55
sub	38	19	AwayFromZero	26	0	54
sub	38	19	Ceiling	26	0	54
sub	38	19	Floor	26	0	54
sub	38	19	HalfAwayFromZero	26	0	54
sub	38	19	HalfToEven	26	0	54
sub	38	19	HalfTowardZero	26	0	54
sub	38	19	Trunc	26	0	54
sub	38	19	ZeroFiveUp	26	0	54
sub	38	2	AwayFromZero	11	0	69
sub	38	2	Ceiling	11	0	69
sub	38	2	Floor	11	0	69
sub	38	2	HalfAwayFromZero	11	0	69
sub	38	2	HalfToEven	11	0	69
sub	38	2	HalfTowardZero	11	0	69
sub	38	2	Trunc	11	0	69
sub	38	2	ZeroFiveUp	11	0	69
sub	38	28	AwayFromZero	35	0	45
sub	38	28	Ceiling	35	0	45
sub	38	28	Floor	35	0	45
sub	38	28	HalfAwayFromZero	35	0	45
sub	38	28	HalfToEven	35	0	45
sub	38	28	HalfTowardZero	35	0	45
sub	38	28	Trunc	35	0	45
sub	38	28	ZeroFiveUp	35	0	45
sub	38	37	AwayFromZero	18	0	62
sub	38	37	Ceiling	18	0	62
sub	38	37	Floor	18	0	62
sub	38	37	HalfAwayFromZero	18	0	62
sub	38	37	HalfToEven	18	0	62
sub	38	37	HalfTowardZero	18	0	62
sub	38	37	Trunc	18	0	62
sub	38	37	ZeroFiveUp	18	0	62
sub	38	6	AwayFromZero	14	0	66
sub	38	6	Ceiling	14	0	66
sub	38	6	Floor	14	0	66
sub	38	6	HalfAwayFromZero	14	0	66
sub	38	6	HalfToEven	14	0	66
sub	38	6	HalfTowardZero	14	0	66
sub	38	6	Trunc	14	0	66
sub	38	6	ZeroFiveUp	14	0	66
sub	38	9	AwayFromZero	19	0	61
sub	38	9	Ceiling	19	0	61
sub	38	9	Floor	19	0	61
sub	38	9	HalfAwayFromZero	19	0	61
sub	38	9	HalfToEven	19	0	61
sub	38	9	HalfTowardZero	19	0	61
sub	38	9	Trunc	19	0	61
sub	38	9	ZeroFiveUp	19	0	61
sub	462	0	AwayFromZero	41	0	39
sub	462	0	Ceiling	41	0	39
sub	462	0	Floor	41	0	39
sub	462	0	HalfAwayFromZero	41	0	39
sub	462	0	HalfToEven	41	0	39
sub	462	0	HalfTowardZero	41	0	39
sub	462	0	Trunc	41	0	39
sub	462	0	ZeroFiveUp	41	0	39
sub	462	100	AwayFromZero	71	0	9
sub	462	100	Ceiling	71	0	9
sub	462	100	Floor	71	0	9
sub	462	100	HalfAwayFromZero	71	0	9
sub	462	100	HalfToEven	71	0	9
sub	462	100	HalfTowardZero	71	0	9
sub	462	100	Trunc	71	0	9
sub	462	100	ZeroFiveUp	71	0	9
sub	462	115	AwayFromZero	71	0	9
sub	462	115	Ceiling	71	0	9
sub	462	115	Floor	71	0	9
sub	462	115	HalfAwayFromZero	71	0	9
sub	462	115	HalfToEven	71	0	9
sub	462	115	HalfTowardZero	71	0	9
sub	462	115	Trunc	71	0	9
sub	462	115	ZeroFiveUp	71	0	9
sub	462	180	AwayFromZero	67	0	13
sub	462	180	Ceiling	67	0	13
sub	462	180	Floor	67	0	13
sub	462	180	HalfAwayFromZero	67	0	13
sub	462	180	HalfToEven	67	0	13
sub	462	180	HalfTowardZero	67	0	13
sub	462	180	Trunc	67	0	13
sub	462	180	ZeroFiveUp	67	0	13
sub	462	231	AwayFromZero	65	0	15
sub	462	231	Ceiling	65	0	15
sub	462	231	Floor	65	0	15
sub	462	231	HalfAwayFromZero	65	0	15
sub	462	231	HalfToEven	65	0	15
sub	462	231	HalfTowardZero	65	0	15
sub	462	231	Trunc	65	0	15
sub	462	231	ZeroFiveUp	65	0	15
sub	462	30	AwayFromZero	71	0	9
sub	462	30	Ceiling	71	0	9
sub	462	30	Floor	71	0	9
sub	462	30	HalfAwayFromZero	71	0	9
sub	462	30	HalfToEven	71	0	9
sub	462	30	HalfTowardZero	71	0	9
sub	462	30	Trunc	71	0	9
sub	462	30	ZeroFiveUp	71	0	9
sub	462	346	AwayFromZero	59	0	21
sub	462	346	Ceiling	59	0	21
sub	462	346	Floor	59	0	21
sub	462	346	HalfAwayFromZero	59	0	21
sub	462	346	HalfToEven	59	0	21
sub	462	346	HalfTowardZero	59	0	21
sub	462	346	Trunc	59	0	21
sub	462	346	ZeroFiveUp	59	0	21
sub	462	461	AwayFromZero	16	0	64
sub	462	461	Ceiling	16	0	64
sub	462	461	Floor	16	0	64
sub	462	461	HalfAwayFromZero	16	0	64
sub	462	461	HalfToEven	16	0	64
sub	462	461	HalfTowardZero	16	0	64
sub	462	461	Trunc	16	0	64
sub	462	461	ZeroFiveUp	16	0	64
sub	57	0	AwayFromZero	17	0	63
sub	57	0	Ceiling	17	0	63
sub	57	0	Floor	17	0	63
sub	57	0	HalfAwayFromZero	17	0	63
sub	57	0	HalfToEven	17	0	63
sub	57	0	HalfTowardZero	17	0	63
sub	57	0	Trunc	17	0	63
sub	57	0	ZeroFiveUp	17	0	63
sub	57	14	AwayFromZero	29	0	51
sub	57	14	Ceiling	29	0	51
sub	57	14	Floor	29	0	51
sub	57	14	HalfAwayFromZero	29	0	51
sub	57	14	HalfToEven	29	0	51
sub	57	14	HalfTowardZero	29	0	51
sub	57	14	Trunc	29	0	51
sub	57	14	ZeroFiveUp	29	0	51
sub	57	20	AwayFromZero	30	0	50
sub	57	20	Ceiling	30	0	50
sub	57	20	Floor	30	0	50
sub	57	20	HalfAwayFromZero	30	0	50
sub	57	20	HalfToEven	30	0	50
sub	57	20	HalfTowardZero	30	0	50
sub	57	20	Trunc	30	0	50
sub	57	20	ZeroFiveUp	30	0	50
sub	57	28	AwayFromZero	43	0	37
sub	57	28	Ceiling	43	0	37
sub	57	28	Floor	43	0	37
sub	57	28	HalfAwayFromZero	43	0	37
sub	57	28	HalfToEven	43	0	37
sub	57	28	HalfTowardZero	43	0	37
sub	57	28	Trunc	43	0	37
sub	57	28	ZeroFiveUp	43	0	37
sub	57	30	AwayFromZero	40	0	40
sub	57	30	Ceiling	40	0	40
sub	57	30	Floor	40	0	40
sub	57	30	HalfAwayFromZero	40	0	40
sub	57	30	HalfToEven	40	0	40
sub	57	30	HalfTowardZero	40	0	40
sub	57	30	Trunc	40	0	40
sub	57	30	ZeroFiveUp	40	0	40
sub	57	42	AwayFromZero	37	0	43
sub	57	42	Ceiling	37	0	43
sub	57	42	Floor	37	0	43
sub	57	42	HalfAwayFromZero	37	0	43
sub	57	42	HalfToEven	37	0	43
sub	57	42	HalfTowardZero	37	0	43
sub	57	42	Trunc	37	0	43
sub	57	42	ZeroFiveUp	37	0	43
sub	57	56	AwayFromZero	20	0	60
sub	57	56	Ceiling	20	0	60
sub	57	56	Floor	20	0	60
sub	57	56	HalfAwayFromZero	20	0	60
sub	57	56	HalfToEven	20	0	60
sub	57	56	HalfTowardZero	20	0	60
sub	57	56	Trunc	20	0	60
sub	57	56	ZeroFiveUp	20	0	60
sub	616	0	AwayFromZero	43	0	37
sub	616	0	Ceiling	43	0	37
sub	616	0	Floor	43	0	37
sub	616	0	HalfAwayFromZero	43	0	37
sub	616	0	HalfToEven	43	0	37
sub	616	0	HalfTowardZero	43	0	37
sub	616	0	Trunc	43	0	37
sub	616	0	ZeroFiveUp	43	0	37
sub	616	130	AwayFromZero	74	0	6
sub	616	130	Ceiling	74	0	6
sub	616	130	Floor	74	0	6
sub	616	130	HalfAwayFromZero	74	0	6
sub	616	130	HalfToEven	74	0	6
sub	616	130	HalfTowardZero	74	0	6
sub	616	130	Trunc	74	0	6
sub	616	130	ZeroFiveUp	74	0	6
sub	616	154	AwayFromZero	74	0	6
sub	616	154	Ceiling	74	0	6
sub	616	154	Floor	74	0	6
sub	616	154	HalfAwayFromZero	74	0	6
sub	616	154	HalfToEven	74	0	6
sub	616	154	HalfTowardZero	74	0	6
sub	616	154	Trunc	74	0	6
sub	616	154	ZeroFiveUp	74	0	6
sub	616	240	AwayFromZero	71	0	9
sub	616	240	Ceiling	71	0	9
sub	616	240	Floor	71	0	9
sub	616	240	HalfAwayFromZero	71	0	9
sub	616	240	HalfToEven	71	0	9
sub	616	240	HalfTowardZero	71	0	9
sub	616	240	Trunc	71	0	9
sub	616	240	ZeroFiveUp	71	0	9
sub	616	30	AwayFromZero	74	0	6
sub	616	30	Ceiling	74	0	6
sub	616	30	Floor	74	0	6
sub	616	30	HalfAwayFromZero	74	0	6
sub	616	30	HalfToEven	74	0	6
sub	616	30	HalfTowardZero	74	0	6
sub	616	30	Trunc	74	0	6
sub	616	30	ZeroFiveUp	74	0	6
sub	616	308	AwayFromZero	69	0	11
sub	616	308	Ceiling	69	0	11
sub	616	308	Floor	69	0	11
sub	616	308	HalfAwayFromZero	69	0	11
sub	616	308	HalfToEven	69	0	11
sub	616	308	HalfTowardZero	69	0	11
sub	616	308	Trunc	69	0	11
sub	616	308	ZeroFiveUp	69	0	11
sub	616	462	AwayFromZero	61	0	19
sub	616	462	Ceiling	61	0	19
sub	616	462	Floor	61	0	19
sub	616	462	HalfAwayFromZero	61	0	19
sub	616	462	HalfToEven	61	0	19
sub	616	462	HalfTowardZero	61	0	19
sub	616	462	Trunc	61	0	19
sub	616	462	ZeroFiveUp	61	0	19
sub	616	590	AwayFromZero	40	0	40
sub	616	590	Ceiling	40	0	40
sub	616	590	Floor	40	0	40
sub	616	590	HalfAwayFromZero	40	0	40
sub	616	590	HalfToEven	40	0	40
sub	616	590	HalfTowardZero	40	0	40
sub	616	590	Trunc	40	0	40
sub	616	590	ZeroFiveUp	40	0	40
sub	616	615	AwayFromZero	18	0	62
sub	616	615	Ceiling	18	0	62
sub	616	615	Floor	18	0	62
sub	616	615	HalfAwayFromZero	18	0	62
sub	616	615	HalfToEven	18	0	62
sub	616	615	HalfTowardZero	18	0	62
sub	616	615	Trunc	18	0	62
sub	616	615	ZeroFiveUp	18	0	62
sub	76	0	AwayFromZero	20	0	60
sub	76	0	Ceiling	20	0	60
sub	76	0	Floor	20	0	60
sub	76	0	HalfAwayFromZero	20	0	60
sub	76	0	HalfToEven	20	0	60
sub	76	0	HalfTowardZero	20	0	60
sub	76	0	Trunc	20	0	60
sub	76	0	ZeroFiveUp	20	0	60
sub	76	18	AwayFromZero	36	0	44
sub	76	18	Ceiling	36	0	44
sub	76	18	Floor	36	0	44
sub	76	18	HalfAwayFromZero	36	0	44
sub	76	18	HalfToEven	36	0	44
sub	76	18	HalfTowardZero	36	0	44
sub	76	18	Trunc	36	0	44
sub	76	18	ZeroFiveUp	36	0	44
sub	76	19	AwayFromZero	36	0	44
sub	76	19	Ceiling	36	0	44
sub	76	19	Floor	36	0	44
sub	76	19	HalfAwayFromZero	36	0	44
sub	76	19	HalfToEven	36	0	44
sub	76	19	HalfTowardZero	36	0	44
sub	76	19	Trunc	36	0	44
sub	76	19	ZeroFiveUp	36	0	44
sub	76	38	AwayFromZero	45	0	35
sub	76	38	Ceiling	45	0	35
sub	76	38	Floor	45	0	35
sub	76	38	HalfAwayFromZero	45	0	35
sub	76	38	HalfToEven	45	0	35
sub	76	38	HalfTowardZero	45	0	35
sub	76	38	Trunc	45	0	35
sub	76	38	ZeroFiveUp	45	0	35
sub	76	40	AwayFromZero	43	0	37
sub	76	40	Ceiling	43	0	37
sub	76	40	Floor	43	0	37
sub	76	40	HalfAwayFromZero	43	0	37
sub	76	40	HalfToEven	43	0	37
sub	76	40	HalfTowardZero	43	0	37
sub	76	40	Trunc	43	0	37
sub	76	40	ZeroFiveUp	43	0	37
sub	76	57	AwayFromZero	40	0	40
sub	76	57	Ceiling	40	0	40
sub	76	57	Floor	40	0	40
sub	76	57	HalfAwayFromZero	40	0	40
sub	76	57	HalfToEven	40	0	40
sub	76	57	HalfTowardZero	40	0	40
sub	76	57	Trunc	40	0	40
sub	76	57	ZeroFiveUp	40	0	40
sub	76	75	AwayFromZero	24	0	56
sub	76	75	Ceiling	24	0	56
sub	76	75	Floor	24	0	56
sub	76	75	HalfAwayFromZero	24	0	56
sub	76	75	HalfToEven	24	0	56
sub	76	75	HalfTowardZero	24	0	56
sub	76	75	Trunc	24	0	56
sub	76	75	ZeroFiveUp	24	0	56
sub	924	0	AwayFromZero	47	0	33
sub	924	0	Ceiling	47	0	33
sub	924	0	Floor	47	0	33
sub	924	0	HalfAwayFromZero	47	0	33
sub	924	0	HalfToEven	47	0	33
sub	924	0	HalfTowardZero	47	0	33
sub	924	0	Trunc	47	0	33
sub	924	0	ZeroFiveUp	47	0	33
sub	924	180	AwayFromZero	77	0	3
sub	924	180	Ceiling	77	0	3
sub	924	180	Floor	77	0	3
sub	924	180	HalfAwayFromZero	77	0	3
sub	924	180	HalfToEven	77	0	3
sub	924	180	HalfTowardZero	77	0	3
sub	924	180	Trunc	77	0	3
sub	924	180	ZeroFiveUp	77	0	3
sub	924	231	AwayFromZero	77	0	3
sub	924	231	Ceiling	77	0	3
sub	924	231	Floor	77	0	3
sub	924	231	HalfAwayFromZero	77	0	3
sub	924	231	HalfToEven	77	0	3
sub	924	231	HalfTowardZero	77	0	3
sub	924	231	Trunc	77	0	3
sub	924	231	ZeroFiveUp	77	0	3
sub	924	30	AwayFromZero	77	0	3
sub	924	30	Ceiling	77	0	3
sub	924	30	Floor	77	0	3
sub	924	30	HalfAwayFromZero	77	0	3
sub	924	30	HalfToEven	77	0	3
sub	924	30	HalfTowardZero	77	0	3
sub	924	30	Trunc	77	0	3
sub	924	30	ZeroFiveUp	77	0	3
sub	924	350	AwayFromZero	74	0	6
sub	924	350	Ceiling	74	0	6
sub	924	350	Floor	74	0	6
sub	924	350	HalfAwayFromZero	74	0	6
sub	924	350	HalfToEven	74	0	6
sub	924	350	HalfTowardZero	74	0	6
sub	924	350	Trunc	74	0	6
sub	924	350	ZeroFiveUp	74	0	6
sub	924	462	AwayFromZero	74	0	6
sub	924	462	Ceiling	74	0	6
sub	924	462	Floor	74	0	6
sub	924	462	HalfAwayFromZero	74	0	6
sub	924	462	HalfToEven	74	0	6
sub	924	462	HalfTowardZero	74	0	6
sub	924	462	Trunc	74	0	6
sub	924	462	ZeroFiveUp	74	0	6
sub	924	693	AwayFromZero	66	0	14
sub	924	693	Ceiling	66	0	14
sub	924	693	Floor	66	0	14
sub	924	693	HalfAwayFromZero	66	0	14
sub	924	693	HalfToEven	66	0	14
sub	924	693	HalfTowardZero	66	0	14
sub	924	693	Trunc	66	0	14
sub	924	693	ZeroFiveUp	66	0	14
sub	924	900	AwayFromZero	40	0	40
sub	924	900	Ceiling	40	0	40
sub	924	900	Floor	40	0	40
sub	924	900	HalfAwayFromZero	40	0	40
sub	924	900	HalfToEven	40	0	40
sub	924	900	HalfTowardZero	40	0	40
sub	924	900	Trunc	40	0	40
sub	924	900	ZeroFiveUp	40	0	40
sub	924	923	AwayFromZero	20	0	60
sub	924	923	Ceiling	20	0	60
sub	924	923	Floor	20	0	60
sub	924	923	HalfAwayFromZero	20	0	60
sub	924	923	HalfToEven	20	0	60
sub	924	923	HalfTowardZero	20	0	60
sub	924	923	Trunc	20	0	60
sub	924	923	ZeroFiveUp	20	0	60
tan	115	0	AwayFromZero	83	0	4335
tan	115	0	Ceiling	83	0	4335
tan	115	0	Floor	83	0	4335
tan	115	0	HalfAwayFromZero	83	0	4335
tan	115	0	HalfToEven	83	0	4335
tan	115	0	HalfTowardZero	83	0	4335
tan	115	0	Trunc	83	0	4335
tan	115	0	ZeroFiveUp	83	0	4335
tan	115	114	AwayFromZero	3512	0	906
tan	115	114	Ceiling	3512	0	906
tan	115	114	Floor	3512	0	906
tan	115	114	HalfAwayFromZero	3512	0	906
tan	115	114	HalfToEven	3512	0	906
tan	115	114	HalfTowardZero	3512	0	906
tan	115	114	Trunc	3512	0	906
tan	115	114	ZeroFiveUp	3512	0	906
tan	115	28	AwayFromZero	4079	0	339
tan	115	28	Ceiling	4079	0	339
tan	115	28	Floor	4079	0	339
tan	115	28	HalfAwayFromZero	4079	0	339
tan	115	28	HalfToEven	4079	0	339
tan	115	28	HalfTowardZero	4079	0	339
tan	115	28	Trunc	4079	0	339
tan	115	28	ZeroFiveUp	4079	0	339
tan	115	50	AwayFromZero	4413	0	5
tan	115	50	Ceiling	4413	0	5
tan	115	50	Floor	4413	0	5
tan	115	50	HalfAwayFromZero	4413	0	5
tan	115	50	HalfToEven	4413	0	5
tan	115	50	HalfTowardZero	4413	0	5
tan	115	50	Trunc	4413	0	5
tan	115	50	ZeroFiveUp	4413	0	5
tan	115	57	AwayFromZero	4413	0	5
tan	115	57	Ceiling	4413	0	5
tan	115	57	Floor	4413	0	5
tan	115	57	HalfAwayFromZero	4413	0	5
tan	115	57	HalfToEven	4413	0	5
tan	115	57	HalfTowardZero	4413	0	5
tan	115	57	Trunc	4413	0	5
tan	115	57	ZeroFiveUp	4413	0	5
tan	115	86	AwayFromZero	4415	0	3
tan	115	86	Ceiling	4415	0	3
tan	115	86	Floor	4415	0	3
tan	115	86	HalfAwayFromZero	4415	0	3
tan	115	86	HalfToEven	4415	0	3
tan	115	86	HalfTowardZero	4415	0	3
tan	115	86	Trunc	4415	0	3
tan	115	86	ZeroFiveUp	4415	0	3
tan	1232	0	AwayFromZero	83	0	4335
tan	1232	0	Ceiling	83	0	4335
tan	1232	0	Floor	83	0	4335
tan	1232	0	HalfAwayFromZero	83	0	4335
tan	1232	0	HalfToEven	83	0	4335
tan	1232	0	HalfTowardZero	83	0	4335
tan	1232	0	Trunc	83	0	4335
tan	1232	0	ZeroFiveUp	83	0	4335
tan	1232	1200	AwayFromZero	4418	0	0
tan	1232	1200	Ceiling	4418	0	0
tan	1232	1200	Floor	4418	0	0
tan	1232	1200	HalfAwayFromZero	4418	0	0
tan	1232	1200	HalfToEven	4418	0	0
tan	1232	1200	HalfTowardZero	4418	0	0
tan	1232	1200	Trunc	4418	0	0
tan	1232	1200	ZeroFiveUp	4418	0	0
tan	1232	1231	AwayFromZero	4362	0	56
tan	1232	1231	Ceiling	4362	0	56
tan	1232	1231	Floor	4362	0	56
tan	1232	1231	HalfAwayFromZero	4362	0	56
tan	1232	1231	HalfToEven	4362	0	56
tan	1232	1231	HalfTowardZero	4362	0	56
tan	1232	1231	Trunc	4362	0	56
tan	1232	1231	ZeroFiveUp	4362	0	56
tan	1232	250	AwayFromZero	4418	0	0
tan	1232	250	Ceiling	4418	0	0
tan	1232	250	Floor	4418	0	0
tan	1232	250	HalfAwayFromZero	4418	0	0
tan	1232	250	HalfToEven	4418	0	0
tan	1232	250	HalfTowardZero	4418	0	0
tan	1232	250	Trunc	4418	0	0
tan	1232	250	ZeroFiveUp	4418	0	0
tan	1232	30	AwayFromZero	4172	0	246
tan	1232	30	Ceiling	4172	0	246
tan	1232	30	Floor	4172	0	246
tan	1232	30	HalfAwayFromZero	4172	0	246
tan	1232	30	HalfToEven	4172	0	246
tan	1232	30	HalfTowardZero	4172	0	246
tan	1232	30	Trunc	4172	0	246
tan	1232	30	ZeroFiveUp	4172	0	246
tan	1232	308	AwayFromZero	4418	0	0
tan	1232	308	Ceiling	4418	0	0
tan	1232	308	Floor	4418	0	0
tan	1232	308	HalfAwayFromZero	4418	0	0
tan	1232	308	HalfToEven	4418	0	0
tan	1232	308	HalfTowardZero	4418	0	0
tan	1232	308	Trunc	4418	0	0
tan	1232	308	ZeroFiveUp	4418	0	0
tan	1232	470	AwayFromZero	4418	0	0
tan	1232	470	Ceiling	4418	0	0
tan	1232	470	Floor	4418	0	0
tan	1232	470	HalfAwayFromZero	4418	0	0
tan	1232	470	HalfToEven	4418	0	0
tan	1232	470	HalfTowardZero	4418	0	0
tan	1232	470	Trunc	4418	0	0
tan	1232	470	ZeroFiveUp	4418	0	0
tan	1232	616	AwayFromZero	4418	0	0
tan	1232	616	Ceiling	4418	0	0
tan	1232	616	Floor	4418	0	0
tan	1232	616	HalfAwayFromZero	4418	0	0
tan	1232	616	HalfToEven	4418	0	0
tan	1232	616	HalfTowardZero	4418	0	0
tan	1232	616	Trunc	4418	0	0
tan	1232	616	ZeroFiveUp	4418	0	0
tan	1232	924	AwayFromZero	4418	0	0
tan	1232	924	Ceiling	4418	0	0
tan	1232	924	Floor	4418	0	0
tan	1232	924	HalfAwayFromZero	4418	0	0
tan	1232	924	HalfToEven	4418	0	0
tan	1232	924	HalfTowardZero	4418	0	0
tan	1232	924	Trunc	4418	0	0
tan	1232	924	ZeroFiveUp	4418	0	0
tan	153	0	AwayFromZero	83	0	4335
tan	153	0	Ceiling	83	0	4335
tan	153	0	Floor	83	0	4335
tan	153	0	HalfAwayFromZero	83	0	4335
tan	153	0	HalfToEven	83	0	4335
tan	153	0	HalfTowardZero	83	0	4335
tan	153	0	Trunc	83	0	4335
tan	153	0	ZeroFiveUp	83	0	4335
tan	153	114	AwayFromZero	4415	0	3
tan	153	114	Ceiling	4415	0	3
tan	153	114	Floor	4415	0	3
tan	153	114	HalfAwayFromZero	4415	0	3
tan	153	114	HalfToEven	4415	0	3
tan	153	114	HalfTowardZero	4415	0	3
tan	153	114	Trunc	4415	0	3
tan	153	114	ZeroFiveUp	4415	0	3
tan	153	152	AwayFromZero	4362	0	56
tan	153	152	Ceiling	4362	0	56
tan	153	152	Floor	4362	0	56
tan	153	152	HalfAwayFromZero	4362	0	56
tan	153	152	HalfToEven	4362	0	56
tan	153	152	HalfTowardZero	4362	0	56
tan	153	152	Trunc	4362	0	56
tan	153	152	ZeroFiveUp	4362	0	56
tan	153	38	AwayFromZero	4413	0	5
tan	153	38	Ceiling	4413	0	5
tan	153	38	Floor	4413	0	5
tan	153	38	HalfAwayFromZero	4413	0	5
tan	153	38	HalfToEven	4413	0	5
tan	153	38	HalfTowardZero	4413	0	5
tan	153	38	Trunc	4413	0	5
tan	153	38	ZeroFiveUp	4413	0	5
tan	153	76	AwayFromZero	4415	0	3
tan	153	76	Ceiling	4415	0	3
tan	153	76	Floor	4415	0	3
tan	153	76	HalfAwayFromZero	4415	0	3
tan	153	76	HalfToEven	4415	0	3
tan	153	76	HalfTowardZero	4415	0	3
tan	153	76	Trunc	4415	0	3
tan	153	76	ZeroFiveUp	4415	0	3
tan	18	0	AwayFromZero	83	0	4335
tan	18	0	Ceiling	83	0	4335
tan	18	0	Floor	83	0	4335
tan	18	0	HalfAwayFromZero	83	0	4335
tan	18	0	HalfToEven	83	0	4335
tan	18	0	HalfTowardZero	83	0	4335
tan	18	0	Trunc	83	0	4335
tan	18	0	ZeroFiveUp	83	0	4335
tan	18	13	AwayFromZero	805	0	3613
tan	18	13	Ceiling	805	0	3613
tan	18	13	Floor	805	0	3613
tan	18	13	HalfAwayFromZero	805	0	3613
tan	18	13	HalfToEven	805	0	3613
tan	18	13	HalfTowardZero	805	0	3613
tan	18	13	Trunc	805	0	3613
tan	18	13	ZeroFiveUp	805	0	3613
tan	18	17	AwayFromZero	1041	0	3377
tan	18	17	Ceiling	1041	0	3377
tan	18	17	Floor	1041	0	3377
tan	18	17	HalfAwayFromZero	1041	0	3377
tan	18	17	HalfToEven	1041	0	3377
tan	18	17	HalfTowardZero	1041	0	3377
tan	18	17	Trunc	1041	0	3377
tan	18	17	ZeroFiveUp	1041	0	3377
tan	18	3	AwayFromZero	95	0	4323
tan	18	3	Ceiling	95	0	4323
tan	18	3	Floor	95	0	4323
tan	18	3	HalfAwayFromZero	95	0	4323
tan	18	3	HalfToEven	95	0	4323
tan	18	3	HalfTowardZero	95	0	4323
tan	18	3	Trunc	95	0	4323
tan	18	3	ZeroFiveUp	95	0	4323
tan	18	4	AwayFromZero	254	0	4164
tan	18	4	Ceiling	254	0	4164
tan	18	4	Floor	254	0	4164
tan	18	4	HalfAwayFromZero	254	0	4164
tan	18	4	HalfToEven	254	0	4164
tan	18	4	HalfTowardZero	254	0	4164
tan	18	4	Trunc	254	0	4164
tan	18	4	ZeroFiveUp	254	0	4164
tan	18	9	AwayFromZero	601	0	3817
tan	18	9	Ceiling	601	0	3817
tan	18	9	Floor	601	0	3817
tan	18	9	HalfAwayFromZero	601	0	3817
tan	18	9	HalfToEven	601	0	3817
tan	18	9	HalfTowardZero	601	0	3817
tan	18	9	Trunc	601	0	3817
tan	18	9	ZeroFiveUp	601	0	3817
tan	230	0	AwayFromZero	83	0	4335
tan	230	0	Ceiling	83	0	4335
tan	230	0	Floor	83	0	4335
tan	230	0	HalfAwayFromZero	83	0	4335
tan	230	0	HalfToEven	83	0	4335
tan	230	0	HalfTowardZero	83	0	4335
tan	230	0	Trunc	83	0	4335
tan	230	0	ZeroFiveUp	83	0	4335
tan	230	115	AwayFromZero	4415	0	3
tan	230	115	Ceiling	4415	0	3
tan	230	115	Floor	4415	0	3
tan	230	115	HalfAwayFromZero	4415	0	3
tan	230	115	HalfToEven	4415	0	3
tan	230	115	HalfTowardZero	4415	0	3
tan	230	115	Trunc	4415	0	3
tan	230	115	ZeroFiveUp	4415	0	3
tan	230	172	AwayFromZero	4418	0	0
tan	230	172	Ceiling	4418	0	0
tan	230	172	Floor	4418	0	0
tan	230	172	HalfAwayFromZero	4418	0	0
tan	230	172	HalfToEven	4418	0	0
tan	230	172	HalfTowardZero	4418	0	0
tan	230	172	Trunc	4418	0	0
tan	230	172	ZeroFiveUp	4418	0	0
tan	230	229	AwayFromZero	4362	0	56
tan	230	229	Ceiling	4362	0	56
tan	230	229	Floor	4362	0	56
tan	230	229	HalfAwayFromZero	4362	0	56
tan	230	229	HalfToEven	4362	0	56
tan	230	229	HalfTowardZero	4362	0	56
tan	230	229	Trunc	4362	0	56
tan	230	229	ZeroFiveUp	4362	0	56
tan	230	30	AwayFromZero	4172	0	246
tan	230	30	Ceiling	4172	0	246
tan	230	30	Floor	4172	0	246
tan	230	30	HalfAwayFromZero	4172	0	246
tan	230	30	HalfToEven	4172	0	246
tan	230	30	HalfTowardZero	4172	0	246
tan	230	30	Trunc	4172	0	246
tan	230	30	ZeroFiveUp	4172	0	246
tan	230	57	AwayFromZero	4413	0	5
tan	230	57	Ceiling	4413	0	5
tan	230	57	Floor	4413	0	5
tan	230	57	HalfAwayFromZero	4413	0	5
tan	230	57	HalfToEven	4413	0	5
tan	230	57	HalfTowardZero	4413	0	5
tan	230	57	Trunc	4413	0	5
tan	230	57	ZeroFiveUp	4413	0	5
tan	307	0	AwayFromZero	83	0	4335
tan	307	0	Ceiling	83	0	4335
tan	307	0	Floor	83	0	4335
tan	307	0	HalfAwayFromZero	83	0	4335
tan	307	0	HalfToEven	83	0	4335
tan	307	0	HalfTowardZero	83	0	4335
tan	307	0	Trunc	83	0	4335
tan	307	0	ZeroFiveUp	83	0	4335
tan	307	120	AwayFromZero	4418	0	0
tan	307	120	Ceiling	4418	0	0
tan	307	120	Floor	4418	0	0
tan	307	120	HalfAwayFromZero	4418	0	0
tan	307	120	HalfToEven	4418	0	0
tan	307	120	HalfTowardZero	4418	0	0
tan	307	120	Trunc	4418	0	0
tan	307	120	ZeroFiveUp	4418	0	0
tan	307	153	AwayFromZero	4418	0	0
tan	307	153	Ceiling	4418	0	0
tan	307	153	Floor	4418	0	0
tan	307	153	HalfAwayFromZero	4418	0	0
tan	307	153	HalfToEven	4418	0	0
tan	307	153	HalfTowardZero	4418	0	0
tan	307	153	Trunc	4418	0	0
tan	307	153	ZeroFiveUp	4418	0	0
tan	307	230	AwayFromZero	4418	0	0
tan	307	230	Ceiling	4418	0	0
tan	307	230	Floor	4418	0	0
tan	307	230	HalfAwayFromZero	4418	0	0
tan	307	230	HalfToEven	4418	0	0
tan	307	230	HalfTowardZero	4418	0	0
tan	307	230	Trunc	4418	0	0
tan	307	230	ZeroFiveUp	4418	0	0
tan	307	290	AwayFromZero	4418	0	0
tan	307	290	Ceiling	4418	0	0
tan	307	290	Floor	4418	0	0
tan	307	290	HalfAwayFromZero	4418	0	0
tan	307	290	HalfToEven	4418	0	0
tan	307	290	HalfTowardZero	4418	0	0
tan	307	290	Trunc	4418	0	0
tan	307	290	ZeroFiveUp	4418	0	0
tan	307	30	AwayFromZero	4172	0	246
tan	307	30	Ceiling	4172	0	246
tan	307	30	Floor	4172	0	246
tan	307	30	HalfAwayFromZero	4172	0	246
tan	307	30	HalfToEven	4172	0	246
tan	307	30	HalfTowardZero	4172	0	246
tan	307	30	Trunc	4172	0	246
tan	307	30	ZeroFiveUp	4172	0	246
tan	307	306	AwayFromZero	4362	0	56
tan	307	306	Ceiling	4362	0	56
tan	307	306	Floor	4362	0	56
tan	307	306	HalfAwayFromZero	4362	0	56
tan	307	306	HalfToEven	4362	0	56
tan	307	306	HalfTowardZero	4362	0	56
tan	307	306	Trunc	4362	0	56
tan	307	306	ZeroFiveUp	4362	0	56
tan	307	50	AwayFromZero	4413	0	5
tan	307	50	Ceiling	4413	0	5
tan	307	50	Floor	4413	0	5
tan	307	50	HalfAwayFromZero	4413	0	5
tan	307	50	HalfToEven	4413	0	5
tan	307	50	HalfTowardZero	4413	0	5
tan	307	50	Trunc	4413	0	5
tan	307	50	ZeroFiveUp	4413	0	5
tan	307	70	AwayFromZero	4415	0	3
tan	307	70	Ceiling	4415	0	3
tan	307	70	Floor	4415	0	3
tan	307	70	HalfAwayFromZero	4415	0	3
tan	307	70	HalfToEven	4415	0	3
tan	307	70	HalfTowardZero	4415	0	3
tan	307	70	Trunc	4415	0	3
tan	307	70	ZeroFiveUp	4415	0	3
tan	307	76	AwayFromZero	4415	0	3
tan	307	76	Ceiling	4415	0	3
tan	307	76	Floor	4415	0	3
tan	307	76	HalfAwayFromZero	4415	0	3
tan	307	76	HalfToEven	4415	0	3
tan	307	76	HalfTowardZero	4415	0	3
tan	307	76	Trunc	4415	0	3
tan	307	76	ZeroFiveUp	4415	0	3
tan	38	0	AwayFromZero	83	0	4335
tan	38	0	Ceiling	83	0	4335
tan	38	0	Floor	83	0	4335
tan	38	0	HalfAwayFromZero	83	0	4335
tan	38	0	HalfToEven	83	0	4335
tan	38	0	HalfTowardZero	83	0	4335
tan	38	0	Trunc	83	0	4335
tan	38	0	ZeroFiveUp	83	0	4335
tan	38	10	AwayFromZero	601	0	3817
tan	38	10	Ceiling	601	0	3817
tan	38	10	Floor	601	0	3817
tan	38	10	HalfAwayFromZero	601	0	3817
tan	38	10	HalfToEven	601	0	3817
tan	38	10	HalfTowardZero	601	0	3817
tan	38	10	Trunc	601	0	3817
tan	38	10	ZeroFiveUp	601	0	3817
tan	38	12	AwayFromZero	614	0	3804
tan	38	12	Ceiling	614	0	3804
tan	38	12	Floor	614	0	3804
tan	38	12	HalfAwayFromZero	614	0	3804
tan	38	12	HalfToEven	614	0	3804
tan	38	12	HalfTowardZero	614	0	3804
tan	38	12	Trunc	614	0	3804
tan	38	12	ZeroFiveUp	614	0	3804
tan	38	17	AwayFromZero	1081	0	3337
tan	38	17	Ceiling	1081	0	3337
tan	38	17	Floor	1081	0	3337
tan	38	17	HalfAwayFromZero	1081	0	3337
tan	38	17	HalfToEven	1081	0	3337
tan	38	17	HalfTowardZero	1081	0	3337
tan	38	17	Trunc	1081	0	3337
tan	38	17	ZeroFiveUp	1081	0	3337
tan	38	18	AwayFromZero	1104	0	3314
tan	38	18	Ceiling	1104	0	3314
tan	38	18	Floor	1104	0	3314
tan	38	18	HalfAwayFromZero	1104	0	3314
tan	38	18	HalfToEven	1104	0	3314
tan	38	18	HalfTowardZero	1104	0	3314
tan	38	18	Trunc	1104	0	3314
tan	38	18	ZeroFiveUp	1104	0	3314
tan	38	19	AwayFromZero	1363	0	3055
tan	38	19	Ceiling	1363	0	3055
tan	38	19	Floor	1363	0	3055
tan	38	19	HalfAwayFromZero	1363	0	3055
tan	38	19	HalfToEven	1363	0	3055
tan	38	19	HalfTowardZero	1363	0	3055
tan	38	19	Trunc	1363	0	3055
tan	38	19	ZeroFiveUp	1363	0	3055
tan	38	2	AwayFromZero	83	0	4335
tan	38	2	Ceiling	83	0	4335
tan	38	2	Floor	83	0	4335
tan	38	2	HalfAwayFromZero	83	0	4335
tan	38	2	HalfToEven	83	0	4335
tan	38	2	HalfTowardZero	83	0	4335
tan	38	2	Trunc	83	0	4335
tan	38	2	ZeroFiveUp	83	0	4335
tan	38	28	AwayFromZero	4079	0	339
tan	38	28	Ceiling	4079	0	339
tan	38	28	Floor	4079	0	339
tan	38	28	HalfAwayFromZero	4079	0	339
tan	38	28	HalfToEven	4079	0	339
tan	38	28	HalfTowardZero	4079	0	339
tan	38	28	Trunc	4079	0	339
tan	38	28	ZeroFiveUp	4079	0	339
tan	38	37	AwayFromZero	3384	0	1034
tan	38	37	Ceiling	3384	0	1034
tan	38	37	Floor	3384	0	1034
tan	38	37	HalfAwayFromZero	3384	0	1034
tan	38	37	HalfToEven	3384	0	1034
tan	38	37	HalfTowardZero	3384	0	1034
tan	38	37	Trunc	3384	0	1034
tan	38	37	ZeroFiveUp	3384	0	1034
tan	38	6	AwayFromZero	254	0	4164
tan	38	6	Ceiling	254	0	4164
tan	38	6	Floor	254	0	4164
tan	38	6	HalfAwayFromZero	254	0	4164
tan	38	6	HalfToEven	254	0	4164
tan	38	6	HalfTowardZero	254	0	4164
tan	38	6	Trunc	254	0	4164
tan	38	6	ZeroFiveUp	254	0	4164
tan	38	9	AwayFromZero	601	0	3817
tan	38	9	Ceiling	601	0	3817
tan	38	9	Floor	601	0	3817
tan	38	9	HalfAwayFromZero	601	0	3817
tan	38	9	HalfToEven	601	0	3817
tan	38	9	HalfTowardZero	601	0	3817
tan	38	9	Trunc	601	0	3817
tan	38	9	ZeroFiveUp	601	0	3817
tan	462	0	AwayFromZero	83	0	4335
tan	462	0	Ceiling	83	0	4335
tan	462	0	Floor	83	0	4335
tan	462	0	HalfAwayFromZero	83	0	4335
tan	462	0	HalfToEven	83	0	4335
tan	462	0	HalfTowardZero	83	0	4335
tan	462	0	Trunc	83	0	4335
tan	462	0	ZeroFiveUp	83	0	4335
tan	462	100	AwayFromZero	4415	0	3
tan	462	100	Ceiling	4415	0	3
tan	462	100	Floor	4415	0	3
tan	462	100	HalfAwayFromZero	4415	0	3
tan	462	100	HalfToEven	4415	0	3
tan	462	100	HalfTowardZero	4415	0	3
tan	462	100	Trunc	4415	0	3
tan	462	100	ZeroFiveUp	4415	0	3
tan	462	115	AwayFromZero	4415	0	3
tan	462	115	Ceiling	4415	0	3
tan	462	115	Floor	4415	0	3
tan	462	115	HalfAwayFromZero	4415	0	3
tan	462	115	HalfToEven	4415	0	3
tan	462	115	HalfTowardZero	4415	0	3
tan	462	115	Trunc	4415	0	3
tan	462	115	ZeroFiveUp	4415	0	3
tan	462	180	AwayFromZero	4418	0	0
tan	462	180	Ceiling	4418	0	0
tan	462	180	Floor	4418	0	0
tan	462	180	HalfAwayFromZero	4418	0	0
tan	462	180	HalfToEven	4418	0	0
tan	462	180	HalfTowardZero	4418	0	0
tan	462	180	Trunc	4418	0	0
tan	462	180	ZeroFiveUp	4418	0	0
tan	462	231	AwayFromZero	4418	0	0
tan	462	231	Ceiling	4418	0	0
tan	462	231	Floor	4418	0	0
tan	462	231	HalfAwayFromZero	4418	0	0
tan	462	231	HalfToEven	4418	0	0
tan	462	231	HalfTowardZero	4418	0	0
tan	462	231	Trunc	4418	0	0
tan	462	231	ZeroFiveUp	4418	0	0
tan	462	30	AwayFromZero	4172	0	246
tan	462	30	Ceiling	4172	0	246
tan	462	30	Floor	4172	0	246
tan	462	30	HalfAwayFromZero	4172	0	246
tan	462	30	HalfToEven	4172	0	246
tan	462	30	HalfTowardZero	4172	0	246
tan	462	30	Trunc	4172	0	246
tan	462	30	ZeroFiveUp	4172	0	246
tan	462	346	AwayFromZero	4418	0	0
tan	462	346	Ceiling	4418	0	0
tan	462	346	Floor	4418	0	0
tan	462	346	HalfAwayFromZero	4418	0	0
tan	462	346	HalfToEven	4418	0	0
tan	462	346	HalfTowardZero	4418	0	0
tan	462	346	Trunc	4418	0	0
tan	462	346	ZeroFiveUp	4418	0	0
tan	462	461	AwayFromZero	3176	0	1242
tan	462	461	Ceiling	3176	0	1242
tan	462	461	Floor	3176	0	1242
tan	462	461	HalfAwayFromZero	3176	0	1242
tan	462	461	HalfToEven	3176	0	1242
tan	462	461	HalfTowardZero	3176	0	1242
tan	462	461	Trunc	3176	0	1242
tan	462	461	ZeroFiveUp	3176	0	1242
tan	57	0	AwayFromZero	83	0	4335
tan	57	0	Ceiling	83	0	4335
tan	57	0	Floor	83	0	4335
tan	57	0	HalfAwayFromZero	83	0	4335
tan	57	0	HalfToEven	83	0	4335
tan	57	0	HalfTowardZero	83	0	4335
tan	57	0	Trunc	83	0	4335
tan	57	0	ZeroFiveUp	83	0	4335
tan	57	14	AwayFromZero	942	0	3476
tan	57	14	Ceiling	942	0	3476
tan	57	14	Floor	942	0	3476
tan	57	14	HalfAwayFromZero	942	0	3476
tan	57	14	HalfToEven	942	0	3476
tan	57	14	HalfTowardZero	942	0	3476
tan	57	14	Trunc	942	0	3476
tan	57	14	ZeroFiveUp	942	0	3476
tan	57	20	AwayFromZero	1364	0	3054
tan	57	20	Ceiling	1364	0	3054
tan	57	20	Floor	1364	0	3054
tan	57	20	HalfAwayFromZero	1364	0	3054
tan	57	20	HalfToEven	1364	0	3054
tan	57	20	HalfTowardZero	1364	0	3054
tan	57	20	Trunc	1364	0	3054
tan	57	20	ZeroFiveUp	1364	0	3054
tan	57	28	AwayFromZero	4079	0	339
tan	57	28	Ceiling	4079	0	339
tan	57	28	Floor	4079	0	339
tan	57	28	HalfAwayFromZero	4079	0	339
tan	57	28	HalfToEven	4079	0	339
tan	57	28	HalfTowardZero	4079	0	339
tan	57	28	Trunc	4079	0	339
tan	57	28	ZeroFiveUp	4079	0	339
tan	57	30	AwayFromZero	4172	0	246
tan	57	30	Ceiling	4172	0	246
tan	57	30	Floor	4172	0	246
tan	57	30	HalfAwayFromZero	4172	0	246
tan	57	30	HalfToEven	4172	0	246
tan	57	30	HalfTowardZero	4172	0	246
tan	57	30	Trunc	4172	0	246
tan	57	30	ZeroFiveUp	4172	0	246
tan	57	42	AwayFromZero	4413	0	5
tan	57	42	Ceiling	4413	0	5
tan	57	42	Floor	4413	0	5
tan	57	42	HalfAwayFromZero	4413	0	5
tan	57	42	HalfToEven	4413	0	5
tan	57	42	HalfTowardZero	4413	0	5
tan	57	42	Trunc	4413	0	5
tan	57	42	ZeroFiveUp	4413	0	5
tan	57	56	AwayFromZero	4046	0	372
tan	57	56	Ceiling	4046	0	372
tan	57	56	Floor	4046	0	372
tan	57	56	HalfAwayFromZero	4046	0	372
tan	57	56	HalfToEven	4046	0	372
tan	57	56	HalfTowardZero	4046	0	372
tan	57	56	Trunc	4046	0	372
tan	57	56	ZeroFiveUp	4046	0	372
tan	616	0	AwayFromZero	83	0	4335
tan	616	0	Ceiling	83	0	4335
tan	616	0	Floor	83	0	4335
tan	616	0	HalfAwayFromZero	83	0	4335
tan	616	0	HalfToEven	83	0	4335
tan	616	0	HalfTowardZero	83	0	4335
tan	616	0	Trunc	83	0	4335
tan	616	0	ZeroFiveUp	83	0	4335
tan	616	130	AwayFromZero	4418	0	0
tan	616	130	Ceiling	4418	0	0
tan	616	130	Floor	4418	0	0
tan	616	130	HalfAwayFromZero	4418	0	0
tan	616	130	HalfToEven	4418	0	0
tan	616	130	HalfTowardZero	4418	0	0
tan	616	130	Trunc	4418	0	0
tan	616	130	ZeroFiveUp	4418	0	0
tan	616	154	AwayFromZero	4418	0	0
tan	616	154	Ceiling	4418	0	0
tan	616	154	Floor	4418	0	0
tan	616	154	HalfAwayFromZero	4418	0	0
tan	616	154	HalfToEven	4418	0	0
tan	616	154	HalfTowardZero	4418	0	0
tan	616	154	Trunc	4418	0	0
tan	616	154	ZeroFiveUp	4418	0	0
tan	616	240	AwayFromZero	4418	0	0
tan	616	240	Ceiling	4418	0	0
tan	616	240	Floor	4418	0	0
tan	616	240	HalfAwayFromZero	4418	0	0
tan	616	240	HalfToEven	4418	0	0
tan	616	240	HalfTowardZero	4418	0	0
tan	616	240	Trunc	4418	0	0
tan	616	240	ZeroFiveUp	4418	0	0
tan	616	30	AwayFromZero	4172	0	246
tan	616	30	Ceiling	4172	0	246
tan	616	30	Floor	4172	0	246
tan	616	30	HalfAwayFromZero	4172	0	246
tan	616	30	HalfToEven	4172	0	246
tan	616	30	HalfTowardZero	4172	0	246
tan	616	30	Trunc	4172	0	246
tan	616	30	ZeroFiveUp	4172	0	246
tan	616	308	AwayFromZero	4418	0	0
tan	616	308	Ceiling	4418	0	0
tan	616	308	Floor	4418	0	0
tan	616	308	HalfAwayFromZero	4418	0	0
tan	616	308	HalfToEven	4418	0	0
tan	616	308	HalfTowardZero	4418	0	0
tan	616	308	Trunc	4418	0	0
tan	616	308	ZeroFiveUp	4418	0	0
tan	616	462	AwayFromZero	4418	0	0
tan	616	462	Ceiling	4418	0	0
tan	616	462	Floor	4418	0	0
tan	616	462	HalfAwayFromZero	4418	0	0
tan	616	462	HalfToEven	4418	0	0
tan	616	462	HalfTowardZero	4418	0	0
tan	616	462	Trunc	4418	0	0
tan	616	462	ZeroFiveUp	4418	0	0
tan	616	590	AwayFromZero	4418	0	0
tan	616	590	Ceiling	4418	0	0
tan	616	590	Floor	4418	0	0
tan	616	590	HalfAwayFromZero	4418	0	0
tan	616	590	HalfToEven	4418	0	0
tan	616	590	HalfTowardZero	4418	0	0
tan	616	590	Trunc	4418	0	0
tan	616	590	ZeroFiveUp	4418	0	0
tan	616	615	AwayFromZero	3349	0	1069
tan	616	615	Ceiling	3349	0	1069
tan	616	615	Floor	3349	0	1069
tan	616	615	HalfAwayFromZero	3349	0	1069
tan	616	615	HalfToEven	3349	0	1069
tan	616	615	HalfTowardZero	3349	0	1069
tan	616	615	Trunc	3349	0	1069
tan	616	615	ZeroFiveUp	3349	0	1069
tan	76	0	AwayFromZero	83	0	4335
tan	76	0	Ceiling	83	0	4335
tan	76	0	Floor	83	0	4335
tan	76	0	HalfAwayFromZero	83	0	4335
tan	76	0	HalfToEven	83	0	4335
tan	76	0	HalfTowardZero	83	0	4335
tan	76	0	Trunc	83	0	4335
tan	76	0	ZeroFiveUp	83	0	4335
tan	76	18	AwayFromZero	1104	0	3314
tan	76	18	Ceiling	1104	0	3314
tan	76	18	Floor	1104	0	3314
tan	76	18	HalfAwayFromZero	1104	0	3314
tan	76	18	HalfToEven	1104	0	3314
tan	76	18	HalfTowardZero	1104	0	3314
tan	76	18	Trunc	1104	0	3314
tan	76	18	ZeroFiveUp	1104	0	3314
tan	76	19	AwayFromZero	1363	0	3055
tan	76	19	Ceiling	1363	0	3055
tan	76	19	Floor	1363	0	3055
tan	76	19	HalfAwayFromZero	1363	0	3055
tan	76	19	HalfToEven	1363	0	3055
tan	76	19	HalfTowardZero	1363	0	3055
tan	76	19	Trunc	1363	0	3055
tan	76	19	ZeroFiveUp	1363	0	3055
tan	76	38	AwayFromZero	4413	0	5
tan	76	38	Ceiling	4413	0	5
tan	76	38	Floor	4413	0	5
tan	76	38	HalfAwayFromZero	4413	0	5
tan	76	38	HalfToEven	4413	0	5
tan	76	38	HalfTowardZero	4413	0	5
tan	76	38	Trunc	4413	0	5
tan	76	38	ZeroFiveUp	4413	0	5
tan	76	40	AwayFromZero	4413	0	5
tan	76	40	Ceiling	4413	0	5
tan	76	40	Floor	4413	0	5
tan	76	40	HalfAwayFromZero	4413	0	5
tan	76	40	HalfToEven	4413	0	5
tan	76	40	HalfTowardZero	4413	0	5
tan	76	40	Trunc	4413	0	5
tan	76	40	ZeroFiveUp	4413	0	5
tan	76	57	AwayFromZero	4413	0	5
tan	76	57	Ceiling	4413	0	5
tan	76	57	Floor	4413	0	5
tan	76	57	HalfAwayFromZero	4413	0	5
tan	76	57	HalfToEven	4413	0	5
tan	76	57	HalfTowardZero	4413	0	5
tan	76	57	Trunc	4413	0	5
tan	76	57	ZeroFiveUp	4413	0	5
tan	76	75	AwayFromZero	4359	0	59
tan	76	75	Ceiling	4359	0	59
tan	76	75	Floor	4359	0	59
tan	76	75	HalfAwayFromZero	4359	0	59
tan	76	75	HalfToEven	4359	0	59
tan	76	75	HalfTowardZero	4359	0	59
tan	76	75	Trunc	4359	0	59
tan	76	75	ZeroFiveUp	4359	0	59
tan	924	0	AwayFromZero	83	0	4335
tan	924	0	Ceiling	83	0	4335
tan	924	0	Floor	83	0	4335
tan	924	0	HalfAwayFromZero	83	0	4335
tan	924	0	HalfToEven	83	0	4335
tan	924	0	HalfTowardZero	83	0	4335
tan	924	0	Trunc	83	0	4335
tan	924	0	ZeroFiveUp	83	0	4335
tan	924	180	AwayFromZero	4418	0	0
tan	924	180	Ceiling	4418	0	0
tan	924	180	Floor	4418	0	0
tan	924	180	HalfAwayFromZero	4418	0	0
tan	924	180	HalfToEven	4418	0	0
tan	924	180	HalfTowardZero	4418	0	0
tan	924	180	Trunc	4418	0	0
tan	924	180	ZeroFiveUp	4418	0	0
tan	924	231	AwayFromZero	4418	0	0
tan	924	231	Ceiling	4418	0	0
tan	924	231	Floor	4418	0	0
tan	924	231	HalfAwayFromZero	4418	0	0
tan	924	231	HalfToEven	4418	0	0
tan	924	231	HalfTowardZero	4418	0	0
tan	924	231	Trunc	4418	0	0
tan	924	231	ZeroFiveUp	4418	0	0
tan	924	30	AwayFromZero	4172	0	246
tan	924	30	Ceiling	4172	0	246
tan	924	30	Floor	4172	0	246
tan	924	30	HalfAwayFromZero	4172	0	246
tan	924	30	HalfToEven	4172	0	246
tan	924	30	HalfTowardZero	4172	0	246
tan	924	30	Trunc	4172	0	246
tan	924	30	ZeroFiveUp	4172	0	246
tan	924	350	AwayFromZero	4418	0	0
tan	924	350	Ceiling	4418	0	0
tan	924	350	Floor	4418	0	0
tan	924	350	HalfAwayFromZero	4418	0	0
tan	924	350	HalfToEven	4418	0	0
tan	924	350	HalfTowardZero	4418	0	0
tan	924	350	Trunc	4418	0	0
tan	924	350	ZeroFiveUp	4418	0	0
tan	924	462	AwayFromZero	4418	0	0
tan	924	462	Ceiling	4418	0	0
tan	924	462	Floor	4418	0	0
tan	924	462	HalfAwayFromZero	4418	0	0
tan	924	462	HalfToEven	4418	0	0
tan	924	462	HalfTowardZero	4418	0	0
tan	924	462	Trunc	4418	0	0
tan	924	462	ZeroFiveUp	4418	0	0
tan	924	693	AwayFromZero	4418	0	0
tan	924	693	Ceiling	4418	0	0
tan	924	693	Floor	4418	0	0
tan	924	693	HalfAwayFromZero	4418	0	0
tan	924	693	HalfToEven	4418	0	0
tan	924	693	HalfTowardZero	4418	0	0
tan	924	693	Trunc	4418	0	0
tan	924	693	ZeroFiveUp	4418	0	0
tan	924	900	AwayFromZero	4418	0	0
tan	924	900	Ceiling	4418	0	0
tan	924	900	Floor	4418	0	0
tan	924	900	HalfAwayFromZero	4418	0	0
tan	924	900	HalfToEven	4418	0	0
tan	924	900	HalfTowardZero	4418	0	0
tan	924	900	Trunc	4418	0	0
tan	924	900	ZeroFiveUp	4418	0	0
tan	924	923	AwayFromZero	3948	0	470
tan	924	923	Ceiling	3948	0	470
tan	924	923	Floor	3948	0	470
tan	924	923	HalfAwayFromZero	3948	0	470
tan	924	923	HalfToEven	3948	0	470
tan	924	923	HalfTowardZero	3948	0	470
tan	924	923	Trunc	3948	0	470
tan	924	923	ZeroFiveUp	3948	0	470
tanh	115	0	AwayFromZero	46	0	4472
tanh	115	0	Ceiling	46	0	4472
tanh	115	0	Floor	46	0	4472
tanh	115	0	HalfAwayFromZero	46	0	4472
tanh	115	0	HalfToEven	46	0	4472
tanh	115	0	HalfTowardZero	46	0	4472
tanh	115	0	Trunc	46	0	4472
tanh	115	0	ZeroFiveUp	46	0	4472
tanh	115	114	AwayFromZero	4275	0	243
tanh	115	114	Ceiling	4275	0	243
tanh	115	114	Floor	4275	0	243
tanh	115	114	HalfAwayFromZero	4275	0	243
tanh	115	114	HalfToEven	4275	0	243
tanh	115	114	HalfTowardZero	4275	0	243
tanh	115	114	Trunc	4275	0	243
tanh	115	114	ZeroFiveUp	4275	0	243
tanh	115	28	AwayFromZero	4154	0	364
tanh	115	28	Ceiling	4154	0	364
tanh	115	28	Floor	4154	0	364
tanh	115	28	HalfAwayFromZero	4154	0	364
tanh	115	28	HalfToEven	4154	0	364
tanh	115	28	HalfTowardZero	4154	0	364
tanh	115	28	Trunc	4154	0	364
tanh	115	28	ZeroFiveUp	4154	0	364
tanh	115	50	AwayFromZero	4461	0	57
tanh	115	50	Ceiling	4461	0	57
tanh	115	50	Floor	4461	0	57
tanh	115	50	HalfAwayFromZero	4461	0	57
tanh	115	50	HalfToEven	4461	0	57
tanh	115	50	HalfTowardZero	4461	0	57
tanh	115	50	Trunc	4461	0	57
tanh	115	50	ZeroFiveUp	4461	0	57
tanh	115	57	AwayFromZero	4465	0	53
tanh	115	57	Ceiling	4465	0	53
tanh	115	57	Floor	4465	0	53
tanh	115	57	HalfAwayFromZero	4465	0	53
tanh	115	57	HalfToEven	4465	0	53
tanh	115	57	HalfTowardZero	4465	0	53
tanh	115	57	Trunc	4465	0	53
tanh	115	57	ZeroFiveUp	4465	0	53
tanh	115	86	AwayFromZero	4473	0	45
tanh	115	86	Ceiling	4473	0	45
tanh	115	86	Floor	4473	0	45
tanh	115	86	HalfAwayFromZero	4473	0	45
tanh	115	86	HalfToEven	4473	0	45
tanh	115	86	HalfTowardZero	4473	0	45
tanh	115	86	Trunc	4473	0	45
tanh	115	86	ZeroFiveUp	4473	0	45
tanh	1232	0	AwayFromZero	46	0	4472
tanh	1232	0	Ceiling	46	0	4472
tanh	1232	0	Floor	46	0	4472
tanh	1232	0	HalfAwayFromZero	46	0	4472
tanh	1232	0	HalfToEven	46	0	4472
tanh	1232	0	HalfTowardZero	46	0	4472
tanh	1232	0	Trunc	46	0	4472
tanh	1232	0	ZeroFiveUp	46	0	4472
tanh	1232	1200	AwayFromZero	4516	0	2
tanh	1232	1200	Ceiling	4516	0	2
tanh	1232	1200	Floor	4516	0	2
tanh	1232	1200	HalfAwayFromZero	4516	0	2
tanh	1232	1200	HalfToEven	4516	0	2
tanh	1232	1200	HalfTowardZero	4516	0	2
tanh	1232	1200	Trunc	4516	0	2
tanh	1232	1200	ZeroFiveUp	4516	0	2
tanh	1232	1231	AwayFromZero	4391	0	127
tanh	1232	1231	Ceiling	4391	0	127
tanh	1232	1231	Floor	4391	0	127
tanh	1232	1231	HalfAwayFromZero	4391	0	127
tanh	1232	1231	HalfToEven	4391	0	127
tanh	1232	1231	HalfTowardZero	4391	0	127
tanh	1232	1231	Trunc	4391	0	127
tanh	1232	1231	ZeroFiveUp	4391	0	127
tanh	1232	250	AwayFromZero	4496	0	22
tanh	1232	250	Ceiling	4496	0	22
tanh	1232	250	Floor	4496	0	22
tanh	1232	250	HalfAwayFromZero	4496	0	22
tanh	1232	250	HalfToEven	4496	0	22
tanh	1232	250	HalfTowardZero	4496	0	22
tanh	1232	250	Trunc	4496	0	22
tanh	1232	250	ZeroFiveUp	4496	0	22
tanh	1232	30	AwayFromZero	4437	0	81
tanh	1232	30	Ceiling	4437	0	81
tanh	1232	30	Floor	4437	0	81
tanh	1232	30	HalfAwayFromZero	4437	0	81
tanh	1232	30	HalfToEven	4437	0	81
tanh	1232	30	HalfTowardZero	4437	0	81
tanh	1232	30	Trunc	4437	0	81
tanh	1232	30	ZeroFiveUp	4437	0	81
tanh	1232	308	AwayFromZero	4500	0	18
tanh	1232	308	Ceiling	4500	0	18
tanh	1232	308	Floor	4500	0	18
tanh	1232	308	HalfAwayFromZero	4500	0	18
tanh	1232	308	HalfToEven	4500	0	18
tanh	1232	308	HalfTowardZero	4500	0	18
tanh	1232	308	Trunc	4500	0	18
tanh	1232	308	ZeroFiveUp	4500	0	18
tanh	1232	470	AwayFromZero	4506	0	12
tanh	1232	470	Ceiling	4506	0	12
tanh	1232	470	Floor	4506	0	12
tanh	1232	470	HalfAwayFromZero	4506	0	12
tanh	1232	470	HalfToEven	4506	0	12
tanh	1232	470	HalfTowardZero	4506	0	12
tanh	1232	470	Trunc	4506	0	12
tanh	1232	470	ZeroFiveUp	4506	0	12
tanh	1232	616	AwayFromZero	4510	0	8
tanh	1232	616	Ceiling	4510	0	8
tanh	1232	616	Floor	4510	0	8
tanh	1232	616	HalfAwayFromZero	4510	0	8
tanh	1232	616	HalfToEven	4510	0	8
tanh	1232	616	HalfTowardZero	4510	0	8
tanh	1232	616	Trunc	4510	0	8
tanh	1232	616	ZeroFiveUp	4510	0	8
tanh	1232	924	AwayFromZero	4516	0	2
tanh	1232	924	Ceiling	4516	0	2
tanh	1232	924	Floor	4516	0	2
tanh	1232	924	HalfAwayFromZero	4516	0	2
tanh	1232	924	HalfToEven	4516	0	2
tanh	1232	924	HalfTowardZero	4516	0	2
tanh	1232	924	Trunc	4516	0	2
tanh	1232	924	ZeroFiveUp	4516	0	2
tanh	153	0	AwayFromZero	46	0	4472
tanh	153	0	Ceiling	46	0	4472
tanh	153	0	Floor	46	0	4472
tanh	153	0	HalfAwayFromZero	46	0	4472
tanh	153	0	HalfToEven	46	0	4472
tanh	153	0	HalfTowardZero	46	0	4472
tanh	153	0	Trunc	46	0	4472
tanh	153	0	ZeroFiveUp	46	0	4472
tanh	153	114	AwayFromZero	4475	0	43
tanh	153	114	Ceiling	4475	0	43
tanh	153	114	Floor	4475	0	43
tanh	153	114	HalfAwayFromZero	4475	0	43
tanh	153	114	HalfToEven	4475	0	43
tanh	153	114	HalfTowardZero	4475	0	43
tanh	153	114	Trunc	4475	0	43
tanh	153	114	ZeroFiveUp	4475	0	43
tanh	153	152	AwayFromZero	4363	0	155
tanh	153	152	Ceiling	4363	0	155
tanh	153	152	Floor	4363	0	155
tanh	153	152	HalfAwayFromZero	4363	0	155
tanh	153	152	HalfToEven	4363	0	155
tanh	153	152	HalfTowardZero	4363	0	155
tanh	153	152	Trunc	4363	0	155
tanh	153	152	ZeroFiveUp	4363	0	155
tanh	153	38	AwayFromZero	4459	0	59
tanh	153	38	Ceiling	4459	0	59
tanh	153	38	Floor	4459	0	59
tanh	153	38	HalfAwayFromZero	4459	0	59
tanh	153	38	HalfToEven	4459	0	59
tanh	153	38	HalfTowardZero	4459	0	59
tanh	153	38	Trunc	4459	0	59
tanh	153	38	ZeroFiveUp	4459	0	59
tanh	153	76	AwayFromZero	4471	0	47
tanh	153	76	Ceiling	4471	0	47
tanh	153	76	Floor	4471	0	47
tanh	153	76	HalfAwayFromZero	4471	0	47
tanh	153	76	HalfToEven	4471	0	47
tanh	153	76	HalfTowardZero	4471	0	47
tanh	153	76	Trunc	4471	0	47
tanh	153	76	ZeroFiveUp	4471	0	47
tanh	18	0	AwayFromZero	46	0	4472
tanh	18	0	Ceiling	46	0	4472
tanh	18	0	Floor	46	0	4472
tanh	18	0	HalfAwayFromZero	46	0	4472
tanh	18	0	HalfToEven	46	0	4472
tanh	18	0	HalfTowardZero	46	0	4472
tanh	18	0	Trunc	46	0	4472
tanh	18	0	ZeroFiveUp	46	0	4472
tanh	18	13	AwayFromZero	827	0	3691
tanh	18	13	Ceiling	827	0	3691
tanh	18	13	Floor	827	0	3691
tanh	18	13	HalfAwayFromZero	827	0	3691
tanh	18	13	HalfToEven	827	0	3691
tanh	18	13	HalfTowardZero	827	0	3691
tanh	18	13	Trunc	827	0	3691
tanh	18	13	ZeroFiveUp	827	0	3691
tanh	18	17	AwayFromZero	1075	0	3443
tanh	18	17	Ceiling	1075	0	3443
tanh	18	17	Floor	1075	0	3443
tanh	18	17	HalfAwayFromZero	1075	0	3443
tanh	18	17	HalfToEven	1075	0	3443
tanh	18	17	HalfTowardZero	1075	0	3443
tanh	18	17	Trunc	1075	0	3443
tanh	18	17	ZeroFiveUp	1075	0	3443
tanh	18	3	AwayFromZero	63	0	4455
tanh	18	3	Ceiling	63	0	4455
tanh	18	3	Floor	63	0	4455
tanh	18	3	HalfAwayFromZero	63	0	4455
tanh	18	3	HalfToEven	63	0	4455
tanh	18	3	HalfTowardZero	63	0	4455
tanh	18	3	Trunc	63	0	4455
tanh	18	3	ZeroFiveUp	63	0	4455
tanh	18	4	AwayFromZero	249	0	4269
tanh	18	4	Ceiling	249	0	4269
tanh	18	4	Floor	249	0	4269
tanh	18	4	HalfAwayFromZero	249	0	4269
tanh	18	4	HalfToEven	249	0	4269
tanh	18	4	HalfTowardZero	249	0	4269
tanh	18	4	Trunc	249	0	4269
tanh	18	4	ZeroFiveUp	249	0	4269
tanh	18	9	AwayFromZero	608	0	3910
tanh	18	9	Ceiling	608	0	3910
tanh	18	9	Floor	608	0	3910
tanh	18	9	HalfAwayFromZero	608	0	3910
tanh	18	9	HalfToEven	608	0	3910
tanh	18	9	HalfTowardZero	608	0	3910
tanh	18	9	Trunc	608	0	3910
tanh	18	9	ZeroFiveUp	608	0	3910
tanh	230	0	AwayFromZero	46	0	4472
tanh	230	0	Ceiling	46	0	4472
tanh	230	0	Floor	46	0	4472
tanh	230	0	HalfAwayFromZero	46	0	4472
tanh	230	0	HalfToEven	46	0	4472
tanh	230	0	HalfTowardZero	46	0	4472
tanh	230	0	Trunc	46	0	4472
tanh	230	0	ZeroFiveUp	46	0	4472
tanh	230	115	AwayFromZero	4477	0	41
tanh	230	115	Ceiling	4477	0	41
tanh	230	115	Floor	4477	0	41
tanh	230	115	HalfAwayFromZero	4477	0	41
tanh	230	115	HalfToEven	4477	0	41
tanh	230	115	HalfTowardZero	4477	0	41
tanh	230	115	Trunc	4477	0	41
tanh	230	115	ZeroFiveUp	4477	0	41
tanh	230	172	AwayFromZero	4490	0	28
tanh	230	172	Ceiling	4490	0	28
tanh	230	172	Floor	4490	0	28
tanh	230	172	HalfAwayFromZero	4490	0	28
tanh	230	172	HalfToEven	4490	0	28
tanh	230	172	HalfTowardZero	4490	0	28
tanh	230	172	Trunc	4490	0	28
tanh	230	172	ZeroFiveUp	4490	0	28
tanh	230	229	AwayFromZero	4373	0	145
tanh	230	229	Ceiling	4373	0	145
tanh	230	229	Floor	4373	0	145
tanh	230	229	HalfAwayFromZero	4373	0	145
tanh	230	229	HalfToEven	4373	0	145
tanh	230	229	HalfTowardZero	4373	0	145
tanh	230	229	Trunc	4373	0	145
tanh	230	229	ZeroFiveUp	4373	0	145
tanh	230	30	AwayFromZero	4437	0	81
tanh	230	30	Ceiling	4437	0	81
tanh	230	30	Floor	4437	0	81
tanh	230	30	HalfAwayFromZero	4437	0	81
tanh	230	30	HalfToEven	4437	0	81
tanh	230	30	HalfTowardZero	4437	0	81
tanh	230	30	Trunc	4437	0	81
tanh	230	30	ZeroFiveUp	4437	0	81
tanh	230	57	AwayFromZero	4465	0	53
tanh	230	57	Ceiling	4465	0	53
tanh	230	57	Floor	4465	0	53
tanh	230	57	HalfAwayFromZero	4465	0	53
tanh	230	57	HalfToEven	4465	0	53
tanh	230	57	HalfTowardZero	4465	0	53
tanh	230	57	Trunc	4465	0	53
tanh	230	57	ZeroFiveUp	4465	0	53
tanh	307	0	AwayFromZero	46	0	4472
tanh	307	0	Ceiling	46	0	4472
tanh	307	0	Floor	46	0	4472
tanh	307	0	HalfAwayFromZero	46	0	4472
tanh	307	0	HalfToEven	46	0	4472
tanh	307	0	HalfTowardZero	46	0	4472
tanh	307	0	Trunc	46	0	4472
tanh	307	0	ZeroFiveUp	46	0	4472
tanh	307	120	AwayFromZero	4480	0	38
tanh	307	120	Ceiling	4480	0	38
tanh	307	120	Floor	4480	0	38
tanh	307	120	HalfAwayFromZero	4480	0	38
tanh	307	120	HalfToEven	4480	0	38
tanh	307	120	HalfTowardZero	4480	0	38
tanh	307	120	Trunc	4480	0	38
tanh	307	120	ZeroFiveUp	4480	0	38
tanh	307	153	AwayFromZero	4484	0	34
tanh	307	153	Ceiling	4484	0	34
tanh	307	153	Floor	4484	0	34
tanh	307	153	HalfAwayFromZero	4484	0	34
tanh	307	153	HalfToEven	4484	0	34
tanh	307	153	HalfTowardZero	4484	0	34
tanh	307	153	Trunc	4484	0	34
tanh	307	153	ZeroFiveUp	4484	0	34
tanh	307	230	AwayFromZero	4494	0	24
tanh	307	230	Ceiling	4494	0	24
tanh	307	230	Floor	4494	0	24
tanh	307	230	HalfAwayFromZero	4494	0	24
tanh	307	230	HalfToEven	4494	0	24
tanh	307	230	HalfTowardZero	4494	0	24
tanh	307	230	Trunc	4494	0	24
tanh	307	230	ZeroFiveUp	4494	0	24
tanh	307	290	AwayFromZero	4496	0	22
tanh	307	290	Ceiling	4496	0	22
tanh	307	290	Floor	4496	0	22
tanh	307	290	HalfAwayFromZero	4496	0	22
tanh	307	290	HalfToEven	4496	0	22
tanh	307	290	HalfTowardZero	4496	0	22
tanh	307	290	Trunc	4496	0	22
tanh	307	290	ZeroFiveUp	4496	0	22
tanh	307	30	AwayFromZero	4437	0	81
tanh	307	30	Ceiling	4437	0	81
tanh	307	30	Floor	4437	0	81
tanh	307	30	HalfAwayFromZero	4437	0	81
tanh	307	30	HalfToEven	4437	0	81
tanh	307	30	HalfTowardZero	4437	0	81
tanh	307	30	Trunc	4437	0	81
tanh	307	30	ZeroFiveUp	4437	0	81
tanh	307	306	AwayFromZero	4387	0	131
tanh	307	306	Ceiling	4387	0	131
tanh	307	306	Floor	4387	0	131
tanh	307	306	HalfAwayFromZero	4387	0	131
tanh	307	306	HalfToEven	4387	0	131
tanh	307	306	HalfTowardZero	4387	0	131
tanh	307	306	Trunc	4387	0	131
tanh	307	306	ZeroFiveUp	4387	0	131
tanh	307	50	AwayFromZero	4461	0	57
tanh	307	50	Ceiling	4461	0	57
tanh	307	50	Floor	4461	0	57
tanh	307	50	HalfAwayFromZero	4461	0	57
tanh	307	50	HalfToEven	4461	0	57
tanh	307	50	HalfTowardZero	4461	0	57
tanh	307	50	Trunc	4461	0	57
tanh	307	50	ZeroFiveUp	4461	0	57
tanh	307	70	AwayFromZero	4466	0	52
tanh	307	70	Ceiling	4466	0	52
tanh	307	70	Floor	4466	0	52
tanh	307	70	HalfAwayFromZero	4466	0	52
tanh	307	70	HalfToEven	4466	0	52
tanh	307	70	HalfTowardZero	4466	0	52
tanh	307	70	Trunc	4466	0	52
tanh	307	70	ZeroFiveUp	4466	0	52
tanh	307	76	AwayFromZero	4471	0	47
tanh	307	76	Ceiling	4471	0	47
tanh	307	76	Floor	4471	0	47
tanh	307	76	HalfAwayFromZero	4471	0	47
tanh	307	76	HalfToEven	4471	0	47
tanh	307	76	HalfTowardZero	4471	0	47
tanh	307	76	Trunc	4471	0	47
tanh	307	76	ZeroFiveUp	4471	0	47
tanh	38	0	AwayFromZero	46	0	4472
tanh	38	0	Ceiling	46	0	4472
tanh	38	0	Floor	46	0	4472
tanh	38	0	HalfAwayFromZero	46	0	4472
tanh	38	0	HalfToEven	46	0	4472
tanh	38	0	HalfTowardZero	46	0	4472
tanh	38	0	Trunc	46	0	4472
tanh	38	0	ZeroFiveUp	46	0	4472
tanh	38	10	AwayFromZero	608	0	3910
tanh	38	10	Ceiling	608	0	3910
tanh	38	10	Floor	608	0	3910
tanh	38	10	HalfAwayFromZero	608	0	3910
tanh	38	10	HalfToEven	608	0	3910
tanh	38	10	HalfTowardZero	608	0	3910
tanh	38	10	Trunc	608	0	3910
tanh	38	10	ZeroFiveUp	608	0	3910
tanh	38	12	AwayFromZero	628	0	3890
tanh	38	12	Ceiling	628	0	3890
tanh	38	12	Floor	628	0	3890
tanh	38	12	HalfAwayFromZero	628	0	3890
tanh	38	12	HalfToEven	628	0	3890
tanh	38	12	HalfTowardZero	628	0	3890
tanh	38	12	Trunc	628	0	3890
tanh	38	12	ZeroFiveUp	628	0	3890
tanh	38	17	AwayFromZero	1080	0	3438
tanh	38	17	Ceiling	1080	0	3438
tanh	38	17	Floor	1080	0	3438
tanh	38	17	HalfAwayFromZero	1080	0	3438
tanh	38	17	HalfToEven	1080	0	3438
tanh	38	17	HalfTowardZero	1080	0	3438
tanh	38	17	Trunc	1080	0	3438
tanh	38	17	ZeroFiveUp	1080	0	3438
tanh	38	18	AwayFromZero	1110	0	3408
tanh	38	18	Ceiling	1110	0	3408
tanh	38	18	Floor	1110	0	3408
tanh	38	18	HalfAwayFromZero	1110	0	3408
tanh	38	18	HalfToEven	1110	0	3408
tanh	38	18	HalfTowardZero	1110	0	3408
tanh	38	18	Trunc	1110	0	3408
tanh	38	18	ZeroFiveUp	1110	0	3408
tanh	38	19	AwayFromZero	1374	0	3144
tanh	38	19	Ceiling	1374	0	3144
tanh	38	19	Floor	1374	0	3144
tanh	38	19	HalfAwayFromZero	1374	0	3144
tanh	38	19	HalfToEven	1374	0	3144
tanh	38	19	HalfTowardZero	1374	0	3144
tanh	38	19	Trunc	1374	0	3144
tanh	38	19	ZeroFiveUp	1374	0	3144
tanh	38	2	AwayFromZero	51	0	4467
tanh	38	2	Ceiling	51	0	4467
tanh	38	2	Floor	51	0	4467
tanh	38	2	HalfAwayFromZero	51	0	4467
tanh	38	2	HalfToEven	51	0	4467
tanh	38	2	HalfTowardZero	51	0	4467
tanh	38	2	Trunc	51	0	4467
tanh	38	2	ZeroFiveUp	51	0	4467
tanh	38	28	AwayFromZero	4154	0	364
tanh	38	28	Ceiling	4154	0	364
tanh	38	28	Floor	4154	0	364
tanh	38	28	HalfAwayFromZero	4154	0	364
tanh	38	28	HalfToEven	4154	0	364
tanh	38	28	HalfTowardZero	4154	0	364
tanh	38	28	Trunc	4154	0	364
tanh	38	28	ZeroFiveUp	4154	0	364
tanh	38	37	AwayFromZero	4013	0	505
tanh	38	37	Ceiling	4013	0	505
tanh	38	37	Floor	4013	0	505
tanh	38	37	HalfAwayFromZero	4013	0	505
tanh	38	37	HalfToEven	4013	0	505
tanh	38	37	HalfTowardZero	4013	0	505
tanh	38	37	Trunc	4013	0	505
tanh	38	37	ZeroFiveUp	4013	0	505
tanh	38	6	AwayFromZero	250	0	4268
tanh	38	6	Ceiling	250	0	4268
tanh	38	6	Floor	250	0	4268
tanh	38	6	HalfAwayFromZero	250	0	4268
tanh	38	6	HalfToEven	250	0	4268
tanh	38	6	HalfTowardZero	250	0	4268
tanh	38	6	Trunc	250	0	4268
tanh	38	6	ZeroFiveUp	250	0	4268
tanh	38	9	AwayFromZero	608	0	3910
tanh	38	9	Ceiling	608	0	3910
tanh	38	9	Floor	608	0	3910
tanh	38	9	HalfAwayFromZero	608	0	3910
tanh	38	9	HalfToEven	608	0	3910
tanh	38	9	HalfTowardZero	608	0	3910
tanh	38	9	Trunc	608	0	3910
tanh	38	9	ZeroFiveUp	608	0	3910
tanh	462	0	AwayFromZero	46	0	4472
tanh	462	0	Ceiling	46	0	4472
tanh	462	0	Floor	46	0	4472
tanh	462	0	HalfAwayFromZero	46	0	4472
tanh	462	0	HalfToEven	46	0	4472
tanh	462	0	HalfTowardZero	46	0	4472
tanh	462	0	Trunc	46	0	4472
tanh	462	0	ZeroFiveUp	46	0	4472
tanh	462	100	AwayFromZero	4473	0	45
tanh	462	100	Ceiling	4473	0	45
tanh	462	100	Floor	4473	0	45
tanh	462	100	HalfAwayFromZero	4473	0	45
tanh	462	100	HalfToEven	4473	0	45
tanh	462	100	HalfTowardZero	4473	0	45
tanh	462	100	Trunc	4473	0	45
tanh	462	100	ZeroFiveUp	4473	0	45
tanh	462	115	AwayFromZero	4477	0	41
tanh	462	115	Ceiling	4477	0	41
tanh	462	115	Floor	4477	0	41
tanh	462	115	HalfAwayFromZero	4477	0	41
tanh	462	115	HalfToEven	4477	0	41
tanh	462	115	HalfTowardZero	4477	0	41
tanh	462	115	Trunc	4477	0	41
tanh	462	115	ZeroFiveUp	4477	0	41
tanh	462	180	AwayFromZero	4490	0	28
tanh	462	180	Ceiling	4490	0	28
tanh	462	180	Floor	4490	0	28
tanh	462	180	HalfAwayFromZero	4490	0	28
tanh	462	180	HalfToEven	4490	0	28
tanh	462	180	HalfTowardZero	4490	0	28
tanh	462	180	Trunc	4490	0	28
tanh	462	180	ZeroFiveUp	4490	0	28
tanh	462	231	AwayFromZero	4496	0	22
tanh	462	231	Ceiling	4496	0	22
tanh	462	231	Floor	4496	0	22
tanh	462	231	HalfAwayFromZero	4496	0	22
tanh	462	231	HalfToEven	4496	0	22
tanh	462	231	HalfTowardZero	4496	0	22
tanh	462	231	Trunc	4496	0	22
tanh	462	231	ZeroFiveUp	4496	0	22
tanh	462	30	AwayFromZero	4437	0	81
tanh	462	30	Ceiling	4437	0	81
tanh	462	30	Floor	4437	0	81
tanh	462	30	HalfAwayFromZero	4437	0	81
tanh	462	30	HalfToEven	4437	0	81
tanh	462	30	HalfTowardZero	4437	0	81
tanh	462	30	Trunc	4437	0	81
tanh	462	30	ZeroFiveUp	4437	0	81
tanh	462	346	AwayFromZero	4502	0	16
tanh	462	346	Ceiling	4502	0	16
tanh	462	346	Floor	4502	0	16
tanh	462	346	HalfAwayFromZero	4502	0	16
tanh	462	346	HalfToEven	4502	0	16
tanh	462	346	HalfTowardZero	4502	0	16
tanh	462	346	Trunc	4502	0	16
tanh	462	346	ZeroFiveUp	4502	0	16
tanh	462	461	AwayFromZero	3595	0	923
tanh	462	461	Ceiling	3595	0	923
tanh	462	461	Floor	3595	0	923
tanh	462	461	HalfAwayFromZero	3595	0	923
tanh	462	461	HalfToEven	3595	0	923
tanh	462	461	HalfTowardZero	3595	0	923
tanh	462	461	Trunc	3595	0	923
tanh	462	461	ZeroFiveUp	3595	0	923
tanh	57	0	AwayFromZero	46	0	4472
tanh	57	0	Ceiling	46	0	4472
tanh	57	0	Floor	46	0	4472
tanh	57	0	HalfAwayFromZero	46	0	4472
tanh	57	0	HalfToEven	46	0	4472
tanh	57	0	HalfTowardZero	46	0	4472
tanh	57	0	Trunc	46	0	4472
tanh	57	0	ZeroFiveUp	46	0	4472
tanh	57	14	AwayFromZero	972	0	3546
tanh	57	14	Ceiling	972	0	3546
tanh	57	14	Floor	972	0	3546
tanh	57	14	HalfAwayFromZero	972	0	3546
tanh	57	14	HalfToEven	972	0	3546
tanh	57	14	HalfTowardZero	972	0	3546
tanh	57	14	Trunc	972	0	3546
tanh	57	14	ZeroFiveUp	972	0	3546
tanh	57	20	AwayFromZero	1374	0	3144
tanh	57	20	Ceiling	1374	0	3144
tanh	57	20	Floor	1374	0	3144
tanh	57	20	HalfAwayFromZero	1374	0	3144
tanh	57	20	HalfToEven	1374	0	3144
tanh	57	20	HalfTowardZero	1374	0	3144
tanh	57	20	Trunc	1374	0	3144
tanh	57	20	ZeroFiveUp	1374	0	3144
tanh	57	28	AwayFromZero	4154	0	364
tanh	57	28	Ceiling	4154	0	364
tanh	57	28	Floor	4154	0	364
tanh	57	28	HalfAwayFromZero	4154	0	364
tanh	57	28	HalfToEven	4154	0	364
tanh	57	28	HalfTowardZero	4154	0	364
tanh	57	28	Trunc	4154	0	364
tanh	57	28	ZeroFiveUp	4154	0	364
tanh	57	30	AwayFromZero	4437	0	81
tanh	57	30	Ceiling	4437	0	81
tanh	57	30	Floor	4437	0	81
tanh	57	30	HalfAwayFromZero	4437	0	81
tanh	57	30	HalfToEven	4437	0	81
tanh	57	30	HalfTowardZero	4437	0	81
tanh	57	30	Trunc	4437	0	81
tanh	57	30	ZeroFiveUp	4437	0	81
tanh	57	42	AwayFromZero	4461	0	57
tanh	57	42	Ceiling	4461	0	57
tanh	57	42	Floor	4461	0	57
tanh	57	42	HalfAwayFromZero	4461	0	57
tanh	57	42	HalfToEven	4461	0	57
tanh	57	42	HalfTowardZero	4461	0	57
tanh	57	42	Trunc	4461	0	57
tanh	57	42	ZeroFiveUp	4461	0	57
tanh	57	56	AwayFromZero	4312	0	206
tanh	57	56	Ceiling	4312	0	206
tanh	57	56	Floor	4312	0	206
tanh	57	56	HalfAwayFromZero	4312	0	206
tanh	57	56	HalfToEven	4312	0	206
tanh	57	56	HalfTowardZero	4312	0	206
tanh	57	56	Trunc	4312	0	206
tanh	57	56	ZeroFiveUp	4312	0	206
tanh	616	0	AwayFromZero	46	0	4472
tanh	616	0	Ceiling	46	0	4472
tanh	616	0	Floor	46	0	4472
tanh	616	0	HalfAwayFromZero	46	0	4472
tanh	616	0	HalfToEven	46	0	4472
tanh	616	0	HalfTowardZero	46	0	4472
tanh	616	0	Trunc	46	0	4472
tanh	616	0	ZeroFiveUp	46	0	4472
tanh	616	130	AwayFromZero	4480	0	38
tanh	616	130	Ceiling	4480	0	38
tanh	616	130	Floor	4480	0	38
tanh	616	130	HalfAwayFromZero	4480	0	38
tanh	616	130	HalfToEven	4480	0	38
tanh	616	130	HalfTowardZero	4480	0	38
tanh	616	130	Trunc	4480	0	38
tanh	616	130	ZeroFiveUp	4480	0	38
tanh	616	154	AwayFromZero	4486	0	32
tanh	616	154	Ceiling	4486	0	32
tanh	616	154	Floor	4486	0	32
tanh	616	154	HalfAwayFromZero	4486	0	32
tanh	616	154	HalfToEven	4486	0	32
tanh	616	154	HalfTowardZero	4486	0	32
tanh	616	154	Trunc	4486	0	32
tanh	616	154	ZeroFiveUp	4486	0	32
tanh	616	240	AwayFromZero	4496	0	22
tanh	616	240	Ceiling	4496	0	22
tanh	616	240	Floor	4496	0	22
tanh	616	240	HalfAwayFromZero	4496	0	22
tanh	616	240	HalfToEven	4496	0	22
tanh	616	240	HalfTowardZero	4496	0	22
tanh	616	240	Trunc	4496	0	22
tanh	616	240	ZeroFiveUp	4496	0	22
tanh	616	30	AwayFromZero	4437	0	81
tanh	616	30	Ceiling	4437	0	81
tanh	616	30	Floor	4437	0	81
tanh	616	30	HalfAwayFromZero	4437	0	81
tanh	616	30	HalfToEven	4437	0	81
tanh	616	30	HalfTowardZero	4437	0	81
tanh	616	30	Trunc	4437	0	81
tanh	616	30	ZeroFiveUp	4437	0	81
tanh	616	308	AwayFromZero	4500	0	18
tanh	616	308	Ceiling	4500	0	18
tanh	616	308	Floor	4500	0	18
tanh	616	308	HalfAwayFromZero	4500	0	18
tanh	616	308	HalfToEven	4500	0	18
tanh	616	308	HalfTowardZero	4500	0	18
tanh	616	308	Trunc	4500	0	18
tanh	616	308	ZeroFiveUp	4500	0	18
tanh	616	462	AwayFromZero	4506	0	12
tanh	616	462	Ceiling	4506	0	12
tanh	616	462	Floor	4506	0	12
tanh	616	462	HalfAwayFromZero	4506	0	12
tanh	616	462	HalfToEven	4506	0	12
tanh	616	462	HalfTowardZero	4506	0	12
tanh	616	462	Trunc	4506	0	12
tanh	616	462	ZeroFiveUp	4506	0	12
tanh	616	590	AwayFromZero	4506	0	12
tanh	616	590	Ceiling	4506	0	12
tanh	616	590	Floor	4506	0	12
tanh	616	590	HalfAwayFromZero	4506	0	12
tanh	616	590	HalfToEven	4506	0	12
tanh	616	590	HalfTowardZero	4506	0	12
tanh	616	590	Trunc	4506	0	12
tanh	616	590	ZeroFiveUp	4506	0	12
tanh	616	615	AwayFromZero	3997	0	521
tanh	616	615	Ceiling	3997	0	521
tanh	616	615	Floor	3997	0	521
tanh	616	615	HalfAwayFromZero	3997	0	521
tanh	616	615	HalfToEven	3997	0	521
tanh	616	615	HalfTowardZero	3997	0	521
tanh	616	615	Trunc	3997	0	521
tanh	616	615	ZeroFiveUp	3997	0	521
tanh	76	0	AwayFromZero	46	0	4472
tanh	76	0	Ceiling	46	0	4472
tanh	76	0	Floor	46	0	4472
tanh	76	0	HalfAwayFromZero	46	0	4472
tanh	76	0	HalfToEven	46	0	4472
tanh	76	0	HalfTowardZero	46	0	4472
tanh	76	0	Trunc	46	0	4472
tanh	76	0	ZeroFiveUp	46	0	4472
tanh	76	18	AwayFromZero	1110	0	3408
tanh	76	18	Ceiling	1110	0	3408
tanh	76	18	Floor	1110	0	3408
tanh	76	18	HalfAwayFromZero	1110	0	3408
tanh	76	18	HalfToEven	1110	0	3408
tanh	76	18	HalfTowardZero	1110	0	3408
tanh	76	18	Trunc	1110	0	3408
tanh	76	18	ZeroFiveUp	1110	0	3408
tanh	76	19	AwayFromZero	1374	0	3144
tanh	76	19	Ceiling	1374	0	3144
tanh	76	19	Floor	1374	0	3144
tanh	76	19	HalfAwayFromZero	1374	0	3144
tanh	76	19	HalfToEven	1374	0	3144
tanh	76	19	HalfTowardZero	1374	0	3144
tanh	76	19	Trunc	1374	0	3144
tanh	76	19	ZeroFiveUp	1374	0	3144
tanh	76	38	AwayFromZero	4459	0	59
tanh	76	38	Ceiling	4459	0	59
tanh	76	38	Floor	4459	0	59
tanh	76	38	HalfAwayFromZero	4459	0	59
tanh	76	38	HalfToEven	4459	0	59
tanh	76	38	HalfTowardZero	4459	0	59
tanh	76	38	Trunc	4459	0	59
tanh	76	38	ZeroFiveUp	4459	0	59
tanh	76	40	AwayFromZero	4459	0	59
tanh	76	40	Ceiling	4459	0	59
tanh	76	40	Floor	4459	0	59
tanh	76	40	HalfAwayFromZero	4459	0	59
tanh	76	40	HalfToEven	4459	0	59
tanh	76	40	HalfTowardZero	4459	0	59
tanh	76	40	Trunc	4459	0	59
tanh	76	40	ZeroFiveUp	4459	0	59
tanh	76	57	AwayFromZero	4465	0	53
tanh	76	57	Ceiling	4465	0	53
tanh	76	57	Floor	4465	0	53
tanh	76	57	HalfAwayFromZero	4465	0	53
tanh	76	57	HalfToEven	4465	0	53
tanh	76	57	HalfTowardZero	4465	0	53
tanh	76	57	Trunc	4465	0	53
tanh	76	57	ZeroFiveUp	4465	0	53
tanh	76	75	AwayFromZero	4342	0	176
tanh	76	75	Ceiling	4342	0	176
tanh	76	75	Floor	4342	0	176
tanh	76	75	HalfAwayFromZero	4342	0	176
tanh	76	75	HalfToEven	4342	0	176
tanh	76	75	HalfTowardZero	4342	0	176
tanh	76	75	Trunc	4342	0	176
tanh	76	75	ZeroFiveUp	4342	0	176
tanh	924	0	AwayFromZero	46	0	4472
tanh	924	0	Ceiling	46	0	4472
tanh	924	0	Floor	46	0	4472
tanh	924	0	HalfAwayFromZero	46	0	4472
tanh	924	0	HalfToEven	46	0	4472
tanh	924	0	HalfTowardZero	46	0	4472
tanh	924	0	Trunc	46	0	4472
tanh	924	0	ZeroFiveUp	46	0	4472
tanh	924	180	AwayFromZero	4490	0	28
tanh	924	180	Ceiling	4490	0	28
tanh	924	180	Floor	4490	0	28
tanh	924	180	HalfAwayFromZero	4490	0	28
tanh	924	180	HalfToEven	4490	0	28
tanh	924	180	HalfTowardZero	4490	0	28
tanh	924	180	Trunc	4490	0	28
tanh	924	180	ZeroFiveUp	4490	0	28
tanh	924	231	AwayFromZero	4496	0	22
tanh	924	231	Ceiling	4496	0	22
tanh	924	231	Floor	4496	0	22
tanh	924	231	HalfAwayFromZero	4496	0	22
tanh	924	231	HalfToEven	4496	0	22
tanh	924	231	HalfTowardZero	4496	0	22
tanh	924	231	Trunc	4496	0	22
tanh	924	231	ZeroFiveUp	4496	0	22
tanh	924	30	AwayFromZero	4437	0	81
tanh	924	30	Ceiling	4437	0	81
tanh	924	30	Floor	4437	0	81
tanh	924	30	HalfAwayFromZero	4437	0	81
tanh	924	30	HalfToEven	4437	0	81
tanh	924	30	HalfTowardZero	4437	0	81
tanh	924	30	Trunc	4437	0	81
tanh	924	30	ZeroFiveUp	4437	0	81
tanh	924	350	AwayFromZero	4502	0	16
tanh	924	350	Ceiling	4502	0	16
tanh	924	350	Floor	4502	0	16
tanh	924	350	HalfAwayFromZero	4502	0	16
tanh	924	350	HalfToEven	4502	0	16
tanh	924	350	HalfTowardZero	4502	0	16
tanh	924	350	Trunc	4502	0	16
tanh	924	350	ZeroFiveUp	4502	0	16
tanh	924	462	AwayFromZero	4506	0	12
tanh	924	462	Ceiling	4506	0	12
tanh	924	462	Floor	4506	0	12
tanh	924	462	HalfAwayFromZero	4506	0	12
tanh	924	462	HalfToEven	4506	0	12
tanh	924	462	HalfTowardZero	4506	0	12
tanh	924	462	Trunc	4506	0	12
tanh	924	462	ZeroFiveUp	4506	0	12
tanh	924	693	AwayFromZero	4512	0	6
tanh	924	693	Ceiling	4512	0	6
tanh	924	693	Floor	4512	0	6
tanh	924	693	HalfAwayFromZero	4512	0	6
tanh	924	693	HalfToEven	4512	0	6
tanh	924	693	HalfTowardZero	4512	0	6
tanh	924	693	Trunc	4512	0	6
tanh	924	693	ZeroFiveUp	4512	0	6
tanh	924	900	AwayFromZero	4512	0	6
tanh	924	900	Ceiling	4512	0	6
tanh	924	900	Floor	4512	0	6
tanh	924	900	HalfAwayFromZero	4512	0	6
tanh	924	900	HalfToEven	4512	0	6
tanh	924	900	HalfTowardZero	4512	0	6
tanh	924	900	Trunc	4512	0	6
tanh	924	900	ZeroFiveUp	4512	0	6
tanh	924	923	AwayFromZero	4363	0	155
tanh	924	923	Ceiling	4363	0	155
tanh	924	923	Floor	4363	0	155
tanh	924	923	HalfAwayFromZero	4363	0	155
tanh	924	923	HalfToEven	4363	0	155
tanh	924	923	HalfTowardZero	4363	0	155
tanh	924	923	Trunc	4363	0	155
tanh	924	923	ZeroFiveUp	4363	0	155
